# Blender 4.3.2
# www.blender.org
mtllib triMug.mtl
o tripo_node_a8b6dceb-8722-4b96-b0ed-70b8bbf37a77
v 0.105928 0.243890 -0.329425
v 0.044273 -0.001973 -0.351724
v 0.084371 -0.011836 -0.328862
v 0.106784 0.008972 -0.310827
v 0.117076 0.207341 -0.321314
v 0.105627 -0.046396 -0.307422
v 0.027195 -0.361121 0.017783
v 0.085116 -0.369197 -0.017329
v 0.093353 -0.423849 -0.043054
v -0.111453 -0.425470 0.054133
v -0.006087 -0.361946 -0.051989
v -0.077223 -0.426084 -0.086895
v -0.089568 -0.113755 -0.297980
v -0.025355 -0.008583 -0.354668
v -0.053207 0.189038 -0.343469
v -0.078267 0.010765 -0.314083
v -0.050245 -0.005245 -0.333450
v -0.086131 0.264055 -0.331497
v 0.091577 0.246958 -0.348527
v 0.084892 0.254851 -0.349161
v 0.106801 0.264105 -0.326949
v 0.161558 0.255327 -0.299857
v 0.140638 0.223294 -0.309959
v 0.095158 0.236545 -0.345630
v 0.030730 0.000169 -0.352750
v 0.030549 0.009424 -0.344387
v 0.048919 0.004351 -0.345171
v 0.051657 -0.016439 -0.358163
v 0.033214 -0.018303 -0.362463
v 0.062907 -0.014124 -0.353385
v 0.101035 -0.060696 -0.348647
v 0.100346 -0.050483 -0.354008
v 0.082846 -0.010983 -0.333820
v 0.088365 0.031644 -0.316997
v 0.095294 -0.038034 -0.329098
v 0.090526 -0.078425 -0.346806
v 0.138518 0.021057 -0.297535
v 0.091511 -0.056915 -0.319601
v 0.096945 0.081522 -0.319441
v 0.122068 0.077736 -0.309814
v 0.154463 0.080668 -0.293833
v 0.095602 0.222463 -0.342362
v 0.150747 0.182980 -0.301781
v 0.112371 0.180271 -0.321284
v 0.091268 0.208187 -0.343366
v 0.098697 -0.076871 -0.302631
v 0.022006 -0.102476 -0.314356
v 0.024131 -0.090413 -0.322017
v 0.026319 -0.087876 -0.328865
v 0.016559 -0.360386 0.016484
v 0.024794 -0.362231 0.037438
v 0.037666 -0.363936 0.031821
v 0.047329 -0.365037 0.022027
v 0.032882 -0.361484 0.008896
v 0.020107 -0.360288 0.002072
v 0.079384 -0.369092 -0.031444
v 0.064116 -0.367706 -0.015298
v 0.080830 -0.368978 -0.003417
v 0.109377 -0.368601 -0.002949
v 0.107848 -0.368718 -0.021766
v 0.044267 -0.419319 0.054501
v 0.026376 -0.419102 0.056182
v 0.024295 -0.419184 0.026538
v 0.048055 -0.419304 0.035601
v 0.077585 -0.422726 -0.054592
v 0.108366 -0.433553 -0.078508
v 0.122405 -0.433372 -0.053955
v 0.093570 -0.422301 -0.024490
v 0.066218 -0.420204 -0.030913
v 0.131621 -0.433172 -0.027114
v -0.134498 -0.434441 0.067679
v -0.145517 -0.435042 0.042129
v -0.113117 -0.424137 0.033994
v -0.095920 -0.423296 0.065511
v -0.119802 -0.434615 0.091076
v -0.085912 -0.419602 0.037971
v -0.085390 -0.365062 0.049693
v -0.068657 -0.365520 0.065342
v -0.055905 -0.361911 0.028084
v -0.090615 -0.364910 0.024659
v -0.196323 -0.298505 -0.068224
v -0.194522 -0.306669 -0.055745
v -0.170227 -0.330632 -0.058778
v -0.184331 -0.307057 -0.075617
v -0.017960 -0.360914 -0.041892
v -0.005593 -0.360399 -0.029887
v 0.004841 -0.361406 -0.044979
v 0.011055 -0.366720 -0.073516
v -0.008037 -0.366367 -0.075968
v -0.028391 -0.365610 -0.070428
v -0.087335 -0.424431 -0.071556
v -0.114567 -0.434723 -0.091106
v -0.094222 -0.434364 -0.108254
v -0.072422 -0.434911 -0.122141
v -0.059079 -0.424675 -0.089974
v -0.061541 -0.420919 -0.064115
v -0.127938 -0.069650 -0.291914
v -0.093022 -0.064204 -0.306605
v -0.062069 -0.095448 -0.309728
v -0.164426 -0.117181 -0.263024
v -0.181010 -0.076215 -0.261134
v 0.007574 -0.135492 -0.306978
v 0.002029 -0.169071 -0.300152
v -0.083882 -0.161671 -0.289138
v -0.153571 -0.160459 -0.259279
v 0.015493 -0.117794 -0.310328
v -0.028586 -0.022142 -0.362250
v -0.040866 -0.022853 -0.359345
v -0.031862 -0.004106 -0.349538
v -0.014048 -0.003877 -0.354023
v -0.013232 -0.020978 -0.363995
v -0.016011 0.004665 -0.346860
v -0.044577 0.200714 -0.359311
v -0.034199 0.191939 -0.358368
v -0.046851 0.166279 -0.336398
v -0.087080 0.155590 -0.326341
v -0.081251 0.191647 -0.330768
v -0.056637 0.209339 -0.355555
v -0.084313 -0.030222 -0.312729
v -0.107613 -0.029927 -0.303656
v -0.113988 0.010887 -0.302580
v -0.051730 0.030418 -0.320756
v -0.049857 0.011282 -0.322721
v -0.066389 -0.008072 -0.319265
v -0.074787 -0.033516 -0.317591
v -0.063887 -0.019912 -0.327772
v -0.063664 -0.029459 -0.349014
v -0.069106 -0.038520 -0.343195
v -0.044135 -0.003381 -0.339104
v -0.058289 -0.026047 -0.352256
v -0.069603 0.256880 -0.337585
v -0.080979 0.242925 -0.333490
v -0.122148 0.251821 -0.319125
v -0.127838 0.283261 -0.318560
v -0.076525 0.285918 -0.334809
v -0.057113 0.268761 -0.340459
v -0.038003 0.297676 -0.342319
v -0.032415 0.280410 -0.343300
v -0.026627 0.268597 -0.352026
v -0.048478 0.261378 -0.349066
v -0.060006 0.251207 -0.347549
v -0.043249 0.261949 -0.367417
v -0.055503 0.253794 -0.367522
v -0.062683 0.242682 -0.367652
v -0.065310 0.238931 -0.347462
v -0.061968 0.229724 -0.370799
v -0.064877 0.223371 -0.350854
v -0.084918 0.219317 -0.331426
v -0.129685 0.217361 -0.315130
v -0.131762 0.183204 -0.313574
v -0.182129 0.179026 -0.288524
v -0.183692 0.217165 -0.288959
v -0.132830 0.145546 -0.310369
v -0.178316 0.139489 -0.286620
v -0.221786 0.136253 -0.254089
v -0.227005 0.177121 -0.255001
v -0.130004 0.102892 -0.306840
v -0.172314 0.097803 -0.284268
v -0.215175 0.094728 -0.252342
v -0.254649 0.092953 -0.213167
v -0.260606 0.134814 -0.213551
v -0.164820 0.054581 -0.282077
v -0.208575 0.052358 -0.251771
v -0.248955 0.050634 -0.213579
v -0.282035 0.049822 -0.166566
v -0.286518 0.092346 -0.165350
v -0.201858 0.009808 -0.253546
v -0.243428 0.007785 -0.215688
v -0.277361 0.006870 -0.168567
v -0.302455 0.006732 -0.114965
v -0.306229 0.049670 -0.112911
v -0.236068 -0.035240 -0.217956
v -0.271770 -0.036213 -0.170705
v -0.297837 -0.036322 -0.117030
v -0.313495 -0.036257 -0.059321
v -0.317696 0.006852 -0.057118
v -0.265158 -0.079033 -0.172503
v -0.292364 -0.079342 -0.118961
v -0.308890 -0.079472 -0.061587
v -0.315212 -0.079734 -0.002333
v -0.318848 -0.036251 0.000275
v -0.284608 -0.122066 -0.120141
v -0.301904 -0.122510 -0.063616
v -0.308290 -0.122855 -0.005074
v -0.303148 -0.122918 0.053685
v -0.309637 -0.079806 0.057122
v -0.294207 -0.165604 -0.065653
v -0.300999 -0.165707 -0.007926
v -0.295741 -0.165535 0.050033
v -0.280495 -0.165206 0.106383
v -0.286529 -0.122483 0.110543
v -0.293065 -0.208580 -0.010327
v -0.288553 -0.208275 0.046655
v -0.273688 -0.207906 0.101887
v -0.248664 -0.207703 0.153176
v -0.254277 -0.164693 0.158650
v -0.280105 -0.250759 0.043267
v -0.266514 -0.250667 0.097218
v -0.242421 -0.250819 0.147057
v -0.208709 -0.250955 0.190936
v -0.213886 -0.207629 0.198261
v -0.261474 -0.294245 0.093212
v -0.238042 -0.294618 0.141904
v -0.205295 -0.294926 0.185050
v -0.164791 -0.294951 0.221573
v -0.167105 -0.250820 0.227746
v -0.230817 -0.337792 0.134813
v -0.199649 -0.338146 0.176601
v -0.160463 -0.338098 0.212134
v -0.114591 -0.337567 0.239939
v -0.117366 -0.294401 0.249892
v -0.192250 -0.378844 0.166815
v -0.154710 -0.378369 0.200269
v -0.111400 -0.378198 0.228198
v -0.062012 -0.377328 0.246795
v -0.063238 -0.336649 0.258557
v -0.147523 -0.408353 0.187444
v -0.106709 -0.408077 0.213837
v -0.059967 -0.407294 0.231554
v -0.009550 -0.406623 0.238739
v -0.008855 -0.376381 0.254141
v -0.101960 -0.424894 0.200420
v -0.057894 -0.424710 0.217239
v -0.010014 -0.424827 0.224044
v 0.038893 -0.425192 0.220391
v 0.042011 -0.406377 0.235178
v -0.056076 -0.435897 0.204483
v -0.010382 -0.436363 0.211089
v 0.036214 -0.436893 0.207340
v 0.081132 -0.437507 0.193306
v 0.086533 -0.425121 0.206555
v -0.010611 -0.445027 0.198700
v 0.033677 -0.445738 0.194612
v 0.076023 -0.446783 0.180733
v 0.114372 -0.447135 0.158290
v 0.121933 -0.437343 0.169824
v 0.031313 -0.452309 0.182771
v 0.071191 -0.452648 0.169026
v 0.106927 -0.452811 0.147133
v 0.137927 -0.453079 0.119065
v 0.147294 -0.447537 0.128664
v 0.066287 -0.448576 0.157245
v 0.099952 -0.448317 0.136728
v 0.128678 -0.448781 0.109731
v 0.150455 -0.449543 0.078010
v 0.162050 -0.453192 0.085636
v 0.092984 -0.439907 0.126369
v 0.119835 -0.440445 0.100678
v 0.139834 -0.441503 0.070872
v 0.152656 -0.442161 0.039277
v 0.164657 -0.449997 0.044480
v 0.107124 -0.432918 0.087892
v 0.124327 -0.433066 0.060979
v 0.133940 -0.433307 0.031948
v 0.135713 -0.433052 0.001566
v 0.156310 -0.441788 0.005147
v 0.092237 -0.422451 0.041369
v 0.098484 -0.422439 0.018490
v 0.098465 -0.422370 -0.004274
v 0.061517 -0.419567 0.005054
v 0.063437 -0.419790 -0.012289
v 0.036363 -0.419402 -0.003835
v 0.042424 -0.419590 -0.020860
v 0.049240 -0.420023 -0.040632
v 0.033838 -0.420014 -0.051815
v 0.048745 -0.423558 -0.083370
v 0.065113 -0.423223 -0.069718
v 0.025331 -0.419506 -0.028755
v 0.009072 -0.419454 -0.035137
v 0.016976 -0.420055 -0.061041
v 0.018717 -0.419340 -0.009456
v 0.002676 -0.419277 -0.013496
v -0.013852 -0.419204 -0.016347
v -0.008158 -0.419395 -0.038813
v 0.012366 -0.419243 0.008527
v -0.003171 -0.419184 0.007169
v -0.019256 -0.419112 0.005178
v -0.037700 -0.419017 0.002391
v -0.032683 -0.419123 -0.018581
v -0.007798 -0.419025 0.031324
v -0.024323 -0.418963 0.030472
v -0.042477 -0.418917 0.025976
v -0.062193 -0.418924 0.020569
v -0.058565 -0.418951 -0.000964
v -0.030486 -0.418952 0.064153
v -0.049513 -0.418964 0.055801
v -0.067369 -0.419116 0.046269
v -0.084682 -0.419221 0.015964
v -0.062080 -0.423001 0.093446
v -0.081421 -0.423226 0.080884
v -0.074916 -0.434536 0.127501
v -0.099551 -0.434593 0.110725
v -0.080457 -0.441649 0.142726
v -0.107850 -0.441493 0.124140
v -0.130658 -0.441785 0.101889
v -0.114371 -0.449819 0.134623
v -0.138924 -0.449546 0.110445
v -0.157721 -0.449413 0.082629
v -0.147991 -0.441855 0.076020
v -0.170336 -0.449514 0.052127
v -0.159563 -0.441415 0.047587
v -0.177121 -0.449646 0.018939
v -0.165566 -0.441601 0.016860
v -0.150717 -0.435289 0.014679
v -0.165062 -0.441892 -0.015099
v -0.150341 -0.435506 -0.014245
v -0.117993 -0.424436 -0.010751
v -0.117943 -0.424385 0.012848
v -0.083687 -0.419186 -0.005402
v -0.112394 -0.424452 -0.034168
v -0.078811 -0.419419 -0.026050
v -0.053759 -0.419094 -0.021308
v -0.070117 -0.419984 -0.045299
v -0.047463 -0.419369 -0.041536
v -0.027130 -0.419339 -0.039992
v -0.041583 -0.420089 -0.064066
v -0.022116 -0.420013 -0.066144
v -0.002169 -0.420038 -0.065858
v -0.019342 -0.424966 -0.101258
v 0.004684 -0.424550 -0.100317
v 0.028417 -0.424032 -0.094108
v 0.011701 -0.433983 -0.134274
v 0.040892 -0.433555 -0.126303
v 0.067323 -0.433430 -0.114375
v 0.048688 -0.441111 -0.144933
v 0.078819 -0.441374 -0.131113
v 0.104712 -0.441174 -0.111921
v 0.090209 -0.433254 -0.097946
v 0.125730 -0.441233 -0.088241
v 0.115825 -0.449497 -0.121179
v 0.138445 -0.449461 -0.094710
v 0.155423 -0.450046 -0.063452
v 0.141934 -0.441364 -0.059927
v 0.166922 -0.449938 -0.029044
v 0.152326 -0.441359 -0.028547
v 0.170451 -0.450153 0.007989
v 0.180965 -0.453891 -0.029490
v 0.184321 -0.453791 0.010598
v 0.177839 -0.453149 0.049854
v 0.197730 -0.447864 0.013026
v 0.190661 -0.447616 0.055083
v 0.173166 -0.447951 0.093310
v 0.202773 -0.438372 0.060144
v 0.184564 -0.438134 0.101420
v 0.157302 -0.437867 0.138947
v 0.196913 -0.425542 0.110205
v 0.167953 -0.424717 0.150258
v 0.130283 -0.424594 0.182682
v 0.178457 -0.405167 0.161500
v 0.138750 -0.405307 0.195929
v 0.092296 -0.405991 0.220871
v 0.146252 -0.374588 0.208126
v 0.097863 -0.375077 0.234518
v 0.045336 -0.375840 0.250177
v 0.102124 -0.334885 0.245055
v 0.047951 -0.335208 0.261199
v -0.008077 -0.335702 0.265517
v 0.050211 -0.292569 0.270383
v -0.007365 -0.292834 0.274679
v -0.064144 -0.293533 0.268009
v -0.006693 -0.249520 0.280582
v -0.064292 -0.249845 0.273643
v -0.118609 -0.250426 0.256050
v -0.065035 -0.206959 0.282035
v -0.120803 -0.207222 0.264378
v -0.170690 -0.207387 0.235544
v -0.122587 -0.164027 0.271880
v -0.174310 -0.164077 0.243308
v -0.218426 -0.164363 0.204818
v -0.176679 -0.120812 0.249046
v -0.222403 -0.121223 0.210558
v -0.259113 -0.121780 0.163459
v -0.226023 -0.078044 0.215680
v -0.264223 -0.078890 0.168279
v -0.292571 -0.079551 0.114724
v -0.266281 -0.035677 0.171098
v -0.295080 -0.036196 0.117549
v -0.312618 -0.036289 0.059879
v -0.298002 0.006964 0.120702
v -0.316107 0.006928 0.062826
v -0.322522 0.006954 0.002828
v -0.318523 0.050096 0.065493
v -0.325531 0.049996 0.005243
v -0.321057 0.049795 -0.054980
v -0.327908 0.092784 0.007357
v -0.323760 0.092463 -0.053086
v -0.309886 0.092269 -0.111317
v -0.327293 0.134776 -0.051615
v -0.313989 0.134538 -0.110167
v -0.291580 0.134454 -0.164798
v -0.319296 0.176541 -0.109101
v -0.297013 0.176353 -0.164194
v -0.266429 0.176350 -0.213792
v -0.300038 0.218524 -0.162192
v -0.269784 0.218031 -0.212217
v -0.229682 0.217540 -0.253674
v -0.272134 0.259783 -0.210201
v -0.232310 0.257811 -0.252861
v -0.183917 0.254832 -0.289574
v -0.235183 0.298201 -0.252196
v -0.186727 0.292529 -0.288991
v -0.238229 0.335891 -0.251827
v -0.191719 0.330847 -0.288883
v -0.138214 0.323789 -0.317508
v -0.194661 0.358676 -0.287744
v -0.144066 0.355000 -0.315892
v -0.093762 0.351712 -0.334555
v -0.086818 0.320154 -0.335034
v -0.047398 0.347680 -0.344011
v -0.043538 0.321606 -0.343393
v -0.001037 0.346556 -0.346993
v -0.000195 0.324002 -0.346286
v 0.000986 0.303125 -0.344911
v 0.045659 0.325113 -0.343327
v 0.042978 0.302500 -0.342314
v 0.040423 0.283758 -0.342761
v 0.002094 0.284771 -0.344824
v 0.037890 0.270669 -0.352532
v 0.003615 0.271797 -0.354466
v 0.036901 0.270393 -0.370112
v 0.004517 0.270838 -0.371825
v -0.023626 0.267856 -0.369582
v 0.005586 0.271660 -0.393659
v -0.019036 0.269921 -0.393258
v -0.037006 0.266666 -0.393011
v -0.013454 0.270950 -0.429777
v -0.031027 0.268994 -0.430451
v -0.046143 0.265242 -0.430548
v -0.051193 0.261007 -0.392999
v -0.057691 0.257456 -0.431358
v -0.060414 0.251272 -0.394634
v -0.060099 0.243979 -0.431860
v -0.060385 0.238823 -0.397238
v -0.050458 0.233036 -0.432148
v -0.051026 0.229430 -0.399209
v -0.053133 0.219839 -0.373992
v -0.038435 0.223507 -0.400169
v -0.041304 0.213377 -0.375254
v -0.024094 0.219705 -0.400152
v -0.027937 0.208550 -0.374926
v -0.005624 0.217032 -0.399516
v -0.010154 0.203474 -0.373011
v -0.015029 0.179569 -0.355899
v 0.012105 0.198815 -0.370047
v 0.009507 0.172138 -0.352680
v 0.007762 0.154685 -0.337048
v -0.018928 0.159937 -0.338324
v 0.006725 0.127342 -0.334085
v -0.023210 0.125953 -0.333068
v -0.054159 0.120645 -0.329399
v -0.090760 0.110210 -0.321228
v -0.025119 0.079259 -0.328904
v -0.056099 0.068491 -0.323752
v -0.086300 0.060694 -0.315724
v -0.122719 0.057209 -0.302905
v -0.157066 0.011606 -0.283253
v -0.146682 -0.029903 -0.286090
v -0.193382 -0.032979 -0.256914
v -0.227335 -0.078249 -0.220112
v -0.216415 -0.120030 -0.220169
v -0.256014 -0.121324 -0.172679
v -0.208002 -0.162828 -0.220197
v -0.248950 -0.164534 -0.173990
v -0.276958 -0.165265 -0.121571
v -0.239386 -0.208250 -0.172728
v -0.268067 -0.208593 -0.121864
v -0.285639 -0.208541 -0.067043
v -0.258733 -0.251921 -0.120882
v -0.276315 -0.251485 -0.067531
v -0.283659 -0.251128 -0.012244
v -0.268961 -0.294952 -0.067427
v -0.276959 -0.294492 -0.013598
v -0.274324 -0.294101 0.040595
v -0.266706 -0.337400 -0.014494
v -0.264841 -0.337199 0.037435
v -0.253076 -0.337429 0.087930
v -0.254189 -0.378242 0.034085
v -0.242978 -0.378471 0.082375
v -0.221699 -0.378710 0.126991
v -0.229328 -0.408325 0.076202
v -0.209891 -0.408656 0.118193
v -0.182150 -0.408680 0.155520
v -0.198144 -0.425843 0.110092
v -0.172403 -0.425495 0.145160
v -0.140315 -0.424797 0.175724
v -0.164145 -0.435669 0.136554
v -0.133929 -0.435492 0.165294
v -0.097672 -0.435646 0.188683
v -0.127589 -0.443875 0.155299
v -0.093444 -0.444132 0.177423
v -0.054133 -0.444679 0.192150
v -0.089208 -0.450715 0.166220
v -0.052232 -0.451459 0.180357
v -0.010910 -0.451719 0.186622
v -0.049865 -0.449643 0.167491
v -0.011021 -0.450270 0.173544
v 0.028812 -0.449432 0.170129
v -0.011119 -0.441341 0.161110
v 0.026497 -0.440899 0.158130
v 0.061620 -0.440515 0.145966
v 0.023575 -0.433363 0.141796
v 0.055240 -0.432986 0.130518
v 0.083576 -0.432892 0.112448
v 0.041441 -0.422751 0.096410
v 0.063628 -0.422724 0.082464
v 0.080955 -0.422594 0.063326
v 0.056190 -0.419425 0.020863
v 0.029633 -0.419293 0.010827
v 0.007680 -0.419110 0.028236
v 0.009094 -0.419061 0.064144
v -0.010119 -0.419018 0.067942
v 0.017122 -0.423182 0.106159
v -0.010991 -0.423437 0.109705
v -0.038631 -0.423154 0.104066
v -0.011392 -0.433712 0.144958
v -0.045509 -0.434041 0.139536
v -0.047856 -0.441131 0.155350
v -0.084520 -0.449516 0.154138
v -0.121349 -0.450829 0.145541
v -0.156037 -0.444287 0.128236
v -0.148179 -0.451525 0.119966
v -0.178082 -0.445065 0.096494
v -0.168590 -0.451647 0.090009
v -0.193117 -0.445947 0.061540
v -0.182046 -0.452264 0.057024
v -0.201080 -0.446445 0.023269
v -0.189278 -0.452702 0.021130
v -0.200876 -0.446922 -0.016249
v -0.188865 -0.452892 -0.016002
v -0.176812 -0.449802 -0.015629
v -0.181380 -0.452882 -0.051373
v -0.169323 -0.449714 -0.048460
v -0.158150 -0.442169 -0.045865
v -0.155335 -0.449535 -0.079390
v -0.144691 -0.442098 -0.074503
v -0.131589 -0.435523 -0.068470
v -0.143647 -0.435542 -0.042261
v -0.101463 -0.424499 -0.055424
v -0.126340 -0.441862 -0.099971
v -0.135865 -0.449523 -0.107421
v -0.112059 -0.449502 -0.129756
v -0.104516 -0.441751 -0.120636
v -0.084903 -0.449757 -0.147641
v -0.079434 -0.441890 -0.136788
v -0.053062 -0.449677 -0.160820
v -0.050457 -0.441936 -0.148703
v -0.047150 -0.435188 -0.131967
v -0.018018 -0.441774 -0.154355
v -0.018283 -0.434663 -0.136342
v -0.040885 -0.425036 -0.097329
v 0.015876 -0.441274 -0.152885
v -0.017775 -0.450035 -0.167364
v 0.019074 -0.449910 -0.166557
v 0.055049 -0.449958 -0.158112
v 0.022336 -0.453474 -0.180269
v 0.061485 -0.453585 -0.171434
v 0.096958 -0.453504 -0.154377
v 0.087931 -0.450025 -0.142784
v 0.127065 -0.453470 -0.130372
v 0.105631 -0.446591 -0.164907
v 0.137844 -0.446493 -0.138833
v 0.164089 -0.447102 -0.107303
v 0.151382 -0.453466 -0.101234
v 0.183438 -0.447912 -0.070531
v 0.169609 -0.453908 -0.067183
v 0.194950 -0.447883 -0.029925
v 0.197098 -0.437854 -0.073439
v 0.209041 -0.438022 -0.030080
v 0.211258 -0.438244 0.015584
v 0.223435 -0.425435 -0.029830
v 0.224938 -0.425967 0.018389
v 0.215625 -0.426211 0.065720
v 0.239610 -0.406765 0.021912
v 0.229755 -0.407016 0.072136
v 0.209639 -0.406112 0.119599
v 0.243537 -0.375483 0.079173
v 0.221228 -0.374896 0.128736
v 0.188081 -0.374281 0.172398
v 0.229599 -0.334407 0.136263
v 0.194979 -0.334341 0.180976
v 0.151965 -0.334612 0.217933
v 0.201388 -0.292330 0.189087
v 0.157035 -0.292470 0.226689
v 0.105863 -0.292530 0.254186
v 0.159648 -0.249200 0.231908
v 0.107969 -0.249222 0.259636
v 0.051663 -0.249315 0.276004
v 0.110918 -0.206598 0.268285
v 0.053290 -0.206853 0.284755
v -0.006223 -0.206864 0.288798
v 0.054491 -0.164428 0.294330
v -0.005993 -0.164226 0.297505
v -0.065806 -0.164192 0.290568
v -0.006222 -0.120908 0.304550
v -0.066866 -0.121272 0.298058
v -0.124054 -0.120908 0.278074
v -0.067914 -0.077566 0.303945
v -0.126022 -0.077606 0.284882
v -0.179192 -0.077493 0.254816
v -0.126723 -0.033556 0.288348
v -0.180098 -0.033864 0.257815
v -0.227580 -0.034742 0.218616
v -0.181855 0.009502 0.261343
v -0.229478 0.008362 0.221677
v -0.268912 0.007381 0.174417
v -0.231869 0.051584 0.224725
v -0.271413 0.050571 0.177469
v -0.300392 0.050142 0.123599
v -0.273543 0.094026 0.179787
v -0.302648 0.093367 0.126065
v -0.320764 0.093091 0.067848
v -0.305027 0.136725 0.127912
v -0.322774 0.136027 0.069620
v -0.330352 0.135294 0.009063
v -0.326550 0.178918 0.071242
v -0.334537 0.177664 0.010608
v -0.332229 0.176875 -0.050217
v -0.338200 0.220531 0.012018
v -0.335365 0.219516 -0.048478
v -0.322268 0.218935 -0.107107
v -0.337125 0.262516 -0.046769
v -0.324318 0.261511 -0.105035
v -0.302528 0.260814 -0.160117
v -0.326781 0.304007 -0.103636
v -0.305195 0.303024 -0.158668
v -0.274657 0.301369 -0.208810
v -0.308166 0.340972 -0.158184
v -0.277464 0.338925 -0.208360
v -0.309083 0.365422 -0.157483
v -0.278609 0.364026 -0.207684
v -0.239927 0.362085 -0.250976
v -0.279354 0.379676 -0.207409
v -0.241013 0.378957 -0.250555
v -0.196452 0.376966 -0.286946
v -0.242025 0.390763 -0.250289
v -0.197732 0.389199 -0.286517
v -0.148500 0.386507 -0.314838
v -0.146882 0.373628 -0.315034
v -0.098255 0.383842 -0.334271
v -0.096564 0.370409 -0.334254
v -0.050085 0.381402 -0.344629
v -0.049122 0.367217 -0.344334
v -0.001641 0.380208 -0.347997
v -0.001464 0.365868 -0.347529
v 0.048593 0.381241 -0.344718
v 0.048081 0.367534 -0.344273
v 0.047281 0.348872 -0.343939
v 0.096470 0.371820 -0.333658
v 0.094710 0.353645 -0.333720
v 0.090481 0.326206 -0.333974
v 0.141081 0.356029 -0.316224
v 0.135988 0.329109 -0.317544
v 0.124396 0.294943 -0.319985
v 0.083102 0.297549 -0.334293
v 0.073519 0.277044 -0.337270
v 0.065917 0.265620 -0.348871
v 0.080323 0.259389 -0.364496
v 0.063274 0.266215 -0.366045
v 0.075074 0.265656 -0.389445
v 0.058662 0.269200 -0.389994
v 0.035398 0.271447 -0.392030
v 0.053050 0.271182 -0.427527
v 0.032315 0.271983 -0.427722
v 0.007929 0.271882 -0.428831
v 0.030390 0.268213 -0.475399
v 0.008733 0.268133 -0.476340
v -0.011248 0.267539 -0.476762
v 0.008230 0.253021 -0.522287
v -0.011267 0.252477 -0.522193
v -0.027873 0.251293 -0.521253
v -0.028085 0.266116 -0.476326
v -0.043079 0.248584 -0.519278
v -0.043309 0.263064 -0.475328
v -0.057066 0.242755 -0.515693
v -0.056380 0.256084 -0.473633
v -0.062420 0.230088 -0.508405
v -0.060945 0.242476 -0.470653
v -0.051310 0.218952 -0.502830
v -0.050428 0.230957 -0.468314
v -0.035738 0.213396 -0.500193
v -0.035479 0.224819 -0.466981
v -0.036438 0.226649 -0.432261
v -0.018648 0.221429 -0.465921
v -0.020615 0.222988 -0.432013
v 0.001123 0.219486 -0.464861
v -0.001983 0.220708 -0.431401
v 0.024217 0.218697 -0.463855
v 0.018976 0.219985 -0.430643
v 0.016388 0.215835 -0.398438
v 0.041893 0.220741 -0.429890
v 0.038575 0.216372 -0.398018
v 0.036215 0.198797 -0.369003
v 0.058819 0.218899 -0.397269
v 0.058721 0.204742 -0.369687
v 0.061264 0.180300 -0.349291
v 0.036156 0.172838 -0.350537
v 0.062919 0.161883 -0.333888
v 0.036089 0.155634 -0.335739
v 0.066095 0.130906 -0.329337
v 0.037001 0.128615 -0.332564
v 0.067768 0.086010 -0.325997
v 0.036879 0.088056 -0.329796
v 0.006032 0.086409 -0.330915
v 0.035384 0.055531 -0.326797
v 0.005761 0.054979 -0.327661
v -0.023703 0.046853 -0.325463
v 0.005701 0.037205 -0.326893
v -0.022020 0.029597 -0.325527
v 0.005784 0.027385 -0.328092
v -0.020536 0.017814 -0.329142
v 0.005901 0.019469 -0.331387
v -0.019325 0.013566 -0.332792
v 0.006106 0.014073 -0.337650
v -0.017849 0.008878 -0.339785
v -0.038570 -0.003059 -0.344370
v -0.050486 -0.024239 -0.356298
v -0.042987 -0.045588 -0.377068
v -0.053280 -0.048486 -0.374502
v -0.062475 -0.052686 -0.370848
v -0.058191 -0.070231 -0.400861
v -0.068528 -0.077128 -0.396998
v -0.072890 -0.087241 -0.391027
v -0.068125 -0.057888 -0.366761
v -0.066550 -0.097549 -0.385337
v -0.068563 -0.066442 -0.361330
v -0.052537 -0.104301 -0.383250
v -0.060673 -0.076950 -0.356713
v -0.066774 -0.051996 -0.338796
v -0.045077 -0.086822 -0.355928
v -0.054217 -0.067697 -0.338206
v -0.060811 -0.059359 -0.326033
v -0.069428 -0.037982 -0.324484
v -0.068492 -0.057288 -0.319124
v -0.030118 -0.079983 -0.329141
v -0.037857 -0.082772 -0.320227
v -0.048495 -0.087638 -0.315370
v -0.078480 -0.060330 -0.313232
v -0.023065 -0.085335 -0.342602
v 0.023374 -0.091730 -0.343329
v -0.016923 -0.096995 -0.358920
v 0.025792 -0.100781 -0.360119
v 0.065102 -0.094029 -0.353377
v 0.073216 -0.077654 -0.332935
v 0.028221 -0.112180 -0.384414
v 0.060153 -0.109884 -0.380318
v 0.083503 -0.105525 -0.376656
v 0.058949 -0.123537 -0.423315
v 0.080351 -0.122022 -0.421236
v 0.098285 -0.118189 -0.420170
v 0.101041 -0.098030 -0.376013
v 0.111383 -0.109048 -0.421476
v 0.109330 -0.085911 -0.381345
v 0.111295 -0.093668 -0.424569
v 0.103666 -0.074413 -0.388676
v 0.093859 -0.045794 -0.361063
v 0.091762 -0.067257 -0.393888
v 0.083307 -0.043077 -0.366815
v 0.073321 -0.012051 -0.346882
v 0.078374 -0.010761 -0.341536
v 0.054091 0.010683 -0.332463
v 0.056615 0.017286 -0.325147
v 0.052021 0.007473 -0.339251
v 0.030862 0.013858 -0.336836
v 0.031455 0.019184 -0.330749
v 0.032420 0.027139 -0.326917
v 0.033522 0.036703 -0.325809
v 0.058339 0.024349 -0.323000
v 0.063278 0.047717 -0.323029
v 0.006368 0.009073 -0.345622
v 0.007180 -0.001217 -0.354581
v 0.008465 -0.019512 -0.364506
v 0.036886 -0.039198 -0.378314
v 0.009604 -0.039284 -0.380505
v -0.013821 -0.041123 -0.380481
v 0.010383 -0.056080 -0.406215
v -0.014666 -0.058440 -0.406052
v -0.032582 -0.061880 -0.404850
v -0.030579 -0.043228 -0.379056
v -0.046270 -0.065664 -0.403258
v -0.034999 -0.072918 -0.436086
v -0.050080 -0.078418 -0.435448
v -0.063443 -0.085846 -0.434328
v -0.053219 -0.081117 -0.471327
v -0.066185 -0.090332 -0.473130
v -0.074010 -0.103775 -0.475436
v -0.073312 -0.096582 -0.432452
v -0.067176 -0.117252 -0.476920
v -0.071479 -0.110464 -0.429703
v -0.053119 -0.123529 -0.477368
v -0.059487 -0.117814 -0.427772
v -0.037278 -0.126931 -0.477405
v -0.043828 -0.121617 -0.427128
v -0.018310 -0.128618 -0.477184
v -0.024968 -0.123641 -0.426823
v -0.034643 -0.108477 -0.383836
v -0.000053 -0.124364 -0.426634
v -0.008590 -0.111422 -0.384595
v 0.030928 -0.124160 -0.425315
v 0.006470 -0.129213 -0.476520
v 0.035204 -0.129308 -0.475151
v 0.060905 -0.129010 -0.473464
v 0.040185 -0.116672 -0.524847
v 0.064941 -0.115791 -0.522880
v 0.083894 -0.114078 -0.520827
v 0.081057 -0.127664 -0.471892
v 0.099816 -0.110714 -0.518106
v 0.097906 -0.123905 -0.470190
v 0.113885 -0.104187 -0.513963
v 0.111955 -0.115836 -0.468364
v 0.119087 -0.090035 -0.506257
v 0.115602 -0.100006 -0.466140
v 0.108893 -0.076245 -0.499939
v 0.104788 -0.086011 -0.464661
v 0.099413 -0.082219 -0.427527
v 0.088613 -0.076829 -0.464101
v 0.083987 -0.074789 -0.429827
v 0.077927 -0.062552 -0.397605
v 0.065843 -0.069382 -0.432058
v 0.061636 -0.058943 -0.401112
v 0.057109 -0.040076 -0.374626
v 0.071710 -0.041230 -0.370735
v 0.039886 -0.056389 -0.404204
v 0.042208 -0.065329 -0.434179
v 0.011416 -0.064649 -0.435934
v 0.044709 -0.065390 -0.465028
v 0.011858 -0.064742 -0.466567
v -0.016802 -0.068681 -0.468149
v -0.015714 -0.067989 -0.436390
v -0.037181 -0.074283 -0.469692
v -0.017863 -0.059184 -0.498905
v -0.038550 -0.064509 -0.502195
v -0.054761 -0.071008 -0.505802
v -0.037930 -0.044364 -0.529545
v -0.054739 -0.049283 -0.534135
v -0.068660 -0.056904 -0.542014
v -0.068016 -0.080376 -0.510892
v -0.070888 -0.068098 -0.553890
v -0.072973 -0.094617 -0.518373
v -0.060108 -0.076343 -0.561624
v -0.063478 -0.105522 -0.523410
v -0.045281 -0.080943 -0.565057
v -0.048804 -0.110926 -0.525581
v -0.029087 -0.083735 -0.566963
v -0.032725 -0.114111 -0.526433
v -0.009272 -0.085644 -0.567900
v -0.013519 -0.115817 -0.526738
v 0.015935 -0.086701 -0.567630
v 0.011448 -0.116636 -0.526166
v 0.044313 -0.086518 -0.566094
v 0.019698 -0.043926 -0.594137
v 0.047071 -0.043954 -0.592659
v 0.069905 -0.043073 -0.589971
v 0.068330 -0.085466 -0.563770
v 0.087987 -0.041674 -0.586680
v 0.086882 -0.083821 -0.560807
v 0.103671 -0.039435 -0.582204
v 0.102640 -0.080931 -0.557035
v 0.117259 -0.035182 -0.574049
v 0.116808 -0.074895 -0.550505
v 0.122566 -0.027957 -0.560224
v 0.121897 -0.063818 -0.538743
v 0.111411 -0.020839 -0.548443
v 0.111291 -0.052741 -0.528083
v 0.094087 -0.016812 -0.543775
v 0.094218 -0.046221 -0.523652
v 0.092173 -0.067282 -0.496660
v 0.074631 -0.041654 -0.521440
v 0.073004 -0.061051 -0.495078
v 0.069704 -0.070122 -0.464313
v 0.047157 -0.056482 -0.494657
v 0.048542 -0.038210 -0.520332
v 0.012433 -0.037680 -0.522041
v 0.011827 -0.055587 -0.496013
v -0.018209 -0.040438 -0.525595
v 0.012938 -0.011318 -0.541930
v -0.016520 -0.013125 -0.545591
v -0.036438 -0.015507 -0.549578
v -0.014714 0.019416 -0.559198
v -0.034244 0.018196 -0.563113
v -0.051522 0.016678 -0.568035
v -0.053241 -0.018856 -0.555002
v -0.066107 0.014379 -0.576587
v -0.067509 -0.023676 -0.563594
v -0.065856 0.010244 -0.592082
v -0.068139 -0.031267 -0.577656
v -0.053276 0.007307 -0.601368
v -0.056320 -0.036673 -0.586526
v -0.037907 0.005490 -0.605786
v -0.041240 -0.039738 -0.590800
v -0.021084 0.004209 -0.607973
v -0.024698 -0.041623 -0.592921
v -0.001918 0.003236 -0.608938
v -0.005394 -0.042981 -0.594095
v 0.022667 0.002588 -0.608853
v 0.000963 0.049691 -0.615166
v 0.024983 0.049526 -0.615145
v 0.050001 0.049719 -0.613612
v 0.048785 0.002606 -0.607351
v 0.070727 0.050179 -0.611011
v 0.070584 0.003085 -0.604895
v 0.088305 0.050780 -0.607693
v 0.088413 0.003912 -0.601440
v 0.104579 0.051535 -0.602780
v 0.104423 0.005301 -0.596460
v 0.118314 0.052597 -0.593579
v 0.118234 0.007868 -0.587837
v 0.121169 0.053858 -0.577739
v 0.122341 0.012144 -0.572781
v 0.107388 0.054599 -0.567000
v 0.109796 0.015713 -0.561711
v 0.089333 0.054918 -0.562319
v 0.092238 0.017759 -0.556901
v 0.069122 0.055139 -0.560238
v 0.072577 0.019116 -0.554916
v 0.074494 -0.014002 -0.541482
v 0.046624 0.020097 -0.554327
v 0.047863 -0.011714 -0.540395
v 0.013322 0.020248 -0.556020
v 0.043381 0.055320 -0.559960
v 0.013348 0.055271 -0.561696
v -0.012490 0.055122 -0.564870
v 0.012063 0.091150 -0.561282
v -0.012392 0.091548 -0.564324
v -0.032291 0.092226 -0.568209
v -0.032688 0.054909 -0.568648
v -0.050075 0.093090 -0.573771
v -0.050494 0.054647 -0.573631
v -0.064243 0.094190 -0.583761
v -0.065072 0.054110 -0.583058
v -0.061725 0.095445 -0.599779
v -0.063465 0.052769 -0.599027
v -0.047743 0.095987 -0.607780
v -0.050208 0.051615 -0.607887
v -0.032024 0.096152 -0.611773
v -0.034677 0.050749 -0.612315
v -0.015425 0.096133 -0.613763
v -0.018164 0.050103 -0.614320
v 0.003590 0.096137 -0.614644
v -0.013644 0.141365 -0.605124
v 0.005392 0.141619 -0.605915
v 0.027844 0.141847 -0.605636
v 0.026772 0.096286 -0.614361
v 0.050639 0.142051 -0.604156
v 0.050553 0.096610 -0.612680
v 0.069683 0.142070 -0.601584
v 0.070355 0.096939 -0.609920
v 0.086578 0.142049 -0.598433
v 0.087640 0.097339 -0.606890
v 0.102332 0.141412 -0.593208
v 0.103712 0.097430 -0.601662
v 0.115437 0.139457 -0.583922
v 0.117359 0.097043 -0.592431
v 0.116077 0.134771 -0.568066
v 0.119355 0.095539 -0.576121
v 0.100940 0.131135 -0.559414
v 0.104630 0.093931 -0.565952
v 0.082522 0.128953 -0.556159
v 0.086144 0.092780 -0.561570
v 0.062367 0.127270 -0.554708
v 0.065350 0.091859 -0.559743
v 0.037714 0.126335 -0.554920
v 0.040226 0.091281 -0.559667
v 0.010015 0.126324 -0.556751
v 0.034647 0.158723 -0.542393
v 0.007184 0.158960 -0.544030
v -0.015825 0.160583 -0.546806
v -0.013887 0.127219 -0.559436
v -0.034408 0.162782 -0.550224
v -0.033057 0.128692 -0.563117
v -0.051407 0.165830 -0.554791
v -0.050435 0.130663 -0.568374
v -0.064107 0.133768 -0.578269
v -0.064153 0.171688 -0.564171
v -0.059010 0.178873 -0.577033
v -0.060596 0.138120 -0.593386
v -0.051959 0.196233 -0.532361
v -0.063753 0.205060 -0.540664
v -0.057877 0.215089 -0.551140
v -0.043815 0.219692 -0.556268
v -0.044804 0.182162 -0.583194
v -0.029169 0.183635 -0.586056
v -0.030315 0.140999 -0.603470
v -0.046158 0.140116 -0.600346
v -0.028367 0.221753 -0.558849
v -0.011709 0.222714 -0.560021
v -0.012483 0.184213 -0.587280
v 0.006582 0.184601 -0.587752
v 0.007431 0.223064 -0.560266
v 0.029013 0.223166 -0.559632
v 0.028504 0.184925 -0.587553
v 0.029421 0.253091 -0.521481
v 0.049728 0.252659 -0.519941
v 0.050200 0.222962 -0.558238
v 0.050347 0.267743 -0.474283
v 0.067500 0.266481 -0.472756
v 0.067408 0.251791 -0.517906
v 0.070012 0.269303 -0.427156
v 0.084901 0.265680 -0.426223
v 0.082949 0.263970 -0.470817
v 0.088087 0.259504 -0.388669
v 0.096999 0.250566 -0.389217
v 0.096977 0.258293 -0.425552
v 0.090176 0.251675 -0.363485
v 0.095575 0.242670 -0.363205
v 0.095875 0.231100 -0.364473
v 0.098140 0.239124 -0.391354
v 0.089715 0.228932 -0.394287
v 0.092388 0.233931 -0.426911
v 0.100959 0.245254 -0.425905
v 0.089418 0.219933 -0.367681
v 0.076604 0.211659 -0.369509
v 0.075673 0.222842 -0.396256
v 0.079848 0.193588 -0.347423
v 0.085782 0.169387 -0.330311
v 0.122218 0.132680 -0.312996
v 0.093478 0.131167 -0.323705
v 0.157704 0.132608 -0.295302
v 0.207901 0.176535 -0.267409
v 0.205468 0.131254 -0.265723
v 0.199769 0.083771 -0.265978
v 0.250545 0.129902 -0.225615
v 0.244436 0.085412 -0.226983
v 0.237551 0.041304 -0.228866
v 0.190026 0.036112 -0.268540
v 0.230269 -0.002372 -0.231850
v 0.175317 -0.015577 -0.274005
v 0.222840 -0.043908 -0.233544
v 0.165330 -0.053138 -0.275930
v 0.215868 -0.084396 -0.233684
v 0.159500 -0.089640 -0.273147
v 0.095642 -0.103030 -0.295466
v 0.153784 -0.127209 -0.267088
v 0.089815 -0.132535 -0.290658
v 0.146411 -0.168135 -0.262482
v 0.083075 -0.169904 -0.287096
v 0.136588 -0.210328 -0.258297
v 0.074113 -0.211095 -0.282778
v -0.002622 -0.209714 -0.291374
v -0.080667 -0.206378 -0.279795
v 0.064596 -0.253657 -0.276293
v -0.006743 -0.252826 -0.283800
v -0.078065 -0.251311 -0.273857
v -0.140105 -0.251145 -0.249797
v -0.146883 -0.205751 -0.255339
v -0.010033 -0.296174 -0.275036
v -0.075452 -0.295676 -0.265805
v -0.133627 -0.295577 -0.242499
v -0.182398 -0.295774 -0.208503
v -0.190602 -0.251693 -0.213975
v -0.072390 -0.338058 -0.252881
v -0.126754 -0.338075 -0.231566
v -0.173383 -0.338255 -0.200065
v -0.211020 -0.338253 -0.160374
v -0.221451 -0.295852 -0.166725
v -0.120789 -0.378553 -0.220533
v -0.164960 -0.378510 -0.190915
v -0.200676 -0.378298 -0.153754
v -0.228421 -0.378851 -0.111207
v -0.239864 -0.338217 -0.115339
v -0.154608 -0.407786 -0.179448
v -0.187921 -0.407688 -0.145247
v -0.214129 -0.408341 -0.105672
v -0.232043 -0.408685 -0.062088
v -0.246571 -0.378645 -0.064388
v -0.176268 -0.426026 -0.137252
v -0.201002 -0.426065 -0.100234
v -0.218229 -0.426573 -0.059524
v -0.226566 -0.426577 -0.016377
v -0.240614 -0.408524 -0.016122
v -0.188789 -0.437880 -0.094887
v -0.205238 -0.438039 -0.056809
v -0.213467 -0.437964 -0.016390
v -0.213290 -0.437490 0.025546
v -0.225835 -0.425934 0.027940
v -0.192975 -0.446805 -0.054055
v -0.177215 -0.446852 -0.089587
v -0.166118 -0.452985 -0.084305
v -0.154596 -0.447385 -0.121565
v -0.145104 -0.453243 -0.114451
v -0.127516 -0.447486 -0.148184
v -0.119735 -0.453048 -0.138994
v -0.095721 -0.448283 -0.169484
v -0.090272 -0.453270 -0.158445
v -0.058600 -0.448053 -0.185365
v -0.055786 -0.453434 -0.173042
v -0.017521 -0.447439 -0.193804
v -0.017694 -0.453724 -0.180936
v 0.025559 -0.447001 -0.193384
v -0.017195 -0.437676 -0.206623
v 0.028902 -0.437176 -0.205936
v 0.073832 -0.437091 -0.195379
v 0.067605 -0.446758 -0.183586
v 0.114179 -0.436972 -0.174896
v 0.080194 -0.425044 -0.206546
v 0.122968 -0.425488 -0.184383
v 0.159225 -0.424988 -0.153937
v 0.148596 -0.437160 -0.146728
v 0.189265 -0.425342 -0.117940
v 0.176632 -0.437807 -0.112829
v 0.210932 -0.425279 -0.075948
v 0.203563 -0.406043 -0.122999
v 0.225752 -0.405865 -0.078002
v 0.238361 -0.406174 -0.029110
v 0.241366 -0.375231 -0.079270
v 0.253777 -0.375253 -0.027342
v 0.254551 -0.375548 0.026344
v 0.265183 -0.334788 -0.024668
v 0.265337 -0.334754 0.030882
v 0.253307 -0.334644 0.085358
v 0.275349 -0.292488 0.035153
v 0.262347 -0.292210 0.091240
v 0.237094 -0.292102 0.143286
v 0.267249 -0.249295 0.095631
v 0.241113 -0.249188 0.148190
v 0.204759 -0.249265 0.194325
v 0.248233 -0.206986 0.155191
v 0.210835 -0.206944 0.202380
v 0.164238 -0.206687 0.240522
v 0.215146 -0.164130 0.208825
v 0.167837 -0.163914 0.248112
v 0.112758 -0.163771 0.275676
v 0.170068 -0.121103 0.253731
v 0.113829 -0.120800 0.281623
v 0.054994 -0.121273 0.302102
v 0.115220 -0.077914 0.287580
v 0.055146 -0.077308 0.306730
v -0.006740 -0.077063 0.310039
v 0.055295 -0.033729 0.308293
v -0.006954 -0.033003 0.313027
v -0.068488 -0.033317 0.307476
v -0.006438 0.010764 0.317208
v -0.068811 0.010820 0.311409
v -0.127786 0.010413 0.291913
v -0.069031 0.054498 0.314418
v -0.128951 0.053985 0.294680
v -0.183613 0.052853 0.264000
v -0.130052 0.097337 0.296401
v -0.185282 0.096281 0.265940
v -0.233814 0.095106 0.226808
v -0.186780 0.139673 0.267164
v -0.235499 0.138741 0.228088
v -0.275689 0.137669 0.181448
v -0.237170 0.182325 0.229162
v -0.278231 0.181389 0.182912
v -0.308274 0.180196 0.129548
v -0.279578 0.225083 0.183675
v -0.310107 0.223837 0.130337
v -0.329456 0.222164 0.072326
v -0.311151 0.267469 0.130833
v -0.330353 0.265709 0.072850
v -0.339490 0.263947 0.013114
v -0.331242 0.308760 0.073384
v -0.341029 0.307022 0.014005
v -0.339160 0.305385 -0.045571
v -0.342608 0.345388 0.014676
v -0.340998 0.344141 -0.044792
v -0.329124 0.342814 -0.102861
v -0.341344 0.369285 -0.044227
v -0.329736 0.367447 -0.102057
v -0.341750 0.384815 -0.043983
v -0.330350 0.383303 -0.101592
v -0.309589 0.380896 -0.157022
v -0.331011 0.394754 -0.101298
v -0.310077 0.392904 -0.156982
v -0.280057 0.391631 -0.207337
v -0.311079 0.403664 -0.156946
v -0.281015 0.402241 -0.207425
v -0.243112 0.401148 -0.250559
v -0.282388 0.412655 -0.207765
v -0.244464 0.411384 -0.251042
v -0.200310 0.409990 -0.287056
v -0.198924 0.399669 -0.286528
v -0.151385 0.408115 -0.315750
v -0.149977 0.397460 -0.315046
v -0.100611 0.405940 -0.335555
v -0.099459 0.395107 -0.334675
v -0.051326 0.403957 -0.346490
v -0.050770 0.392957 -0.345348
v -0.001548 0.402975 -0.349856
v -0.001657 0.391801 -0.348722
v 0.049388 0.403523 -0.346412
v 0.049036 0.392585 -0.345368
v 0.099204 0.405631 -0.335372
v 0.098527 0.395175 -0.334265
v 0.097801 0.384439 -0.333730
v 0.146304 0.397351 -0.315805
v 0.145102 0.387001 -0.315447
v 0.143666 0.374760 -0.315597
v 0.191860 0.388096 -0.289204
v 0.190661 0.376089 -0.289441
v 0.188529 0.357868 -0.290293
v 0.235345 0.376216 -0.254878
v 0.233757 0.359420 -0.255953
v 0.230983 0.333437 -0.257839
v 0.184398 0.331287 -0.292356
v 0.225011 0.294687 -0.259725
v 0.174249 0.292865 -0.295046
v 0.217843 0.253808 -0.263029
v 0.267986 0.297868 -0.215482
v 0.264584 0.255983 -0.218766
v 0.260258 0.214565 -0.221886
v 0.210200 0.215023 -0.267152
v 0.255718 0.173159 -0.224214
v 0.296415 0.215465 -0.169441
v 0.292605 0.172894 -0.172530
v 0.287640 0.130034 -0.175100
v 0.317833 0.173773 -0.113799
v 0.312544 0.131280 -0.116286
v 0.309179 0.088687 -0.119290
v 0.282335 0.086871 -0.177303
v 0.305553 0.046001 -0.122353
v 0.277137 0.043837 -0.179698
v 0.300799 0.003275 -0.125350
v 0.271352 0.001264 -0.182122
v 0.294895 -0.039305 -0.127916
v 0.265189 -0.040968 -0.184126
v 0.288446 -0.081701 -0.129748
v 0.258349 -0.082800 -0.185088
v 0.281087 -0.124231 -0.130914
v 0.249988 -0.124815 -0.184327
v 0.207783 -0.125571 -0.230732
v 0.241651 -0.167370 -0.183794
v 0.199445 -0.167790 -0.228290
v 0.231278 -0.209948 -0.182230
v 0.188827 -0.210117 -0.224764
v 0.220972 -0.252525 -0.180792
v 0.178564 -0.252842 -0.222032
v 0.126398 -0.253121 -0.254049
v 0.168599 -0.295777 -0.219026
v 0.116774 -0.295927 -0.249502
v 0.056396 -0.296303 -0.269063
v 0.106416 -0.337397 -0.240937
v 0.048960 -0.337745 -0.257919
v -0.012428 -0.338100 -0.262180
v 0.042493 -0.377238 -0.246142
v -0.014443 -0.377917 -0.249030
v -0.069898 -0.378270 -0.240063
v -0.015940 -0.407316 -0.233443
v -0.067119 -0.407810 -0.224848
v -0.114187 -0.407979 -0.206778
v -0.064202 -0.426221 -0.211035
v -0.107705 -0.426583 -0.193768
v -0.144891 -0.426255 -0.168477
v -0.101493 -0.439066 -0.181235
v -0.135774 -0.438587 -0.157907
v -0.165041 -0.438148 -0.129259
v -0.061402 -0.438381 -0.197990
v -0.016725 -0.425663 -0.219552
v 0.036848 -0.406542 -0.231614
v 0.032528 -0.425028 -0.218410
v 0.087789 -0.406613 -0.218725
v 0.096935 -0.377326 -0.231637
v 0.145285 -0.377062 -0.205313
v 0.133421 -0.406793 -0.194819
v 0.186404 -0.376724 -0.170133
v 0.172238 -0.406478 -0.162273
v 0.218980 -0.375977 -0.127574
v 0.198907 -0.336976 -0.175077
v 0.231531 -0.336093 -0.129786
v 0.253644 -0.335162 -0.078889
v 0.243343 -0.294408 -0.131572
v 0.265058 -0.293335 -0.078473
v 0.276213 -0.292828 -0.022212
v 0.273533 -0.250945 -0.077041
v 0.283320 -0.250189 -0.019450
v 0.281480 -0.249620 0.038902
v 0.293618 -0.208124 -0.016845
v 0.290872 -0.207490 0.043165
v 0.275333 -0.207118 0.101332
v 0.297235 -0.164945 0.046968
v 0.281392 -0.164626 0.106235
v 0.253568 -0.164351 0.160954
v 0.287008 -0.122119 0.110826
v 0.258154 -0.121689 0.166027
v 0.218725 -0.121309 0.214405
v 0.262380 -0.078836 0.170752
v 0.221780 -0.078416 0.219181
v 0.172265 -0.078267 0.259082
v 0.222498 -0.035464 0.221846
v 0.172440 -0.035478 0.261245
v 0.115855 -0.034976 0.290499
v 0.174989 0.006842 0.267048
v 0.118042 0.007687 0.296334
v 0.056683 0.009523 0.313059
v 0.120678 0.050931 0.302392
v 0.058389 0.052933 0.317222
v -0.005628 0.054257 0.320571
v 0.059098 0.096758 0.319106
v -0.005416 0.097640 0.322768
v -0.069480 0.097807 0.316169
v -0.006143 0.140762 0.323709
v -0.070441 0.140874 0.317335
v -0.131231 0.140500 0.297458
v -0.071665 0.183977 0.318537
v -0.132548 0.183691 0.298594
v -0.188394 0.182993 0.268536
v -0.133778 0.226930 0.299587
v -0.189701 0.226294 0.269673
v -0.238552 0.225802 0.230239
v -0.191103 0.269691 0.271188
v -0.239536 0.269230 0.231173
v -0.280450 0.268645 0.184263
v -0.239995 0.312166 0.231339
v -0.280604 0.311565 0.184227
v -0.311811 0.310460 0.131151
v -0.282001 0.349943 0.184957
v -0.313214 0.348630 0.131732
v -0.332855 0.346953 0.074034
v -0.313359 0.373426 0.131814
v -0.332959 0.372818 0.074266
v -0.342767 0.370825 0.015060
v -0.333237 0.387889 0.074441
v -0.343066 0.386280 0.015165
v -0.333592 0.399529 0.074589
v -0.343536 0.397993 0.015217
v -0.342276 0.396188 -0.043847
v -0.344334 0.408672 0.015268
v -0.343276 0.406725 -0.043819
v -0.332022 0.405267 -0.101201
v -0.344645 0.416988 -0.043811
v -0.333535 0.415492 -0.101310
v -0.312518 0.414146 -0.157102
v -0.334486 0.425612 -0.101331
v -0.313640 0.424491 -0.157164
v -0.283803 0.422924 -0.208167
v -0.310928 0.434133 -0.155287
v -0.281607 0.432709 -0.205817
v -0.244215 0.431437 -0.249188
v -0.245839 0.421647 -0.251595
v -0.200728 0.429962 -0.285410
v -0.201685 0.420289 -0.287801
v -0.152542 0.428709 -0.314541
v -0.152798 0.418659 -0.316838
v -0.102202 0.426945 -0.335382
v -0.101847 0.416515 -0.336875
v -0.052423 0.425399 -0.347646
v -0.051954 0.414724 -0.347897
v -0.001563 0.424258 -0.350956
v -0.001536 0.413818 -0.351075
v 0.049745 0.424636 -0.347446
v 0.049710 0.414245 -0.347790
v 0.099895 0.426225 -0.335529
v 0.099974 0.416018 -0.336639
v 0.148791 0.427579 -0.315978
v 0.148825 0.417697 -0.317556
v 0.147521 0.407584 -0.316640
v 0.196299 0.418864 -0.290349
v 0.194729 0.408726 -0.289801
v 0.193195 0.398504 -0.289312
v 0.239098 0.409435 -0.254408
v 0.237675 0.398982 -0.254338
v 0.236475 0.388312 -0.254497
v 0.276786 0.399403 -0.210444
v 0.275639 0.388405 -0.210661
v 0.274781 0.376209 -0.211248
v 0.307054 0.389912 -0.157968
v 0.306283 0.378071 -0.158585
v 0.305506 0.362866 -0.159796
v 0.273762 0.360647 -0.212232
v 0.304354 0.338406 -0.161481
v 0.271955 0.336067 -0.213827
v 0.301220 0.300377 -0.163147
v 0.326818 0.340464 -0.103531
v 0.324418 0.302325 -0.105322
v 0.322824 0.259792 -0.107950
v 0.299046 0.258110 -0.166140
v 0.321117 0.216689 -0.110938
v 0.335884 0.261948 -0.046123
v 0.335259 0.218621 -0.048572
v 0.332665 0.175414 -0.050992
v 0.337879 0.221189 0.015679
v 0.336857 0.177601 0.013412
v 0.332877 0.134341 0.010826
v 0.327833 0.132800 -0.053458
v 0.330469 0.091267 0.007880
v 0.325544 0.090238 -0.056667
v 0.328557 0.048310 0.004049
v 0.322810 0.047564 -0.060278
v 0.324403 0.005467 -0.000392
v 0.318721 0.004736 -0.064031
v 0.318870 -0.037311 -0.004638
v 0.313509 -0.038072 -0.067530
v 0.314905 -0.080386 -0.008112
v 0.308175 -0.081000 -0.070368
v 0.308654 -0.123029 -0.011196
v 0.301117 -0.123722 -0.072599
v 0.301153 -0.165587 -0.014077
v 0.292982 -0.166373 -0.074411
v 0.272616 -0.166942 -0.131561
v 0.284070 -0.208833 -0.075933
v 0.262612 -0.209317 -0.131582
v 0.252690 -0.251810 -0.131640
v 0.210991 -0.295356 -0.179108
v 0.156635 -0.337229 -0.212411
v 0.304121 -0.122507 0.050874
v 0.309475 -0.079851 0.054603
v 0.291794 -0.079316 0.115135
v 0.312537 -0.036818 0.058327
v 0.293822 -0.036189 0.118671
v 0.263414 -0.035638 0.173711
v 0.298233 0.006870 0.124066
v 0.266935 0.007504 0.179085
v 0.225193 0.007264 0.227024
v 0.270898 0.050775 0.185691
v 0.228230 0.050222 0.233859
v 0.177841 0.049807 0.273790
v 0.227999 0.094487 0.237838
v 0.178234 0.094294 0.277319
v 0.121448 0.095330 0.305003
v 0.177826 0.139502 0.279199
v 0.121101 0.140189 0.306600
v 0.058589 0.140560 0.320039
v 0.119561 0.184818 0.306654
v 0.057085 0.184191 0.321145
v -0.007472 0.183891 0.324982
v 0.055261 0.227733 0.322882
v -0.009031 0.227205 0.326747
v -0.072921 0.227222 0.319369
v -0.010618 0.270771 0.328400
v -0.074326 0.270619 0.320888
v -0.135020 0.270225 0.300727
v -0.075335 0.313601 0.320273
v -0.135710 0.313195 0.300435
v -0.191385 0.312719 0.270747
v -0.136870 0.351134 0.301515
v -0.192513 0.350778 0.271673
v -0.241002 0.350595 0.231957
v -0.192686 0.375493 0.271337
v -0.241187 0.375249 0.231885
v -0.281905 0.374361 0.184776
v -0.241320 0.390985 0.231761
v -0.281770 0.390123 0.184671
v -0.313410 0.388811 0.131919
v -0.281786 0.401815 0.184892
v -0.313808 0.400457 0.132109
v -0.282333 0.412304 0.185193
v -0.314252 0.411210 0.132343
v -0.334360 0.410192 0.074826
v -0.315168 0.421743 0.132696
v -0.335489 0.420592 0.075099
v -0.345478 0.419055 0.015466
v -0.336711 0.430936 0.075328
v -0.346468 0.429387 0.015626
v -0.345588 0.427083 -0.043703
v -0.342926 0.438745 0.015541
v -0.342235 0.436569 -0.043275
v -0.331101 0.434951 -0.100211
v -0.334453 0.442277 -0.042278
v -0.323618 0.440615 -0.097822
v -0.304038 0.440525 -0.151346
v -0.315206 0.439326 -0.095032
v -0.295933 0.439377 -0.146690
v -0.268426 0.439161 -0.194616
v -0.275670 0.439406 -0.200713
v -0.233229 0.438344 -0.236287
v -0.239417 0.438135 -0.243361
v -0.191981 0.437016 -0.270849
v -0.196924 0.436874 -0.278930
v -0.146597 0.436077 -0.298585
v -0.149889 0.435696 -0.307442
v -0.099039 0.436091 -0.318959
v -0.100876 0.434505 -0.328226
v -0.050888 0.435962 -0.331455
v -0.051802 0.433501 -0.340999
v -0.001598 0.435815 -0.335651
v -0.001568 0.432585 -0.344994
v 0.047630 0.434916 -0.331493
v 0.048870 0.432856 -0.340866
v 0.095819 0.435686 -0.319871
v 0.098287 0.434109 -0.329220
v 0.142789 0.435743 -0.300610
v 0.146360 0.434653 -0.309424
v 0.187563 0.435861 -0.273225
v 0.192191 0.435075 -0.281347
v 0.195762 0.428569 -0.287974
v 0.234834 0.436424 -0.245924
v 0.239566 0.429638 -0.252100
v 0.240721 0.419726 -0.254689
v 0.277477 0.430490 -0.207728
v 0.279555 0.420698 -0.210372
v 0.278218 0.410105 -0.210473
v 0.310974 0.421887 -0.157557
v 0.309437 0.411398 -0.157586
v 0.308052 0.400788 -0.157664
v 0.330962 0.412907 -0.099568
v 0.329544 0.402746 -0.099772
v 0.328605 0.392438 -0.100124
v 0.340293 0.404297 -0.039130
v 0.339579 0.394092 -0.039613
v 0.339208 0.382834 -0.040217
v 0.328003 0.381232 -0.100887
v 0.339033 0.367161 -0.040964
v 0.327533 0.365689 -0.101921
v 0.338783 0.342461 -0.042255
v 0.339007 0.368655 0.021855
v 0.339056 0.344414 0.020941
v 0.338005 0.307162 0.019457
v 0.337137 0.304589 -0.043957
v 0.337381 0.264610 0.017658
v 0.326165 0.309463 0.082349
v 0.326286 0.266785 0.080979
v 0.327238 0.223191 0.079376
v 0.303879 0.268278 0.141209
v 0.304516 0.224353 0.139926
v 0.304294 0.180647 0.137860
v 0.326691 0.179614 0.077025
v 0.300650 0.137569 0.133942
v 0.324496 0.136061 0.074278
v 0.302693 0.094314 0.132781
v 0.323423 0.092503 0.071791
v 0.302390 0.050246 0.129597
v 0.322039 0.049028 0.068227
v 0.317430 0.006047 0.063228
v 0.270478 0.095235 0.189231
v 0.266779 0.138501 0.189325
v 0.226734 0.138886 0.239583
v 0.270277 0.181614 0.193425
v 0.228073 0.183288 0.242191
v 0.177068 0.184652 0.279860
v 0.227646 0.227600 0.242556
v 0.175901 0.228906 0.280361
v 0.117629 0.228712 0.307204
v 0.174318 0.272553 0.281083
v 0.115959 0.272370 0.309077
v 0.053465 0.271448 0.324900
v 0.113816 0.315204 0.308734
v 0.051614 0.314553 0.324631
v -0.012063 0.313849 0.328294
v 0.050587 0.351732 0.325802
v -0.013123 0.351622 0.329408
v -0.076454 0.351298 0.321285
v -0.013668 0.375176 0.329085
v -0.076911 0.375259 0.320923
v -0.137229 0.375408 0.301247
v -0.077192 0.390908 0.320824
v -0.137485 0.391636 0.301021
v -0.192912 0.391400 0.271083
v -0.137724 0.403148 0.301025
v -0.193299 0.402797 0.271088
v -0.241530 0.402580 0.231842
v -0.193844 0.413250 0.271500
v -0.241983 0.412938 0.232113
v -0.194682 0.423512 0.272222
v -0.242756 0.423064 0.232674
v -0.283212 0.422642 0.185770
v -0.243292 0.433145 0.233027
v -0.283588 0.432958 0.185980
v -0.315933 0.432244 0.132959
v -0.280244 0.442084 0.183647
v -0.312324 0.441934 0.131420
v -0.333416 0.440589 0.074586
v -0.304566 0.447070 0.127885
v -0.325355 0.445861 0.072602
v -0.334963 0.444516 0.015093
v -0.316626 0.443648 0.070620
v -0.325920 0.442430 0.014823
v -0.325438 0.440773 -0.040933
v -0.321034 0.434199 0.015020
v -0.320302 0.432769 -0.039756
v -0.310535 0.431510 -0.093074
v -0.318126 0.423191 -0.038916
v -0.308388 0.422092 -0.091749
v -0.289286 0.421809 -0.141887
v -0.291372 0.431340 -0.143675
v -0.262754 0.421407 -0.188773
v -0.264386 0.431196 -0.190831
v -0.228417 0.420548 -0.229337
v -0.229899 0.430249 -0.231992
v -0.188598 0.419331 -0.263057
v -0.189458 0.428999 -0.265863
v -0.144622 0.418489 -0.290077
v -0.144935 0.428223 -0.292981
v -0.098148 0.418407 -0.309732
v -0.098177 0.428332 -0.312783
v -0.050735 0.418703 -0.321602
v -0.050542 0.428805 -0.324730
v -0.001920 0.418657 -0.325234
v -0.001706 0.428991 -0.328216
v 0.046476 0.418177 -0.321629
v 0.046793 0.428088 -0.324703
v 0.093624 0.418417 -0.309987
v 0.094326 0.428050 -0.313563
v 0.139562 0.418572 -0.291264
v 0.140508 0.428272 -0.294575
v 0.183690 0.418748 -0.264561
v 0.184611 0.428587 -0.267462
v 0.224132 0.418963 -0.230607
v 0.225410 0.428776 -0.233424
v 0.228923 0.436494 -0.238484
v 0.260544 0.428757 -0.192119
v 0.264645 0.436707 -0.196237
v 0.271659 0.436965 -0.202435
v 0.293440 0.437105 -0.146691
v 0.301534 0.437989 -0.151496
v 0.308322 0.431769 -0.155601
v 0.322391 0.439091 -0.095486
v 0.329663 0.432688 -0.098091
v 0.332289 0.422998 -0.099293
v 0.339700 0.434006 -0.037588
v 0.342579 0.424311 -0.038244
v 0.341430 0.414323 -0.038719
v 0.341739 0.426465 0.024428
v 0.340651 0.416333 0.023845
v 0.339574 0.406145 0.023313
v 0.327830 0.419069 0.086085
v 0.327021 0.408547 0.085446
v 0.326522 0.397776 0.084977
v 0.339066 0.395803 0.022822
v 0.326430 0.385933 0.084669
v 0.338919 0.384319 0.022407
v 0.326581 0.370741 0.084375
v 0.302547 0.388822 0.144524
v 0.302976 0.372933 0.144111
v 0.303621 0.348628 0.143522
v 0.327064 0.346616 0.083752
v 0.302864 0.311202 0.142004
v 0.268757 0.350470 0.197404
v 0.268618 0.312704 0.195991
v 0.270136 0.269786 0.195703
v 0.224762 0.314391 0.243006
v 0.226425 0.271509 0.242844
v 0.270774 0.225684 0.194902
v 0.172435 0.315310 0.281196
v 0.224493 0.351739 0.244421
v 0.171532 0.352255 0.282187
v 0.112866 0.352054 0.310038
v 0.170709 0.375060 0.282435
v 0.112093 0.374990 0.310056
v 0.049921 0.375101 0.325596
v 0.111685 0.390254 0.309962
v 0.049547 0.390385 0.325478
v -0.013878 0.390811 0.328870
v 0.049420 0.402099 0.325673
v -0.013952 0.402412 0.329084
v -0.077387 0.402632 0.320937
v -0.014087 0.413068 0.329494
v -0.077653 0.413397 0.321359
v -0.138182 0.413644 0.301437
v -0.077897 0.424008 0.322235
v -0.138767 0.423984 0.302417
v -0.078189 0.434496 0.323018
v -0.139238 0.434257 0.303045
v -0.195376 0.433964 0.272598
v -0.137887 0.443814 0.299636
v -0.193277 0.443127 0.269121
v -0.240527 0.442405 0.230101
v -0.188866 0.449032 0.262221
v -0.234851 0.447994 0.224104
v -0.273903 0.447902 0.178988
v -0.228868 0.445744 0.217853
v -0.266628 0.445766 0.173684
v -0.296534 0.444713 0.124240
v -0.262928 0.437117 0.171228
v -0.292083 0.436525 0.122423
v -0.311743 0.435517 0.069782
v -0.289821 0.426810 0.121621
v -0.309208 0.425907 0.069419
v -0.318722 0.424628 0.015302
v -0.307855 0.415929 0.069386
v -0.317404 0.414766 0.015606
v -0.316998 0.413351 -0.038185
v -0.316523 0.404718 0.015952
v -0.316175 0.403403 -0.037503
v -0.306493 0.402213 -0.089836
v -0.307227 0.412246 -0.090729
v -0.287682 0.401615 -0.139572
v -0.288189 0.411838 -0.140560
v -0.261511 0.400999 -0.186041
v -0.261971 0.411328 -0.187274
v -0.227632 0.400303 -0.226461
v -0.227828 0.410510 -0.227700
v -0.188506 0.399124 -0.259888
v -0.188391 0.409318 -0.261265
v -0.145206 0.398170 -0.287043
v -0.144807 0.408428 -0.288305
v -0.098855 0.397728 -0.306861
v -0.098439 0.408165 -0.307962
v -0.051394 0.397527 -0.318684
v -0.051022 0.408230 -0.319851
v -0.002403 0.397275 -0.322523
v -0.002137 0.408095 -0.323577
v 0.046156 0.397273 -0.318714
v 0.046306 0.407828 -0.319816
v 0.093452 0.397711 -0.306800
v 0.093440 0.408154 -0.307906
v 0.139506 0.397862 -0.288382
v 0.139370 0.408303 -0.289510
v 0.183536 0.398083 -0.261401
v 0.183405 0.408548 -0.262760
v 0.223705 0.398496 -0.227338
v 0.223730 0.408827 -0.228796
v 0.258108 0.398673 -0.186691
v 0.258313 0.408964 -0.188060
v 0.258923 0.419031 -0.189780
v 0.285974 0.409514 -0.139673
v 0.286902 0.419503 -0.141289
v 0.288940 0.429156 -0.143402
v 0.307174 0.420331 -0.088354
v 0.309293 0.429854 -0.090030
v 0.313738 0.437974 -0.092365
v 0.318565 0.430984 -0.033730
v 0.323478 0.438780 -0.035058
v 0.332135 0.440264 -0.036444
v 0.321595 0.440743 0.023730
v 0.330672 0.442381 0.024009
v 0.338756 0.436393 0.024368
v 0.317233 0.445239 0.084241
v 0.324986 0.439204 0.086158
v 0.328382 0.429520 0.086737
v 0.299802 0.442250 0.145072
v 0.304467 0.432788 0.147114
v 0.303841 0.421972 0.146425
v 0.268230 0.433659 0.200959
v 0.268208 0.423351 0.200540
v 0.267702 0.412966 0.199653
v 0.302966 0.411308 0.145545
v 0.267518 0.402522 0.199026
v 0.302557 0.400503 0.144909
v 0.267708 0.391167 0.198524
v 0.222741 0.402767 0.245573
v 0.223053 0.391472 0.245142
v 0.223585 0.375729 0.244798
v 0.268133 0.375324 0.198047
v 0.170288 0.390942 0.282571
v 0.170050 0.402423 0.282952
v 0.111469 0.402049 0.310184
v 0.169982 0.412834 0.283608
v 0.111513 0.412706 0.310861
v 0.049348 0.412825 0.326221
v 0.111642 0.423012 0.311933
v 0.049345 0.423190 0.327100
v -0.014261 0.423562 0.330266
v 0.049238 0.433484 0.327775
v -0.014537 0.433996 0.330982
v 0.048520 0.443070 0.324702
v -0.014674 0.443534 0.327836
v -0.077411 0.444049 0.319597
v -0.014674 0.448861 0.319738
v -0.075717 0.449814 0.311625
v -0.134862 0.449743 0.292305
v -0.073929 0.447036 0.303165
v -0.131416 0.447451 0.284244
v -0.184030 0.446437 0.254993
v -0.129575 0.438650 0.279946
v -0.181640 0.437853 0.251587
v -0.225934 0.437315 0.214919
v -0.180496 0.428058 0.249895
v -0.224364 0.427524 0.213441
v -0.260995 0.427350 0.170010
v -0.223490 0.417445 0.212669
v -0.260028 0.417221 0.169517
v -0.288517 0.416726 0.121335
v -0.259344 0.406806 0.169178
v -0.287662 0.406368 0.121143
v -0.306889 0.405696 0.069486
v -0.287040 0.395587 0.121198
v -0.306156 0.395159 0.069739
v -0.315941 0.394220 0.016409
v -0.305566 0.380408 0.070184
v -0.315419 0.379794 0.017133
v -0.315442 0.378475 -0.035933
v -0.315737 0.393151 -0.036822
v -0.305740 0.377579 -0.088353
v -0.306136 0.392058 -0.089153
v -0.287273 0.376848 -0.138021
v -0.287441 0.391107 -0.138748
v -0.261427 0.376024 -0.183902
v -0.261401 0.390288 -0.185004
v -0.228435 0.375651 -0.224136
v -0.227885 0.389728 -0.225370
v -0.189424 0.374880 -0.257799
v -0.188879 0.388682 -0.258855
v -0.146452 0.373667 -0.285402
v -0.145793 0.387639 -0.286203
v -0.100007 0.372750 -0.305464
v -0.099463 0.386973 -0.306068
v -0.052339 0.371884 -0.317301
v -0.051828 0.386417 -0.317929
v -0.003150 0.371245 -0.321498
v -0.002751 0.385960 -0.321954
v 0.045996 0.371980 -0.317436
v 0.046056 0.386281 -0.318057
v 0.093890 0.372686 -0.305583
v 0.093661 0.386951 -0.306153
v 0.140072 0.373225 -0.286654
v 0.139758 0.387071 -0.287459
v 0.184318 0.373504 -0.259655
v 0.183954 0.387247 -0.260509
v 0.224212 0.373725 -0.225234
v 0.223927 0.387875 -0.226241
v 0.258591 0.373739 -0.184045
v 0.258204 0.387966 -0.185471
v 0.285662 0.374225 -0.136164
v 0.285569 0.388555 -0.137245
v 0.285522 0.399243 -0.138354
v 0.305189 0.390006 -0.084876
v 0.305484 0.400467 -0.085883
v 0.306064 0.410465 -0.087048
v 0.314770 0.401679 -0.030601
v 0.315556 0.411573 -0.031612
v 0.316672 0.421414 -0.032591
v 0.313181 0.412922 0.025626
v 0.314525 0.422795 0.024886
v 0.316850 0.432453 0.024135
v 0.301360 0.424459 0.081966
v 0.303863 0.434147 0.081771
v 0.308555 0.442566 0.082259
v 0.279981 0.435850 0.136258
v 0.284115 0.444579 0.137676
v 0.291995 0.447240 0.141298
v 0.250641 0.445715 0.188154
v 0.257644 0.448371 0.193266
v 0.264156 0.442650 0.197959
v 0.214145 0.448391 0.238677
v 0.219739 0.442707 0.244470
v 0.222736 0.433611 0.247412
v 0.167590 0.442321 0.281895
v 0.170027 0.433168 0.285315
v 0.170061 0.423021 0.284591
v 0.222877 0.423314 0.247035
v 0.222679 0.413078 0.246195
v 0.111632 0.433220 0.312731
v 0.109977 0.442515 0.308901
v 0.163167 0.447950 0.274966
v 0.106984 0.448192 0.301406
v 0.046984 0.448846 0.316708
v 0.103676 0.446500 0.293142
v 0.045356 0.446743 0.308024
v -0.014580 0.446501 0.311264
v 0.044355 0.438099 0.303796
v -0.014730 0.438146 0.306847
v -0.073250 0.438423 0.298866
v -0.014984 0.428500 0.304655
v -0.073053 0.428669 0.296713
v -0.128883 0.428775 0.277857
v -0.073097 0.418604 0.295594
v -0.128553 0.418622 0.276856
v -0.179741 0.418012 0.248934
v -0.128411 0.408294 0.276103
v -0.179219 0.407789 0.248325
v -0.222845 0.407110 0.212293
v -0.178853 0.397261 0.247955
v -0.222565 0.396382 0.212015
v -0.258908 0.396019 0.168996
v -0.222382 0.381563 0.211810
v -0.258957 0.381109 0.168380
v -0.286639 0.380983 0.121438
v -0.258051 0.357651 0.168860
v -0.286029 0.357364 0.121682
v -0.304667 0.356818 0.070757
v -0.284309 0.321488 0.121452
v -0.303064 0.320998 0.071218
v -0.312557 0.320315 0.019008
v -0.314722 0.356007 0.018084
v -0.313006 0.319547 -0.033535
v -0.314725 0.355110 -0.035011
v -0.303651 0.318807 -0.084914
v -0.305160 0.354194 -0.086979
v -0.285993 0.318221 -0.133816
v -0.287144 0.353319 -0.136447
v -0.260796 0.317762 -0.178981
v -0.261406 0.352685 -0.181967
v -0.228921 0.317147 -0.219113
v -0.228945 0.352256 -0.222356
v -0.190868 0.316538 -0.253020
v -0.190356 0.351551 -0.256199
v -0.148405 0.315976 -0.280918
v -0.147457 0.350739 -0.283923
v -0.102397 0.315477 -0.301633
v -0.101188 0.349953 -0.304292
v -0.053975 0.315062 -0.313746
v -0.053080 0.349402 -0.316306
v -0.004332 0.314673 -0.318569
v -0.003676 0.348798 -0.320725
v 0.045498 0.314224 -0.314482
v 0.045856 0.348659 -0.316481
v 0.094304 0.313842 -0.302611
v 0.094178 0.348977 -0.304509
v 0.141014 0.313564 -0.282704
v 0.140676 0.349310 -0.285239
v 0.184993 0.313401 -0.255188
v 0.184874 0.349467 -0.258215
v 0.224822 0.313357 -0.220295
v 0.224745 0.349634 -0.223427
v 0.258983 0.313483 -0.178896
v 0.259007 0.349803 -0.182007
v 0.285169 0.313653 -0.130946
v 0.285727 0.350179 -0.134076
v 0.303509 0.313993 -0.078734
v 0.304630 0.350996 -0.081804
v 0.304754 0.375283 -0.084675
v 0.313342 0.351868 -0.026226
v 0.313950 0.376019 -0.028398
v 0.314321 0.391190 -0.029575
v 0.311108 0.377179 0.029736
v 0.311815 0.392155 0.027444
v 0.312335 0.402878 0.026425
v 0.297885 0.393673 0.083528
v 0.298673 0.404408 0.082899
v 0.299807 0.414535 0.082393
v 0.275201 0.405904 0.136244
v 0.276284 0.416043 0.135962
v 0.277708 0.426054 0.135884
v 0.243564 0.417088 0.184286
v 0.244768 0.427248 0.184543
v 0.246676 0.437109 0.185498
v 0.202798 0.427828 0.227694
v 0.204680 0.437688 0.229112
v 0.208048 0.446196 0.232267
v 0.155902 0.437484 0.264405
v 0.158528 0.445903 0.267705
v 0.101803 0.437811 0.289228
v 0.154425 0.427745 0.262884
v 0.100717 0.428061 0.287355
v 0.043670 0.428374 0.301800
v 0.099924 0.418044 0.286299
v 0.043120 0.418368 0.300706
v -0.015241 0.418474 0.303368
v 0.042659 0.408218 0.299946
v -0.015544 0.408265 0.302597
v -0.073317 0.408301 0.294835
v -0.015908 0.397704 0.302140
v -0.073523 0.397683 0.294339
v -0.128416 0.397661 0.275634
v -0.073996 0.382179 0.294065
v -0.128429 0.382405 0.275370
v -0.177989 0.382532 0.248079
v -0.128643 0.358524 0.274714
v -0.178406 0.358326 0.247203
v -0.222007 0.357965 0.211453
v -0.178012 0.321737 0.245750
v -0.221167 0.321896 0.210396
v -0.256855 0.321836 0.168373
v -0.222992 0.278737 0.211726
v -0.258501 0.278604 0.169579
v -0.285831 0.278264 0.122604
v -0.260120 0.234910 0.170342
v -0.287372 0.234553 0.123366
v -0.306001 0.234014 0.073196
v -0.304706 0.277747 0.072429
v -0.315167 0.233373 0.021088
v -0.314160 0.277093 0.020242
v -0.315662 0.232734 -0.031225
v -0.314616 0.276415 -0.032269
v -0.306449 0.232128 -0.082331
v -0.305287 0.275746 -0.083550
v -0.289843 0.231536 -0.131188
v -0.287903 0.275146 -0.132389
v -0.265824 0.230893 -0.176653
v -0.263457 0.274588 -0.177840
v -0.234625 0.230186 -0.217342
v -0.231758 0.273965 -0.218141
v -0.196562 0.229512 -0.251645
v -0.193808 0.273325 -0.252376
v -0.153778 0.228845 -0.279866
v -0.151129 0.272696 -0.280390
v -0.107034 0.228167 -0.300984
v -0.104714 0.272122 -0.301188
v -0.057506 0.227554 -0.314365
v -0.055702 0.271607 -0.313922
v -0.006278 0.227057 -0.319789
v -0.005283 0.271152 -0.318867
v 0.045385 0.226677 -0.316070
v 0.045462 0.270746 -0.315157
v 0.096135 0.226366 -0.303978
v 0.095232 0.270418 -0.303130
v 0.144483 0.226208 -0.282894
v 0.142788 0.270153 -0.282751
v 0.189609 0.226125 -0.254480
v 0.187388 0.270001 -0.254676
v 0.230274 0.226097 -0.218988
v 0.227836 0.269972 -0.219769
v 0.264407 0.226149 -0.176252
v 0.262211 0.270062 -0.177827
v 0.290475 0.226376 -0.127373
v 0.288072 0.270218 -0.129187
v 0.308120 0.226753 -0.074210
v 0.306369 0.270648 -0.076510
v 0.315037 0.227424 -0.018048
v 0.313927 0.271331 -0.020708
v 0.311706 0.314728 -0.023478
v 0.310299 0.272219 0.036035
v 0.308445 0.315731 0.032873
v 0.310339 0.352860 0.030620
v 0.294158 0.316728 0.087973
v 0.296028 0.354089 0.086075
v 0.297057 0.378939 0.084701
v 0.272767 0.355180 0.138742
v 0.273917 0.379824 0.137490
v 0.274536 0.395258 0.136717
v 0.240808 0.380337 0.185195
v 0.241738 0.395845 0.184542
v 0.242647 0.406845 0.184239
v 0.200140 0.396105 0.226729
v 0.200715 0.407121 0.226641
v 0.201547 0.417580 0.226975
v 0.152727 0.407398 0.261411
v 0.153422 0.417664 0.261952
v 0.099306 0.407800 0.285660
v 0.152223 0.396549 0.261355
v 0.098773 0.397005 0.285439
v 0.042143 0.397544 0.299577
v 0.098149 0.381988 0.285393
v 0.041625 0.382554 0.299421
v -0.016463 0.382222 0.301935
v 0.040590 0.357993 0.299241
v -0.017331 0.358422 0.301774
v -0.074467 0.358472 0.293480
v -0.018492 0.321258 0.300917
v -0.075191 0.321642 0.292224
v -0.128914 0.321738 0.273478
v -0.077217 0.278360 0.294439
v -0.131085 0.278596 0.275477
v -0.180240 0.278721 0.247620
v -0.133262 0.234977 0.276780
v -0.182359 0.235102 0.248717
v -0.225028 0.235074 0.212745
v -0.182380 0.191447 0.246283
v -0.223866 0.191484 0.210012
v -0.258587 0.191295 0.168357
v -0.224038 0.147822 0.208069
v -0.257679 0.147729 0.166353
v -0.282484 0.147458 0.119854
v -0.285119 0.190924 0.122001
v -0.298426 0.147079 0.070807
v -0.302464 0.190456 0.072250
v -0.306952 0.146557 0.020718
v -0.311536 0.189872 0.021121
v -0.307936 0.145948 -0.029405
v -0.312008 0.189269 -0.030173
v -0.300212 0.145273 -0.078461
v -0.303249 0.188726 -0.080259
v -0.285157 0.144560 -0.125594
v -0.287452 0.188044 -0.128328
v -0.262891 0.143749 -0.169755
v -0.264402 0.187291 -0.173212
v -0.233370 0.142927 -0.209565
v -0.233844 0.186546 -0.213314
v -0.197122 0.142100 -0.243843
v -0.196693 0.185821 -0.247568
v -0.155603 0.141261 -0.272372
v -0.154491 0.185068 -0.275817
v -0.109588 0.140429 -0.294000
v -0.108228 0.184310 -0.297357
v -0.060108 0.139770 -0.307296
v -0.058736 0.183659 -0.310779
v -0.008615 0.139272 -0.312269
v -0.007350 0.183126 -0.315985
v 0.043542 0.138852 -0.310029
v 0.044514 0.182747 -0.312795
v 0.095155 0.138605 -0.298857
v 0.095458 0.182512 -0.300667
v 0.144025 0.138473 -0.277895
v 0.144228 0.182365 -0.280076
v 0.189732 0.138400 -0.249849
v 0.189534 0.182287 -0.251804
v 0.229559 0.138433 -0.213344
v 0.229708 0.182268 -0.215825
v 0.262157 0.138564 -0.169815
v 0.262929 0.182344 -0.172685
v 0.286972 0.138795 -0.121050
v 0.288162 0.182599 -0.123852
v 0.302975 0.139182 -0.068285
v 0.304817 0.182976 -0.070981
v 0.309352 0.139758 -0.013075
v 0.311213 0.183610 -0.015478
v 0.304884 0.140492 0.042703
v 0.306984 0.184387 0.040668
v 0.311066 0.228240 0.038845
v 0.291999 0.185297 0.095360
v 0.296443 0.229203 0.094403
v 0.295857 0.273227 0.091443
v 0.271652 0.230140 0.146595
v 0.271319 0.274192 0.143471
v 0.270273 0.317740 0.139935
v 0.237786 0.275066 0.190634
v 0.237047 0.318616 0.186870
v 0.239422 0.355802 0.186104
v 0.196292 0.319268 0.228088
v 0.198177 0.356295 0.227455
v 0.199449 0.380771 0.226990
v 0.150744 0.356795 0.261869
v 0.151711 0.381058 0.261590
v 0.097243 0.357362 0.285535
v 0.148657 0.319876 0.261525
v 0.095542 0.320387 0.285212
v 0.039120 0.320808 0.298423
v 0.094681 0.277025 0.288539
v 0.037766 0.277542 0.301379
v -0.020257 0.277979 0.303289
v 0.036062 0.233766 0.303358
v -0.022217 0.234267 0.305044
v -0.079319 0.234688 0.295917
v -0.024183 0.190498 0.302968
v -0.080819 0.190950 0.293859
v -0.134228 0.191259 0.274785
v -0.082865 0.147139 0.292667
v -0.135497 0.147503 0.272650
v -0.183015 0.147735 0.244024
v -0.136793 0.103816 0.269491
v -0.183506 0.104149 0.240760
v -0.223846 0.104257 0.205055
v -0.184920 0.060476 0.237880
v -0.224524 0.060659 0.202058
v -0.256610 0.060657 0.160713
v -0.256699 0.104194 0.163532
v -0.280423 0.060539 0.115521
v -0.280886 0.104022 0.117783
v -0.294338 0.060398 0.067574
v -0.296046 0.103743 0.069427
v -0.299356 0.060183 0.018823
v -0.303426 0.103328 0.020030
v -0.303621 0.059306 -0.029077
v -0.305183 0.102648 -0.029056
v -0.296351 0.058529 -0.075946
v -0.298049 0.101938 -0.077061
v -0.281440 0.057715 -0.120836
v -0.282861 0.101171 -0.122998
v -0.260411 0.056763 -0.163260
v -0.261476 0.100269 -0.166440
v -0.232679 0.055774 -0.202089
v -0.232711 0.099397 -0.205643
v -0.198098 0.054772 -0.235967
v -0.197302 0.098493 -0.239652
v -0.157469 0.053733 -0.263900
v -0.156003 0.097638 -0.267398
v -0.112324 0.052718 -0.285774
v -0.110474 0.096754 -0.289010
v -0.063262 0.051857 -0.300060
v -0.061386 0.096002 -0.302866
v -0.011744 0.051246 -0.306090
v -0.010010 0.095461 -0.308233
v 0.040911 0.050905 -0.303990
v 0.042153 0.095072 -0.305533
v 0.092944 0.050784 -0.293088
v 0.093858 0.094807 -0.294849
v 0.142471 0.050834 -0.272667
v 0.143014 0.094723 -0.274553
v 0.188092 0.050862 -0.244155
v 0.188545 0.094671 -0.246345
v 0.228150 0.050899 -0.207998
v 0.228405 0.094676 -0.210178
v 0.260084 0.051028 -0.164364
v 0.260286 0.094853 -0.166478
v 0.284562 0.051211 -0.115944
v 0.284951 0.095048 -0.118056
v 0.300157 0.051468 -0.063663
v 0.299787 0.095455 -0.065496
v 0.306298 0.051875 -0.009005
v 0.306475 0.095874 -0.010890
v 0.301286 0.052448 0.046272
v 0.301981 0.096563 0.044409
v 0.286620 0.053193 0.100334
v 0.287273 0.097347 0.098397
v 0.289943 0.141359 0.097093
v 0.262424 0.098215 0.149118
v 0.265397 0.142264 0.148385
v 0.267500 0.186242 0.146954
v 0.232283 0.143119 0.195310
v 0.233984 0.187096 0.193775
v 0.237859 0.231042 0.193950
v 0.192487 0.187897 0.234286
v 0.196067 0.231863 0.235069
v 0.196405 0.275791 0.231707
v 0.147489 0.232545 0.268154
v 0.148262 0.276437 0.265006
v 0.093379 0.233189 0.291134
v 0.144366 0.188613 0.267092
v 0.090596 0.189298 0.289697
v 0.033696 0.189926 0.301950
v 0.088324 0.145335 0.290282
v 0.031211 0.146027 0.301425
v -0.026531 0.146632 0.302019
v 0.028382 0.102114 0.299868
v -0.029057 0.102774 0.300247
v -0.084776 0.103349 0.289721
v -0.032060 0.058845 0.298667
v -0.087547 0.059522 0.287822
v -0.139092 0.060087 0.267186
v -0.090257 0.015666 0.284145
v -0.140877 0.016334 0.262795
v -0.185953 0.016846 0.233495
v -0.141343 -0.026746 0.254378
v -0.184734 -0.026117 0.225069
v -0.222191 -0.025832 0.190489
v -0.225156 0.017079 0.198277
v -0.251524 -0.025579 0.150160
v -0.256182 0.017169 0.157122
v -0.272254 -0.025406 0.106275
v -0.278564 0.017130 0.112182
v -0.284978 -0.025358 0.060775
v -0.290565 0.017339 0.064724
v -0.290632 -0.025626 0.015256
v -0.296225 0.017140 0.017353
v -0.292549 -0.026524 -0.029400
v -0.301548 0.015950 -0.029264
v -0.286840 -0.027459 -0.072871
v -0.294349 0.015091 -0.074966
v -0.273026 -0.028296 -0.114353
v -0.279505 0.014349 -0.118522
v -0.253807 -0.029356 -0.153977
v -0.259027 0.013307 -0.159803
v -0.228399 -0.030525 -0.190643
v -0.232256 0.012183 -0.197913
v -0.196627 -0.031824 -0.223558
v -0.198203 0.011145 -0.231028
v -0.158436 -0.033404 -0.251289
v -0.158551 0.009894 -0.259072
v -0.114959 -0.035451 -0.273380
v -0.113882 0.008581 -0.280932
v -0.067228 -0.037480 -0.289188
v -0.065142 0.007467 -0.295437
v -0.016190 -0.038382 -0.296241
v -0.013783 0.006724 -0.302392
v 0.036473 -0.037937 -0.294561
v 0.039038 0.006558 -0.300659
v 0.088387 -0.036834 -0.283120
v 0.091070 0.006851 -0.289057
v 0.137995 -0.036094 -0.263426
v 0.140863 0.007134 -0.269119
v 0.182953 -0.035726 -0.234842
v 0.186452 0.007252 -0.240674
v 0.221701 -0.035611 -0.198716
v 0.226007 0.007309 -0.204333
v 0.252293 -0.035555 -0.156012
v 0.258003 0.007370 -0.161289
v 0.275120 -0.035529 -0.109064
v 0.281745 0.007467 -0.113181
v 0.287200 -0.035058 -0.058373
v 0.296366 0.007679 -0.061314
v 0.292556 -0.034877 -0.005931
v 0.301729 0.007965 -0.007270
v 0.286818 -0.034469 0.047042
v 0.296676 0.008506 0.047268
v 0.275145 -0.034532 0.099762
v 0.282305 0.009047 0.100679
v 0.250529 -0.033894 0.148586
v 0.257621 0.009801 0.150891
v 0.261819 0.054021 0.151148
v 0.223553 0.010588 0.196062
v 0.227525 0.054865 0.196853
v 0.228768 0.099124 0.195126
v 0.185279 0.055729 0.236105
v 0.187073 0.099931 0.234741
v 0.190579 0.143857 0.235564
v 0.138641 0.100646 0.266363
v 0.142387 0.144661 0.268358
v 0.085148 0.101391 0.288695
v 0.136508 0.056570 0.267561
v 0.082399 0.057357 0.288920
v 0.025316 0.058095 0.298990
v 0.078586 0.013124 0.286268
v 0.021797 0.014031 0.296705
v -0.035276 0.014913 0.295565
v 0.017512 -0.029636 0.290466
v -0.038682 -0.028596 0.288660
v -0.092288 -0.027596 0.276112
v -0.042638 -0.072318 0.281790
v -0.095397 -0.071306 0.269172
v -0.143266 -0.070275 0.247120
v -0.096089 -0.111516 0.252185
v -0.140156 -0.110196 0.230185
v -0.179229 -0.109668 0.202998
v -0.185441 -0.069458 0.218567
v -0.212286 -0.109204 0.169967
v -0.221195 -0.069115 0.183753
v -0.238836 -0.108965 0.132266
v -0.249647 -0.068782 0.144091
v -0.258373 -0.108982 0.091481
v -0.270224 -0.068493 0.101163
v -0.269950 -0.109096 0.049807
v -0.282622 -0.068383 0.056837
v -0.274925 -0.109480 0.009079
v -0.288390 -0.068780 0.012792
v -0.274113 -0.110069 -0.030269
v -0.288390 -0.069545 -0.030014
v -0.267654 -0.110805 -0.068113
v -0.281890 -0.070422 -0.071479
v -0.255428 -0.111353 -0.104180
v -0.269044 -0.071395 -0.111260
v -0.237809 -0.111853 -0.138311
v -0.250317 -0.072354 -0.148915
v -0.215725 -0.112900 -0.170760
v -0.225980 -0.073394 -0.184081
v -0.188300 -0.113814 -0.200631
v -0.195868 -0.074695 -0.216245
v -0.154780 -0.114551 -0.227062
v -0.159296 -0.076425 -0.244061
v -0.114954 -0.115746 -0.249183
v -0.116868 -0.079193 -0.266185
v -0.069586 -0.117495 -0.264067
v -0.069411 -0.082360 -0.280772
v -0.020871 -0.118141 -0.271239
v -0.018891 -0.083978 -0.288161
v 0.029647 -0.117627 -0.271379
v 0.033574 -0.081882 -0.287463
v 0.079625 -0.116659 -0.261563
v 0.085502 -0.080107 -0.277251
v 0.126589 -0.115987 -0.241568
v 0.134727 -0.078748 -0.257152
v 0.169037 -0.116273 -0.213958
v 0.179231 -0.078484 -0.228593
v 0.204754 -0.116920 -0.179874
v 0.217221 -0.078511 -0.192880
v 0.232269 -0.117275 -0.140656
v 0.246967 -0.078732 -0.151101
v 0.252441 -0.117602 -0.098113
v 0.268649 -0.078595 -0.105246
v 0.265104 -0.117993 -0.052475
v 0.281671 -0.078415 -0.056048
v 0.268961 -0.117919 -0.004198
v 0.286596 -0.078438 -0.004855
v 0.264102 -0.117795 0.044861
v 0.281457 -0.078258 0.047205
v 0.250376 -0.117641 0.092777
v 0.267500 -0.078145 0.098254
v 0.227486 -0.117412 0.137234
v 0.243672 -0.077906 0.146125
v 0.196582 -0.117274 0.177305
v 0.211068 -0.077512 0.189519
v 0.216858 -0.033196 0.192530
v 0.169792 -0.076563 0.226251
v 0.175034 -0.032336 0.229929
v 0.181376 0.011413 0.234713
v 0.127068 -0.031569 0.260454
v 0.132541 0.012216 0.265524
v 0.073542 -0.030568 0.280218
v 0.121827 -0.075856 0.255806
v 0.068855 -0.074788 0.275576
v 0.012947 -0.073555 0.284472
v 0.060972 -0.115186 0.260080
v 0.007488 -0.113862 0.268052
v -0.045946 -0.112540 0.265016
v 0.001721 -0.155164 0.256869
v -0.050806 -0.153606 0.252492
v -0.098954 -0.152237 0.238264
v -0.055287 -0.193447 0.234117
v -0.102119 -0.192442 0.219558
v -0.140269 -0.191158 0.198095
v -0.139937 -0.150923 0.216270
v -0.172305 -0.190284 0.172211
v -0.175850 -0.150038 0.189383
v -0.199449 -0.189205 0.141466
v -0.206096 -0.149119 0.157085
v -0.222031 -0.188728 0.106845
v -0.229991 -0.148412 0.120467
v -0.237850 -0.188451 0.068325
v -0.247753 -0.148153 0.080993
v -0.245820 -0.188498 0.031989
v -0.257815 -0.148341 0.041791
v -0.248047 -0.188910 -0.001457
v -0.261321 -0.148779 0.004402
v -0.246057 -0.189510 -0.032770
v -0.260067 -0.149408 -0.031146
v -0.240370 -0.190076 -0.062183
v -0.253694 -0.150074 -0.065092
v -0.231303 -0.190681 -0.090150
v -0.243567 -0.150882 -0.097640
v -0.218332 -0.191437 -0.117665
v -0.228399 -0.151837 -0.128967
v -0.200867 -0.192154 -0.144419
v -0.208777 -0.152943 -0.159101
v -0.179269 -0.192983 -0.170226
v -0.183996 -0.153788 -0.186802
v -0.152259 -0.193094 -0.194811
v -0.153505 -0.153465 -0.212352
v -0.116586 -0.191047 -0.219886
v -0.115859 -0.152033 -0.236052
v -0.073473 -0.188320 -0.238650
v -0.071447 -0.149273 -0.252524
v -0.026318 -0.186968 -0.248636
v -0.023235 -0.148253 -0.260004
v 0.022080 -0.188453 -0.248295
v 0.026153 -0.150543 -0.260262
v 0.069816 -0.191356 -0.238551
v 0.075228 -0.152795 -0.251358
v 0.114754 -0.193732 -0.219140
v 0.121297 -0.154437 -0.231579
v 0.154401 -0.195228 -0.190863
v 0.162816 -0.155646 -0.203900
v 0.185692 -0.196278 -0.156879
v 0.196065 -0.156392 -0.169582
v 0.208485 -0.196734 -0.122040
v 0.222244 -0.157291 -0.132778
v 0.225327 -0.197568 -0.086373
v 0.241305 -0.157961 -0.093112
v 0.236481 -0.198106 -0.047798
v 0.253249 -0.158472 -0.050288
v 0.240247 -0.197907 -0.004368
v 0.256878 -0.158497 -0.003944
v 0.235805 -0.197900 0.040936
v 0.252258 -0.158603 0.043371
v 0.223373 -0.198357 0.084332
v 0.239387 -0.159054 0.089680
v 0.202697 -0.198678 0.123163
v 0.217720 -0.159692 0.132157
v 0.175670 -0.199242 0.157958
v 0.188426 -0.160647 0.170537
v 0.139981 -0.199425 0.190300
v 0.150538 -0.160564 0.204758
v 0.157417 -0.116758 0.212349
v 0.105277 -0.159033 0.232752
v 0.111554 -0.115865 0.240475
v 0.054584 -0.156987 0.250166
v 0.095458 -0.198214 0.217710
v 0.046763 -0.196580 0.234387
v -0.004410 -0.194834 0.239363
v 0.039672 -0.236554 0.223856
v -0.010916 -0.235424 0.226897
v -0.061924 -0.234426 0.220696
v -0.017309 -0.277031 0.216654
v -0.066926 -0.276637 0.208059
v -0.111797 -0.275660 0.188829
v -0.107449 -0.233149 0.202546
v -0.147567 -0.273995 0.163410
v -0.142397 -0.231474 0.178854
v -0.176753 -0.271709 0.134883
v -0.171443 -0.229734 0.151387
v -0.200143 -0.269916 0.102332
v -0.195618 -0.228261 0.120561
v -0.216504 -0.268709 0.067187
v -0.214500 -0.227405 0.086879
v -0.224866 -0.268264 0.034599
v -0.226479 -0.227231 0.050965
v -0.227143 -0.268585 0.007145
v -0.231459 -0.227369 0.019290
v -0.226345 -0.269309 -0.017008
v -0.232039 -0.227787 -0.009015
v -0.223330 -0.270208 -0.038771
v -0.229696 -0.228280 -0.034931
v -0.219056 -0.270579 -0.058225
v -0.224770 -0.228635 -0.058543
v -0.213601 -0.271021 -0.075953
v -0.217550 -0.228975 -0.081060
v -0.206033 -0.271352 -0.093620
v -0.207957 -0.229095 -0.103521
v -0.195478 -0.270743 -0.113115
v -0.194107 -0.228784 -0.126588
v -0.180637 -0.268502 -0.136317
v -0.175589 -0.228145 -0.150678
v -0.158371 -0.267040 -0.163377
v -0.152027 -0.228112 -0.176030
v -0.124618 -0.268540 -0.191108
v -0.117786 -0.228168 -0.201468
v -0.082155 -0.270225 -0.211780
v -0.075863 -0.227895 -0.220205
v -0.035631 -0.271800 -0.222133
v -0.030199 -0.228217 -0.230199
v 0.011593 -0.273291 -0.223603
v 0.016700 -0.229576 -0.231069
v 0.058166 -0.274930 -0.215473
v 0.063085 -0.231417 -0.223054
v 0.101592 -0.276348 -0.196915
v 0.106755 -0.233270 -0.204717
v 0.139247 -0.276862 -0.169881
v 0.145622 -0.234975 -0.178306
v 0.168012 -0.278185 -0.139062
v 0.175819 -0.236278 -0.145938
v 0.190464 -0.279017 -0.107108
v 0.198391 -0.236982 -0.113615
v 0.205825 -0.278715 -0.074540
v 0.212892 -0.237299 -0.080064
v 0.214030 -0.278347 -0.042237
v 0.223234 -0.237539 -0.045076
v 0.217817 -0.278345 -0.005645
v 0.227851 -0.237722 -0.004828
v 0.215339 -0.278404 0.033727
v 0.224705 -0.237677 0.037435
v 0.205265 -0.278288 0.072264
v 0.212848 -0.237419 0.078995
v 0.187056 -0.277607 0.109816
v 0.193112 -0.236756 0.116395
v 0.159936 -0.276277 0.146105
v 0.168043 -0.236283 0.151270
v 0.124352 -0.276740 0.176910
v 0.132717 -0.236266 0.182762
v 0.080586 -0.277792 0.200781
v 0.088299 -0.236995 0.209368
v 0.032895 -0.277994 0.214399
v 0.067697 -0.310565 0.179895
v 0.023875 -0.308647 0.189848
v -0.021663 -0.308359 0.190978
v 0.017266 -0.332036 0.171453
v -0.025323 -0.331797 0.169411
v -0.065494 -0.333648 0.158678
v -0.066361 -0.308989 0.180369
v -0.101785 -0.333681 0.139860
v -0.106852 -0.308149 0.161584
v -0.131915 -0.331593 0.115431
v -0.140387 -0.307216 0.138276
v -0.157885 -0.329983 0.088420
v -0.168322 -0.304341 0.111393
v -0.173854 -0.327179 0.048671
v -0.190521 -0.302773 0.078140
v -0.180542 -0.327086 0.007879
v -0.202877 -0.301439 0.041031
v -0.183502 -0.331040 -0.016578
v -0.205568 -0.300980 0.011902
v -0.178790 -0.330882 -0.031093
v -0.206287 -0.302485 -0.008801
v -0.176890 -0.334147 -0.044005
v -0.202588 -0.303300 -0.026832
v -0.172141 -0.334019 -0.053272
v -0.197474 -0.306025 -0.043108
v -0.166594 -0.340769 -0.051161
v -0.164768 -0.338144 -0.057071
v -0.163951 -0.331301 -0.063619
v -0.158084 -0.339201 -0.062837
v -0.157665 -0.328207 -0.078459
v -0.170053 -0.305813 -0.107851
v -0.179987 -0.308768 -0.088581
v -0.147452 -0.328954 -0.107699
v -0.152335 -0.302574 -0.136241
v -0.117780 -0.328373 -0.141749
v -0.120176 -0.301678 -0.163444
v -0.080639 -0.327906 -0.162723
v -0.082048 -0.305284 -0.185924
v -0.041299 -0.331091 -0.177109
v -0.038858 -0.306148 -0.197520
v -0.000230 -0.327489 -0.174768
v 0.005339 -0.307837 -0.199298
v 0.040736 -0.333588 -0.172718
v 0.049109 -0.309535 -0.193765
v 0.076739 -0.332961 -0.156838
v 0.088493 -0.308488 -0.175506
v 0.105078 -0.330897 -0.133519
v 0.123073 -0.310201 -0.151479
v 0.128934 -0.339366 -0.113541
v 0.149711 -0.312065 -0.124729
v 0.147982 -0.339729 -0.088253
v 0.169980 -0.312394 -0.093863
v 0.163494 -0.336277 -0.058678
v 0.185575 -0.310073 -0.064489
v 0.169117 -0.332703 -0.033447
v 0.190909 -0.306891 -0.037545
v 0.177047 -0.336548 -0.004424
v 0.196840 -0.310157 -0.005512
v 0.169476 -0.333894 0.025153
v 0.192254 -0.309531 0.027129
v 0.164700 -0.336153 0.052561
v 0.184918 -0.310358 0.059381
v 0.152138 -0.336863 0.082626
v 0.167935 -0.310185 0.093489
v 0.123547 -0.334736 0.116375
v 0.140390 -0.310587 0.129886
v 0.092153 -0.333118 0.140446
v 0.105859 -0.308630 0.156340
v 0.057293 -0.333482 0.161855
v 0.084792 -0.350660 0.131563
v 0.050157 -0.350188 0.149197
v 0.011962 -0.348816 0.157072
v 0.043591 -0.361161 0.135336
v 0.008165 -0.359708 0.141177
v -0.027030 -0.359774 0.138516
v -0.027118 -0.348663 0.154172
v -0.061157 -0.360474 0.127717
v -0.063864 -0.349579 0.143173
v -0.091707 -0.360833 0.108477
v -0.098153 -0.350557 0.124091
v -0.116832 -0.359874 0.084150
v -0.125704 -0.349768 0.099446
v -0.135244 -0.359276 0.054295
v -0.147820 -0.349024 0.069771
v -0.161887 -0.347285 0.024789
v -0.167346 -0.345485 -0.017597
v -0.149023 -0.356347 0.006581
v -0.158840 -0.347603 -0.034329
v -0.162910 -0.345863 -0.044294
v -0.167849 -0.342269 -0.035767
v -0.162331 -0.345012 -0.049601
v -0.168221 -0.341870 -0.044385
v -0.160745 -0.343179 -0.055876
v -0.149981 -0.352324 -0.050709
v -0.149413 -0.346279 -0.066689
v -0.147788 -0.341366 -0.083284
v -0.116900 -0.352927 -0.106615
v -0.116625 -0.342148 -0.120512
v -0.079624 -0.355213 -0.136009
v -0.080154 -0.343218 -0.147655
v -0.042179 -0.355211 -0.151888
v -0.041940 -0.344279 -0.163123
v -0.004690 -0.356282 -0.156203
v -0.002203 -0.343960 -0.164719
v 0.032130 -0.358587 -0.151043
v 0.036117 -0.347382 -0.160862
v 0.064108 -0.360649 -0.137380
v 0.070097 -0.349166 -0.146406
v 0.088381 -0.360903 -0.117631
v 0.094477 -0.348655 -0.124041
v 0.106468 -0.363060 -0.099859
v 0.116253 -0.353810 -0.106610
v 0.122792 -0.363233 -0.077738
v 0.133436 -0.354639 -0.084367
v 0.134620 -0.362727 -0.052749
v 0.147549 -0.352571 -0.056009
v 0.141847 -0.363052 -0.028740
v 0.156672 -0.353537 -0.032688
v 0.144934 -0.361873 -0.002559
v 0.160572 -0.353387 -0.002957
v 0.141857 -0.360669 0.021935
v 0.155677 -0.351192 0.024099
v 0.136801 -0.361725 0.046309
v 0.150152 -0.352097 0.049919
v 0.127251 -0.362273 0.072646
v 0.139746 -0.352360 0.077521
v 0.104978 -0.361183 0.099667
v 0.113903 -0.351225 0.108579
v 0.075624 -0.361599 0.120791
v 0.092639 -0.365881 0.087752
v 0.065647 -0.365767 0.106491
v 0.036654 -0.365334 0.118450
v 0.054594 -0.367394 0.089658
v 0.029135 -0.366973 0.098467
v 0.002440 -0.366586 0.100402
v 0.005268 -0.364864 0.122710
v -0.024619 -0.366272 0.095510
v -0.026107 -0.364706 0.119248
v -0.049837 -0.365944 0.082727
v -0.056261 -0.364549 0.108195
v -0.082336 -0.364137 0.090206
v -0.102871 -0.363716 0.066746
v -0.116995 -0.363381 0.038975
v -0.098108 -0.364968 -0.006402
v -0.126147 -0.363328 -0.014137
v -0.090026 -0.365295 -0.050771
v -0.107599 -0.363764 -0.069787
v -0.115909 -0.360358 -0.089456
v -0.071963 -0.364614 -0.105635
v -0.076131 -0.361889 -0.121721
v -0.039375 -0.365321 -0.121290
v -0.041085 -0.362684 -0.138364
v -0.007300 -0.365877 -0.125981
v -0.006412 -0.363446 -0.142560
v 0.022919 -0.366410 -0.122076
v 0.027628 -0.364599 -0.137969
v 0.048669 -0.366932 -0.111350
v 0.057046 -0.365454 -0.126100
v 0.068691 -0.367449 -0.096245
v 0.079268 -0.365677 -0.108323
v 0.084126 -0.368037 -0.079364
v 0.096115 -0.366425 -0.090401
v 0.095852 -0.368427 -0.061213
v 0.110334 -0.366869 -0.070231
v 0.103649 -0.368670 -0.041874
v 0.120210 -0.367031 -0.047849
v 0.126263 -0.366942 -0.025087
v 0.128408 -0.366543 -0.002900
v 0.108192 -0.368426 0.015940
v 0.126630 -0.366046 0.019276
v 0.103383 -0.368289 0.035323
v 0.121607 -0.366117 0.041814
v 0.094013 -0.368030 0.055138
v 0.111439 -0.365985 0.065319
v 0.077792 -0.367756 0.074107
v 0.071160 -0.368532 0.040473
v 0.058310 -0.368152 0.055281
v 0.039859 -0.367455 0.065558
v 0.010074 -0.361177 0.038558
v 0.019572 -0.366502 0.069993
v -0.005353 -0.360461 0.035346
v -0.001357 -0.365257 0.068952
v -0.020327 -0.359940 0.026408
v -0.021341 -0.363754 0.060788
v -0.035544 -0.359689 0.014357
v -0.038612 -0.361902 0.044047
v -0.058009 -0.360780 0.003048
v -0.035525 -0.359627 -0.009516
v -0.059556 -0.362529 -0.027351
v -0.029323 -0.360240 -0.029104
v -0.047766 -0.364432 -0.054567
v -0.064529 -0.366021 -0.084562
v -0.036372 -0.366451 -0.101032
v -0.008008 -0.366773 -0.106166
v 0.017523 -0.367244 -0.102475
v 0.026365 -0.366799 -0.066353
v 0.038908 -0.367752 -0.093365
v 0.038884 -0.366913 -0.055790
v 0.055551 -0.368274 -0.080061
v 0.048408 -0.366958 -0.043192
v 0.068043 -0.368652 -0.064703
v 0.055851 -0.367078 -0.029431
v 0.075960 -0.368984 -0.048214
v 0.036019 -0.362960 -0.025156
v 0.046133 -0.364499 -0.014488
v 0.058249 -0.366577 -0.002760
v 0.039404 -0.362520 -0.001393
v 0.053771 -0.365825 0.010040
v 0.078333 -0.368785 0.024363
v 0.081185 -0.368930 0.009251
v 0.027076 -0.360821 -0.010540
v 0.016411 -0.360482 -0.017299
v 0.009502 -0.360060 -0.002564
v 0.025700 -0.361965 -0.033729
v 0.015134 -0.361474 -0.040236
v 0.005633 -0.360363 -0.023264
v -0.001560 -0.359929 -0.008050
v -0.014492 -0.359881 -0.015956
v -0.019211 -0.359612 0.002060
v -0.005695 -0.359813 0.009933
v 0.006079 -0.360078 0.014475
v -0.216109 -0.425742 0.070766
v -0.239693 -0.408274 0.030749
v -0.204531 -0.436981 0.066159
v -0.187961 -0.436551 0.103179
v -0.255353 -0.378419 -0.015501
v -0.258225 -0.337807 -0.065893
v -0.250364 -0.295490 -0.119023
v -0.229920 -0.252057 -0.170192
v -0.199525 -0.207074 -0.218160
v 0.062512 0.223342 -0.429034
v 0.078301 0.227199 -0.428034
v 0.066002 0.221724 -0.462532
v 0.082678 0.225695 -0.462406
v 0.097195 0.232839 -0.462903
v 0.087830 0.214785 -0.495439
v 0.102555 0.222578 -0.498343
v 0.107983 0.236015 -0.505155
v 0.104405 0.246134 -0.465203
v 0.097908 0.245557 -0.511311
v 0.096858 0.258651 -0.468473
v 0.083282 0.249939 -0.515187
v 0.099160 0.218355 -0.548246
v 0.084104 0.221280 -0.553020
v 0.068144 0.222494 -0.556165
v 0.085432 0.184290 -0.580736
v 0.068970 0.184734 -0.583766
v 0.050261 0.184960 -0.586133
v 0.100735 0.182716 -0.575701
v 0.113012 0.178530 -0.566501
v 0.110657 0.211675 -0.540112
v 0.107724 0.200620 -0.528972
v 0.112581 0.170414 -0.552402
v 0.097254 0.164988 -0.545391
v 0.092728 0.193744 -0.523870
v 0.075582 0.190112 -0.522342
v 0.079416 0.161862 -0.542867
v 0.071111 0.210664 -0.494668
v 0.052189 0.208374 -0.494858
v 0.056327 0.187852 -0.522068
v 0.046856 0.219419 -0.463052
v 0.028365 0.207391 -0.495673
v 0.002879 0.208054 -0.496876
v 0.004933 0.187284 -0.524247
v 0.031454 0.186859 -0.522861
v 0.059749 0.159792 -0.541995
v -0.017286 0.189022 -0.526152
v -0.018324 0.210107 -0.498395
v -0.035615 0.191882 -0.528739
vn 0.8469 0.4462 -0.2891
vn 0.4757 0.1135 -0.8723
vn 0.6382 0.2255 -0.7361
vn 0.9083 0.1896 -0.3728
vn 0.5135 -0.0349 -0.8574
vn 0.1965 0.5564 -0.8073
vn 0.1000 0.7703 -0.6298
vn 0.2635 0.6899 -0.6742
vn 0.0977 0.5464 -0.8318
vn 0.0916 0.5775 -0.8112
vn 0.3148 0.5889 -0.7444
vn 0.2071 0.5532 -0.8069
vn 0.6875 0.3311 -0.6463
vn 0.9437 0.3294 -0.0308
vn 0.7350 0.5560 -0.3882
vn 0.4890 0.0096 -0.8722
vn 0.9857 -0.1627 -0.0442
vn 0.9370 -0.0888 0.3378
vn 0.4802 -0.1966 -0.8548
vn 0.7432 -0.6550 -0.1362
vn 0.2687 0.0332 -0.9627
vn 0.3853 -0.0636 -0.9206
vn 0.4717 -0.0735 -0.8787
vn 0.5569 -0.1396 -0.8187
vn 0.7066 -0.3580 -0.6104
vn 0.4743 -0.1320 -0.8704
vn 0.4879 -0.0512 -0.8714
vn 0.3415 -0.2531 -0.9052
vn 0.1378 -0.7557 -0.6403
vn 0.1216 0.9912 0.0530
vn 0.0933 0.9911 0.0950
vn 0.1339 0.9883 0.0726
vn 0.1514 0.9875 0.0442
vn 0.1435 0.9892 0.0299
vn 0.0601 0.9982 0.0017
vn 0.0609 0.9975 0.0359
vn 0.0171 0.9998 -0.0043
vn 0.1168 0.9929 -0.0204
vn 0.0438 0.9989 -0.0140
vn -0.0646 0.9978 -0.0118
vn -0.0586 0.9983 0.0040
vn -0.0172 -0.9992 -0.0372
vn -0.0360 -0.9992 -0.0165
vn -0.0438 -0.9980 -0.0450
vn -0.1990 -0.9739 0.1095
vn -0.2568 -0.9466 0.1948
vn -0.2954 -0.9448 0.1420
vn -0.0596 -0.9973 0.0422
vn -0.1376 -0.9832 0.1198
vn -0.3227 -0.9432 0.0792
vn -0.1749 -0.9832 0.0530
vn 0.2461 -0.9626 -0.1134
vn 0.3472 -0.9331 -0.0941
vn 0.2342 -0.9705 -0.0565
vn 0.2885 -0.9284 -0.2340
vn 0.3279 -0.9298 -0.1674
vn 0.1035 -0.9936 -0.0445
vn 0.1789 -0.9741 -0.1381
vn 0.0051 0.9999 0.0100
vn -0.0748 0.9956 0.0567
vn -0.0166 0.9997 0.0159
vn 0.7452 0.6105 0.2683
vn 0.6977 0.6379 0.3262
vn 0.7412 0.5965 0.3080
vn 0.0124 0.9898 -0.1417
vn 0.0146 0.9989 -0.0450
vn 0.0437 0.9927 -0.1123
vn 0.0419 0.9954 -0.0865
vn 0.0159 0.9962 -0.0857
vn -0.0122 0.9964 -0.0840
vn -0.0210 0.9947 -0.1011
vn 0.1371 -0.9679 0.2105
vn 0.2775 -0.9295 0.2430
vn 0.2092 -0.9343 0.2886
vn 0.1446 -0.9391 0.3116
vn 0.0837 -0.9755 0.2033
vn 0.0646 -0.9921 0.1073
vn 0.1610 -0.9740 0.1592
vn -0.2972 -0.2040 -0.9328
vn -0.3507 -0.1376 -0.9263
vn -0.2150 -0.2533 -0.9432
vn -0.5135 -0.1898 -0.8369
vn -0.4206 -0.1359 -0.8970
vn 0.0175 -0.2192 -0.9755
vn -0.2621 -0.1915 -0.9459
vn -0.4841 -0.1741 -0.8575
vn -0.1968 0.5430 -0.8164
vn -0.3025 0.5863 -0.7515
vn -0.2996 0.6473 -0.7009
vn -0.1019 0.5641 -0.8194
vn -0.1911 0.5723 -0.7975
vn -0.1935 0.7298 -0.6557
vn -0.1277 0.5636 -0.8161
vn -0.4304 -0.4064 -0.8060
vn -0.3216 -0.5722 -0.7544
vn -0.2474 -0.2860 -0.9257
vn -0.6264 -0.4654 -0.6253
vn -0.3999 -0.1519 -0.9039
vn -0.3043 -0.0082 -0.9526
vn -0.3769 -0.0448 -0.9252
vn -0.3692 -0.0482 -0.9281
vn -0.3295 0.2350 -0.9144
vn -0.5209 0.1856 -0.8332
vn -0.3863 -0.0224 -0.9221
vn -0.6023 0.5502 -0.5784
vn -0.7970 0.4808 -0.3654
vn -0.8310 0.3430 -0.4379
vn -0.5975 0.5841 -0.5495
vn -0.3148 -0.0018 -0.9492
vn -0.4784 0.0636 -0.8758
vn -0.3749 -0.0250 -0.9267
vn -0.2555 -0.0251 -0.9665
vn -0.4463 0.1675 -0.8791
vn -0.3808 -0.0543 -0.9230
vn -0.3299 0.2309 -0.9154
vn -0.1220 -0.0176 -0.9924
vn -0.1730 0.2732 -0.9463
vn -0.4837 0.7103 -0.5114
vn -0.7135 0.4986 -0.4922
vn -0.7090 0.7052 0.0046
vn -0.9628 0.2624 -0.0640
vn -0.8417 0.2063 -0.4990
vn -0.9295 -0.2944 -0.2222
vn -0.8300 -0.1339 -0.5415
vn -0.4996 -0.0347 -0.8656
vn -0.3877 -0.0269 -0.9214
vn -0.3821 -0.0517 -0.9227
vn -0.5244 -0.0199 -0.8513
vn -0.2768 -0.1055 -0.9551
vn -0.3857 -0.0859 -0.9186
vn -0.5236 -0.0542 -0.8503
vn -0.6529 -0.1135 -0.7489
vn -0.5225 -0.1025 -0.8465
vn -0.3862 -0.1174 -0.9149
vn -0.5166 -0.1235 -0.8473
vn -0.6416 -0.1189 -0.7578
vn -0.7666 -0.1060 -0.6333
vn -0.6275 -0.0886 -0.7736
vn -0.7547 -0.0811 -0.6510
vn -0.8671 -0.0754 -0.4924
vn -0.7442 -0.0751 -0.6637
vn -0.8588 -0.0787 -0.5063
vn -0.9374 -0.0774 -0.3395
vn -0.8479 -0.0989 -0.5208
vn -0.9318 -0.0943 -0.3506
vn -0.9800 -0.0899 -0.1773
vn -0.9217 -0.1312 -0.3649
vn -0.9742 -0.1232 -0.1890
vn -0.9926 -0.1211 -0.0041
vn -0.9675 -0.1569 -0.1984
vn -0.9865 -0.1633 -0.0101
vn -0.9688 -0.1684 0.1817
vn -0.9843 -0.1760 -0.0157
vn -0.9685 -0.1775 0.1748
vn -0.9187 -0.1734 0.3549
vn -0.9674 -0.1916 0.1658
vn -0.9198 -0.1873 0.3447
vn -0.8338 -0.1859 0.5198
vn -0.9259 -0.1683 0.3382
vn -0.8391 -0.1698 0.5169
vn -0.7204 -0.1709 0.6722
vn -0.8398 -0.1827 0.5113
vn -0.7235 -0.1848 0.6651
vn -0.5818 -0.1851 0.7920
vn -0.7145 -0.2560 0.6512
vn -0.5768 -0.2609 0.7741
vn -0.4153 -0.2562 0.8729
vn -0.5610 -0.3679 0.7416
vn -0.4105 -0.3669 0.8348
vn -0.2210 -0.3646 0.9046
vn -0.3747 -0.5439 0.7508
vn -0.2026 -0.5446 0.8139
vn -0.0255 -0.5412 0.8405
vn -0.1784 -0.6939 0.6976
vn -0.0263 -0.6895 0.7238
vn 0.1272 -0.6896 0.7129
vn -0.0272 -0.7847 0.6193
vn 0.1073 -0.7878 0.6065
vn 0.2788 -0.6939 0.6639
vn 0.0902 -0.8547 0.5112
vn 0.2398 -0.7908 0.5631
vn 0.1976 -0.8646 0.4620
vn 0.3519 -0.7920 0.4989
vn 0.0238 -0.9871 0.1580
vn 0.0346 -0.9952 0.0911
vn 0.2841 -0.8714 0.3998
vn 0.0306 -0.9982 0.0521
vn 0.3522 -0.8764 0.3283
vn -0.1746 -0.9068 -0.3838
vn -0.2661 -0.9000 -0.3451
vn 0.0407 -0.9980 0.0475
vn -0.3275 -0.9061 -0.2678
vn 0.0658 -0.9969 0.0421
vn -0.2949 -0.8775 -0.3782
vn -0.3761 -0.8781 -0.2958
vn -0.3502 -0.9192 -0.1802
vn -0.4291 -0.8790 -0.2077
vn -0.3592 -0.9285 -0.0941
vn -0.2713 -0.9405 -0.2047
vn -0.3180 -0.9374 -0.1420
vn -0.4547 -0.8838 -0.1100
vn -0.3403 -0.9379 -0.0679
vn -0.4558 -0.8901 -0.0046
vn -0.1689 -0.9832 -0.0694
vn -0.1836 -0.9826 -0.0277
vn -0.3376 -0.9412 0.0100
vn -0.1859 -0.9825 0.0152
vn -0.0439 -0.9990 -0.0012
vn -0.0452 -0.9989 0.0099
vn -0.0076 -0.9999 0.0069
vn -0.0125 -0.9998 0.0126
vn -0.0301 -0.9980 0.0561
vn -0.1183 -0.9828 0.1419
vn -0.0347 -0.9982 0.0481
vn -0.0089 -0.9999 0.0127
vn -0.0070 -0.9999 0.0139
vn -0.0054 -1.0000 0.0056
vn -0.0051 -1.0000 0.0051
vn -0.0050 -0.9999 0.0156
vn -0.0040 -1.0000 0.0047
vn -0.0046 -1.0000 0.0044
vn -0.0049 -1.0000 0.0054
vn -0.0052 -1.0000 0.0042
vn -0.0034 -1.0000 0.0071
vn -0.0042 -1.0000 0.0028
vn -0.0032 -1.0000 0.0018
vn -0.0039 -1.0000 0.0039
vn 0.0090 -1.0000 -0.0021
vn -0.0004 -1.0000 0.0004
vn 0.0276 -0.9985 -0.0479
vn 0.0422 -0.9980 -0.0474
vn 0.1420 -0.9753 -0.1693
vn 0.1037 -0.9777 -0.1828
vn 0.2326 -0.9316 -0.2793
vn 0.1749 -0.9334 -0.3134
vn 0.3091 -0.8728 -0.3778
vn 0.3784 -0.8716 -0.3116
vn 0.2626 -0.9400 -0.2176
vn 0.3181 -0.9330 -0.1681
vn 0.4324 -0.8717 -0.2306
vn 0.3693 -0.9232 -0.1066
vn 0.4676 -0.8730 -0.1385
vn 0.3971 -0.9172 -0.0319
vn 0.4849 -0.8737 -0.0376
vn 0.3554 -0.9344 -0.0245
vn 0.4810 -0.8745 0.0628
vn 0.3589 -0.9321 0.0492
vn 0.2395 -0.9704 0.0327
vn 0.2413 -0.9703 -0.0156
vn 0.0826 -0.9965 0.0143
vn 0.0860 -0.9963 -0.0052
vn 0.2258 -0.9704 0.0858
vn 0.0760 -0.9963 0.0396
vn 0.0037 -1.0000 0.0050
vn 0.0052 -0.9999 0.0139
vn 0.0688 -0.9957 0.0615
vn 0.0116 -0.9995 0.0291
vn -0.0014 -0.9998 0.0182
vn 0.0230 -0.9957 0.0902
vn 0.0078 -0.9963 0.0857
vn -0.0060 -0.9968 0.0793
vn 0.0234 -0.9776 0.2090
vn -0.0158 -0.9795 0.2009
vn -0.0199 -0.9974 0.0686
vn -0.0562 -0.9808 0.1867
vn -0.0334 -0.9489 0.3137
vn -0.0980 -0.9498 0.2970
vn -0.1563 -0.9489 0.2743
vn -0.0907 -0.9821 0.1651
vn -0.1439 -0.8963 0.4194
vn -0.2233 -0.8968 0.3820
vn -0.2099 -0.9486 0.2369
vn -0.2949 -0.8982 0.3261
vn -0.3623 -0.8967 0.2544
vn -0.2566 -0.9263 0.2759
vn -0.3186 -0.9236 0.2133
vn -0.4120 -0.8928 0.1820
vn -0.3603 -0.9208 0.1496
vn -0.4413 -0.8921 0.0976
vn -0.3779 -0.9226 0.0773
vn -0.3750 -0.9270 -0.0089
vn 0.0907 -0.9957 -0.0168
vn 0.1008 -0.9949 0.0080
vn 0.0941 -0.9950 0.0320
vn 0.4916 -0.8703 0.0286
vn 0.4653 -0.8735 0.1429
vn 0.4140 -0.8776 0.2415
vn 0.5906 -0.7860 0.1829
vn 0.5279 -0.7913 0.3086
vn 0.4444 -0.7940 0.4149
vn 0.6211 -0.6947 0.3627
vn 0.5249 -0.6949 0.4914
vn 0.4120 -0.6957 0.5885
vn 0.6210 -0.5241 0.5828
vn 0.4857 -0.5265 0.6978
vn 0.3257 -0.5317 0.7818
vn 0.5342 -0.3476 0.7706
vn 0.3610 -0.3522 0.8635
vn 0.1705 -0.3577 0.9181
vn 0.1508 -0.5370 0.8300
vn 0.1770 -0.2434 0.9536
vn -0.0215 -0.2411 0.9703
vn -0.0241 -0.3611 0.9322
vn -0.0198 -0.1715 0.9850
vn -0.2166 -0.1737 0.9607
vn -0.2222 -0.2464 0.9433
vn -0.2107 -0.1619 0.9641
vn -0.4031 -0.1644 0.9003
vn -0.4108 -0.1809 0.8936
vn -0.3959 -0.1878 0.8989
vn -0.5687 -0.1883 0.8007
vn -0.5773 -0.1681 0.7990
vn -0.5650 -0.1639 0.8087
vn -0.7144 -0.1659 0.6798
vn -0.7143 -0.1879 0.6742
vn -0.7112 -0.1486 0.6871
vn -0.8298 -0.1568 0.5356
vn -0.8331 -0.1674 0.5271
vn -0.8295 -0.1158 0.5464
vn -0.9187 -0.1205 0.3760
vn -0.9159 -0.1648 0.3660
vn -0.9199 -0.0851 0.3828
vn -0.9767 -0.0852 0.1969
vn -0.9744 -0.1209 0.1895
vn -0.9759 -0.0806 0.2026
vn -0.9968 -0.0785 0.0138
vn -0.9962 -0.0865 0.0054
vn -0.9978 -0.0634 0.0203
vn -0.9851 -0.0640 -0.1595
vn -0.9828 -0.0775 -0.1678
vn -0.9866 -0.0669 -0.1489
vn -0.9461 -0.0775 -0.3146
vn -0.9420 -0.0690 -0.3285
vn -0.9482 -0.0990 -0.3020
vn -0.8817 -0.1057 -0.4598
vn -0.8748 -0.0908 -0.4758
vn -0.8891 -0.0782 -0.4510
vn -0.7879 -0.0724 -0.6115
vn -0.7784 -0.1126 -0.6176
vn -0.7931 -0.0293 -0.6084
vn -0.6661 -0.0233 -0.7455
vn -0.6612 -0.0634 -0.7475
vn -0.6706 -0.0259 -0.7413
vn -0.5231 -0.0265 -0.8518
vn -0.5353 -0.0533 -0.8430
vn -0.6779 -0.0439 -0.7338
vn -0.5508 -0.0481 -0.8333
vn -0.4024 -0.0564 -0.9137
vn -0.4179 -0.0285 -0.9081
vn -0.2751 -0.0315 -0.9609
vn -0.2575 -0.0567 -0.9646
vn -0.1344 -0.0312 -0.9904
vn -0.1265 -0.0520 -0.9906
vn -0.0006 -0.0282 -0.9996
vn 0.0004 -0.0459 -0.9989
vn 0.1272 -0.0195 -0.9917
vn 0.0008 -0.0266 -0.9996
vn 0.1431 0.3076 -0.9407
vn -0.0151 0.3013 -0.9534
vn 0.1351 0.8813 -0.4529
vn -0.0381 0.8818 -0.4700
vn -0.2343 0.8347 -0.4984
vn 0.0796 0.9966 0.0189
vn -0.0403 0.9992 0.0021
vn -0.1841 0.9829 0.0023
vn -0.1279 0.9909 0.0414
vn -0.2817 0.9574 0.0631
vn -0.4089 0.9125 0.0059
vn -0.1894 0.9817 -0.0210
vn -0.4239 0.9056 -0.0119
vn -0.5598 0.8255 0.0718
vn -0.8346 0.5506 -0.0159
vn -0.9155 0.4022 0.0094
vn -0.9665 -0.2555 -0.0265
vn -0.9418 -0.3116 -0.1258
vn -0.5927 -0.8048 -0.0311
vn -0.6030 -0.7677 -0.2167
vn -0.6477 -0.6542 -0.3906
vn -0.3500 -0.9020 -0.2527
vn -0.4027 -0.7625 -0.5064
vn -0.2007 -0.9396 -0.2773
vn -0.2418 -0.7690 -0.5918
vn -0.4503 -0.5802 -0.6786
vn -0.1000 -0.9476 -0.3034
vn -0.1174 -0.7454 -0.6562
vn -0.1380 -0.6009 -0.7873
vn -0.0047 -0.7209 -0.6930
vn -0.0038 -0.6168 -0.7871
vn -0.1119 -0.3974 -0.9108
vn 0.0142 -0.1003 -0.9949
vn -0.0649 -0.1126 -0.9915
vn -0.1578 -0.1097 -0.9814
vn -0.0801 -0.0958 -0.9922
vn -0.1657 -0.0982 -0.9813
vn -0.2648 -0.1089 -0.9581
vn -0.2653 -0.0995 -0.9590
vn -0.1924 -0.0204 -0.9811
vn -0.3771 -0.1028 -0.9204
vn -0.5025 -0.0983 -0.8589
vn -0.4854 -0.0597 -0.8723
vn -0.6141 -0.0664 -0.7865
vn -0.4667 -0.0639 -0.8821
vn -0.5991 -0.0824 -0.7965
vn -0.7326 -0.0964 -0.6738
vn -0.5656 -0.1470 -0.8115
vn -0.7133 -0.1480 -0.6850
vn -0.8316 -0.1414 -0.5370
vn -0.6878 -0.1666 -0.7065
vn -0.8184 -0.1524 -0.5541
vn -0.9130 -0.1533 -0.3780
vn -0.8093 -0.1562 -0.5663
vn -0.9078 -0.1656 -0.3854
vn -0.9632 -0.1723 -0.2061
vn -0.8989 -0.1954 -0.3922
vn -0.9573 -0.1955 -0.2129
vn -0.9804 -0.1957 -0.0238
vn -0.9568 -0.1868 -0.2227
vn -0.9828 -0.1813 -0.0349
vn -0.9727 -0.1737 0.1540
vn -0.9804 -0.1912 -0.0468
vn -0.9730 -0.1819 0.1418
vn -0.9265 -0.1799 0.3304
vn -0.9615 -0.2423 0.1297
vn -0.9154 -0.2439 0.3203
vn -0.8299 -0.2487 0.4994
vn -0.8836 -0.3550 0.3054
vn -0.8011 -0.3599 0.4783
vn -0.6886 -0.3659 0.6261
vn -0.7232 -0.5416 0.4285
vn -0.6222 -0.5439 0.5631
vn -0.5113 -0.5423 0.6667
vn -0.5319 -0.6986 0.4785
vn -0.4395 -0.6967 0.5669
vn -0.3227 -0.6968 0.6405
vn -0.3844 -0.7820 0.4907
vn -0.2834 -0.7837 0.5527
vn -0.1606 -0.7840 0.5996
vn -0.2500 -0.8413 0.4793
vn -0.1436 -0.8439 0.5169
vn -0.0257 -0.8469 0.5311
vn -0.0668 -0.9765 0.2048
vn -0.0155 -0.9790 0.2031
vn 0.0096 -0.9351 -0.3542
vn -0.0734 -0.9225 -0.3789
vn -0.0911 -0.8664 -0.4909
vn -0.2007 -0.8727 -0.4451
vn -0.0656 -0.9368 -0.3436
vn -0.1424 -0.9395 -0.3114
vn -0.2109 -0.9416 -0.2625
vn -0.0765 -0.9826 -0.1695
vn -0.1210 -0.9820 -0.1449
vn -0.1541 -0.9822 -0.1077
vn -0.0401 -0.9991 -0.0116
vn -0.0057 -1.0000 0.0051
vn -0.0051 -1.0000 0.0038
vn -0.0035 -1.0000 0.0036
vn -0.0122 -0.9987 -0.0494
vn -0.0011 -0.9984 -0.0571
vn -0.0374 -0.9815 -0.1877
vn 0.0093 -0.9797 -0.2003
vn 0.0599 -0.9789 -0.1954
vn 0.0135 -0.9985 -0.0534
vn 0.1035 -0.9346 -0.3404
vn 0.0187 -0.9350 -0.3542
vn 0.1311 -0.8685 -0.4781
vn 0.2311 -0.8723 -0.4309
vn 0.0219 -0.8630 -0.5047
vn 0.0787 -0.9406 -0.3303
vn 0.1465 -0.9461 -0.2889
vn -0.1101 -0.9738 0.1992
vn -0.1432 -0.9714 0.1892
vn 0.2064 -0.9458 -0.2506
vn -0.3397 -0.8341 0.4346
vn -0.4156 -0.8299 0.3723
vn -0.1672 -0.9741 0.1524
vn -0.4708 -0.8368 0.2794
vn -0.1669 -0.9806 0.1032
vn -0.5055 -0.8451 0.1738
vn -0.1503 -0.9869 0.0592
vn -0.5238 -0.8495 0.0630
vn -0.1407 -0.9898 0.0212
vn -0.5185 -0.8536 -0.0505
vn -0.1308 -0.9913 -0.0127
vn 0.3966 -0.9167 0.0484
vn -0.1230 -0.9915 -0.0418
vn 0.3794 -0.9165 0.1268
vn 0.4579 -0.8749 0.1574
vn 0.3541 -0.9130 0.2026
vn 0.4209 -0.8749 0.2396
vn 0.3469 -0.9298 0.1229
vn 0.3223 -0.9281 0.1863
vn 0.2003 -0.9715 0.1269
vn 0.3691 -0.8735 0.3175
vn 0.3135 -0.9106 0.2694
vn 0.2555 -0.9102 0.3259
vn 0.2963 -0.8744 0.3843
vn 0.2153 -0.8805 0.4224
vn 0.1888 -0.9121 0.3640
vn 0.1291 -0.8864 0.4445
vn 0.0902 -0.9437 0.3184
vn 0.0320 -0.9467 0.3204
vn 0.0542 -0.9759 0.2112
vn 0.0382 -0.8893 0.4558
vn -0.0539 -0.8932 0.4464
vn 0.0310 -0.9182 0.3949
vn -0.0468 -0.9232 0.3814
vn -0.1243 -0.9271 0.3536
vn 0.0153 -0.9922 -0.1238
vn 0.0439 -0.9908 -0.1282
vn -0.1905 -0.9287 0.3182
vn 0.0745 -0.9905 -0.1153
vn 0.0851 -0.9923 -0.0896
vn 0.2852 -0.8496 -0.4437
vn 0.3605 -0.8546 -0.3737
vn 0.0822 -0.9942 -0.0700
vn 0.4134 -0.8630 -0.2905
vn 0.0821 -0.9957 -0.0425
vn 0.4599 -0.8672 -0.1911
vn 0.4899 -0.8676 -0.0854
vn 0.5863 -0.7755 -0.2341
vn 0.6179 -0.7795 -0.1026
vn 0.6210 -0.7828 0.0401
vn 0.7283 -0.6758 -0.1135
vn 0.7292 -0.6822 0.0530
vn 0.6912 -0.6901 0.2143
vn 0.8469 -0.5271 0.0697
vn 0.8088 -0.5300 0.2547
vn 0.7321 -0.5270 0.4316
vn 0.8908 -0.3494 0.2906
vn 0.8049 -0.3458 0.4822
vn 0.6826 -0.3444 0.6446
vn 0.8263 -0.2499 0.5047
vn 0.7016 -0.2505 0.6670
vn 0.5492 -0.2517 0.7969
vn 0.7087 -0.1864 0.6804
vn 0.5540 -0.1838 0.8120
vn 0.3718 -0.2489 0.8943
vn 0.3738 -0.1798 0.9099
vn 0.5490 -0.1793 0.8163
vn 0.3709 -0.1738 0.9122
vn 0.1755 -0.1685 0.9699
vn 0.1772 -0.1755 0.9684
vn 0.3670 -0.2009 0.9083
vn 0.1733 -0.2040 0.9635
vn -0.0240 -0.1994 0.9796
vn -0.0205 -0.1636 0.9863
vn -0.0293 -0.1864 0.9820
vn -0.2111 -0.1772 0.9613
vn -0.2075 -0.1913 0.9593
vn -0.2124 -0.1515 0.9654
vn -0.4006 -0.1499 0.9039
vn -0.3970 -0.1664 0.9026
vn -0.4030 -0.1130 0.9082
vn -0.5644 -0.1088 0.8183
vn -0.5623 -0.1453 0.8141
vn -0.5660 -0.0791 0.8206
vn -0.7066 -0.0797 0.7032
vn -0.7089 -0.1090 0.6969
vn -0.7024 -0.0857 0.7066
vn -0.8250 -0.0878 0.5583
vn -0.8282 -0.0831 0.5542
vn -0.8242 -0.0779 0.5609
vn -0.9189 -0.0732 0.3877
vn -0.9184 -0.0847 0.3865
vn -0.9192 -0.0660 0.3882
vn -0.9761 -0.0610 0.2084
vn -0.9761 -0.0670 0.2065
vn -0.9745 -0.0760 0.2110
vn -0.9959 -0.0822 0.0373
vn -0.9978 -0.0600 0.0276
vn -0.9949 -0.0903 0.0459
vn -0.9876 -0.0890 -0.1294
vn -0.9864 -0.0919 -0.1364
vn -0.9903 -0.0518 -0.1290
vn -0.9546 -0.0438 -0.2948
vn -0.9515 -0.0828 -0.2963
vn -0.9559 -0.0388 -0.2913
vn -0.8952 -0.0339 -0.4444
vn -0.8938 -0.0365 -0.4470
vn -0.8958 -0.0496 -0.4416
vn -0.8003 -0.0443 -0.5979
vn -0.7973 -0.0280 -0.6030
vn -0.8021 -0.0379 -0.5959
vn -0.6854 -0.0392 -0.7271
vn -0.8977 -0.0395 -0.4388
vn -0.8039 -0.0233 -0.5943
vn -0.6902 -0.0249 -0.7232
vn -0.6920 -0.0338 -0.7211
vn -0.5655 -0.0304 -0.8242
vn -0.5603 -0.0256 -0.8279
vn -0.5686 -0.0564 -0.8207
vn -0.4323 -0.0540 -0.9001
vn -0.4275 -0.0305 -0.9035
vn -0.2889 -0.0519 -0.9559
vn -0.2840 -0.0299 -0.9583
vn -0.1418 -0.0478 -0.9887
vn -0.1386 -0.0280 -0.9900
vn -0.0019 -0.0468 -0.9989
vn -0.0011 -0.0281 -0.9996
vn 0.1416 -0.0284 -0.9895
vn 0.1393 -0.0267 -0.9899
vn 0.2837 -0.0280 -0.9585
vn 0.2747 -0.0442 -0.9605
vn 0.1350 -0.0423 -0.9899
vn 0.4049 -0.0486 -0.9131
vn 0.3918 -0.0435 -0.9190
vn 0.2631 -0.0166 -0.9646
vn 0.3039 0.3102 -0.9008
vn 0.6315 0.6888 -0.3560
vn 0.3472 0.8303 -0.4360
vn 0.4759 0.8731 0.1061
vn 0.2532 0.9657 0.0575
vn 0.3141 0.9435 0.1057
vn 0.1554 0.9856 0.0670
vn 0.0483 0.9981 0.0373
vn 0.0873 0.9960 -0.0191
vn 0.0249 0.9993 -0.0296
vn -0.0336 0.9990 0.0288
vn -0.0225 0.9992 -0.0335
vn 0.0211 0.9801 -0.1972
vn -0.0124 0.9803 -0.1973
vn -0.0822 0.9962 -0.0293
vn -0.0605 0.9786 -0.1968
vn -0.0058 0.8804 -0.4743
vn -0.0568 0.8790 -0.4735
vn -0.1490 0.8714 -0.4674
vn -0.1519 0.9694 -0.1928
vn -0.3282 0.8348 -0.4421
vn -0.3482 0.9200 -0.1799
vn -0.7267 0.6128 -0.3104
vn -0.7606 0.6383 -0.1186
vn -0.9902 -0.1083 0.0884
vn -0.9848 -0.1673 0.0461
vn -0.5777 -0.7124 0.3985
vn -0.5914 -0.7899 0.1620
vn -0.2896 -0.8427 0.4539
vn -0.3037 -0.9354 0.1813
vn -0.1720 -0.9842 -0.0416
vn -0.3202 -0.9467 -0.0357
vn -0.1624 -0.9697 0.1824
vn -0.0782 -0.9959 -0.0454
vn -0.0761 -0.9801 0.1836
vn -0.0038 -0.9990 -0.0447
vn -0.0122 -0.9454 -0.3256
vn 0.0920 -0.9438 -0.3175
vn 0.1106 -0.7280 -0.6766
vn 0.2637 -0.7543 -0.6012
vn 0.2841 -0.5901 -0.7557
vn 0.1296 -0.6151 -0.7778
vn 0.2279 -0.3613 -0.9042
vn 0.1122 -0.3850 -0.9161
vn 0.1582 -0.0973 -0.9826
vn 0.0814 -0.0942 -0.9922
vn 0.0060 -0.3916 -0.9201
vn 0.0784 -0.0827 -0.9935
vn 0.0005 -0.0891 -0.9960
vn 0.0734 -0.0729 -0.9946
vn -0.0066 -0.0725 -0.9973
vn -0.0925 -0.0544 -0.9942
vn -0.0127 0.0541 -0.9985
vn -0.1378 0.1456 -0.9797
vn -0.0234 0.2943 -0.9554
vn -0.2280 0.4696 -0.8529
vn -0.0443 0.6123 -0.7894
vn -0.2738 0.7128 -0.6458
vn -0.4896 0.6995 -0.5207
vn -0.0558 0.8094 -0.5847
vn -0.2480 0.7978 -0.5496
vn -0.4029 0.7014 -0.5880
vn -0.4384 0.5977 -0.6712
vn -0.3028 0.6944 -0.6528
vn -0.4493 0.6515 -0.6113
vn -0.6805 0.5407 -0.4945
vn -0.5262 0.7519 -0.3972
vn -0.8357 0.4881 -0.2519
vn -0.9460 0.2542 -0.2012
vn -0.9893 -0.1088 0.0974
vn -0.9443 -0.2269 0.2385
vn -0.9830 0.1632 -0.0841
vn -0.6904 -0.6139 0.3826
vn -0.6273 -0.5919 0.5061
vn -0.9142 -0.3519 0.2012
vn -0.5791 -0.7316 0.3597
vn -0.7494 -0.6089 -0.2599
vn -0.9270 -0.0641 -0.3696
vn -0.5474 -0.2807 -0.7884
vn -0.6024 0.0077 -0.7982
vn -0.2863 -0.6201 -0.7304
vn -0.2081 -0.3380 -0.9178
vn -0.3732 -0.1722 -0.9116
vn 0.1001 -0.3780 -0.9204
vn 0.0610 -0.2811 -0.9577
vn -0.3481 -0.9299 -0.1188
vn -0.2346 -0.8744 0.4247
vn 0.1519 -0.9693 0.1931
vn 0.0042 -0.8785 0.4777
vn -0.1394 -0.8487 0.5102
vn 0.0002 -0.8692 0.4944
vn 0.1760 -0.8083 0.5618
vn 0.3789 -0.7269 0.5727
vn 0.5549 -0.5691 0.6068
vn 0.0804 -0.9095 0.4078
vn 0.2691 -0.8418 0.4679
vn 0.1514 -0.9625 0.2252
vn 0.4334 -0.8707 0.2325
vn 0.6451 -0.6204 0.4460
vn 0.8898 -0.4293 0.1550
vn 0.9849 -0.0659 0.1600
vn 0.9268 0.3748 -0.0240
vn 0.8113 0.5375 -0.2299
vn 0.6934 0.5762 -0.4327
vn 0.5035 0.7742 -0.3835
vn 0.4459 0.6611 -0.6034
vn 0.4331 0.6331 -0.6416
vn 0.5700 0.6381 -0.5176
vn 0.3595 0.7024 -0.6144
vn 0.3220 0.7513 -0.5761
vn 0.1161 0.8113 -0.5730
vn 0.1281 0.6304 -0.7657
vn 0.1172 0.2982 -0.9473
vn 0.3592 0.5047 -0.7850
vn 0.0850 0.0335 -0.9958
vn 0.1983 0.1720 -0.9649
vn 0.1468 -0.0309 -0.9887
vn 0.1591 -0.0791 -0.9841
vn 0.2688 -0.0706 -0.9606
vn -0.0477 0.7627 -0.6449
vn -0.0229 0.5697 -0.8215
vn -0.0073 0.5562 -0.8310
vn -0.0091 0.7393 -0.6733
vn -0.1119 0.7343 -0.6696
vn -0.0255 0.9067 -0.4210
vn -0.1446 0.8918 -0.4288
vn -0.2028 0.7179 -0.6659
vn -0.2459 0.8661 -0.4352
vn -0.3536 0.8302 -0.4310
vn -0.2944 0.9415 -0.1637
vn -0.4226 0.8901 -0.1706
vn -0.6372 0.7533 -0.1628
vn -0.4911 0.8635 0.1144
vn -0.7520 0.6561 0.0639
vn -0.9623 0.2626 -0.0711
vn -0.9995 -0.0105 -0.0303
vn -0.8510 -0.5152 0.1021
vn -0.6872 -0.7204 -0.0940
vn -0.4425 -0.8762 0.1907
vn -0.3192 -0.9426 -0.0979
vn -0.2034 -0.9578 0.2031
vn -0.3580 -0.8165 0.4529
vn -0.1532 -0.9840 -0.0906
vn -0.0856 -0.9760 0.2005
vn -0.1726 -0.8889 0.4243
vn -0.0686 -0.9204 0.3848
vn -0.3275 -0.7632 0.5569
vn -0.0265 -0.9806 0.1942
vn -0.0000 -0.9282 0.3721
vn 0.0024 -0.9806 0.1959
vn -0.0105 -0.9969 -0.0776
vn 0.0143 -0.9972 -0.0741
vn 0.0524 -0.9959 -0.0734
vn 0.0412 -0.9774 0.2071
vn 0.0420 -0.9043 -0.4248
vn 0.0946 -0.8995 -0.4266
vn 0.1912 -0.8857 -0.4231
vn 0.1503 -0.9860 -0.0725
vn 0.3769 -0.8383 -0.3939
vn 0.3647 -0.9292 -0.0600
vn 0.7601 -0.5991 -0.2515
vn 0.7913 -0.6113 -0.0117
vn 0.9926 0.0587 0.1063
vn 0.9808 0.1777 0.0802
vn 0.6809 0.6235 0.3843
vn 0.6570 0.7421 0.1324
vn 0.5888 0.7989 -0.1227
vn 0.4057 0.9022 0.1468
vn 0.3774 0.9151 -0.1420
vn 0.3347 0.8450 -0.4170
vn 0.2406 0.9603 -0.1409
vn 0.2205 0.8809 -0.4189
vn 0.3041 0.6887 -0.6582
vn 0.2023 0.7121 -0.6723
vn 0.1028 0.9027 -0.4179
vn 0.1012 0.7319 -0.6739
vn 0.1021 0.9848 -0.1408
vn -0.0447 0.9883 -0.1458
vn 0.0965 0.9839 0.1506
vn -0.0620 0.9873 0.1465
vn -0.1802 0.9713 -0.1550
vn -0.2062 0.9683 0.1410
vn -0.3337 0.9334 0.1321
vn -0.2167 0.8748 0.4334
vn -0.3465 0.8363 0.4249
vn -0.5057 0.6000 0.6198
vn -0.5213 0.7580 0.3919
vn -0.8370 0.4937 0.2358
vn -0.8789 0.3468 0.3274
vn -0.9741 -0.1820 -0.1339
vn -0.5389 -0.5393 -0.6471
vn -0.5950 -0.7058 -0.3843
vn -0.2872 -0.8518 -0.4381
vn -0.2682 -0.6350 -0.7245
vn -0.1454 -0.8868 -0.4386
vn -0.1402 -0.6607 -0.7374
vn -0.0559 -0.8998 -0.4327
vn -0.0587 -0.9948 -0.0832
vn -0.0555 -0.6736 -0.7370
vn -0.0003 -0.9049 -0.4255
vn 0.0105 -0.6812 -0.7321
vn 0.0699 -0.6813 -0.7287
vn 0.0188 -0.4189 -0.9078
vn 0.0833 -0.4204 -0.9035
vn 0.1350 -0.6748 -0.7255
vn 0.1534 -0.4179 -0.8955
vn 0.2284 -0.6623 -0.7136
vn 0.2460 -0.4095 -0.8785
vn 0.4075 -0.6216 -0.6690
vn 0.4254 -0.3821 -0.8204
vn 0.7738 -0.4393 -0.4562
vn 0.7856 -0.2641 -0.5595
vn 0.9935 0.0447 0.1050
vn 0.9872 0.0667 0.1449
vn 0.6464 0.4896 0.5852
vn 0.5800 0.3629 0.7293
vn 0.3275 0.6363 0.6985
vn 0.3921 0.8027 0.4495
vn 0.2308 0.8620 0.4513
vn 0.2492 0.9564 0.1524
vn 0.0807 0.8920 0.4448
vn 0.1803 0.6863 0.7046
vn 0.0526 0.7128 0.6994
vn -0.0745 0.8958 0.4382
vn -0.0825 0.7168 0.6924
vn -0.1842 0.4894 0.8524
vn -0.2084 0.6984 0.6847
vn -0.2885 0.4657 0.8366
vn -0.3259 0.6653 0.6717
vn -0.2526 0.2639 0.9309
vn -0.4243 0.2413 0.8728
vn -0.4630 0.4209 0.7800
vn -0.8922 0.1465 0.4271
vn -0.8888 0.2408 0.3900
vn -0.8807 -0.0685 -0.4687
vn -0.9069 -0.1329 -0.3998
vn -0.4543 -0.1809 -0.8723
vn -0.4924 -0.3424 -0.8002
vn -0.9378 -0.1926 -0.2890
vn -0.2414 -0.3961 -0.8859
vn -0.2177 -0.2093 -0.9533
vn -0.1221 -0.4099 -0.9039
vn -0.1010 -0.2173 -0.9709
vn -0.0467 -0.4149 -0.9087
vn -0.0328 -0.2189 -0.9752
vn 0.0261 -0.2197 -0.9752
vn -0.0225 -0.0597 -0.9980
vn 0.0330 -0.0597 -0.9977
vn 0.0879 -0.2196 -0.9716
vn 0.0939 -0.0574 -0.9939
vn 0.1564 -0.2182 -0.9633
vn 0.1555 -0.0544 -0.9863
vn 0.2477 -0.2153 -0.9446
vn 0.2423 -0.0527 -0.9688
vn 0.4288 -0.2028 -0.8803
vn 0.4296 -0.0464 -0.9018
vn 0.8042 -0.1325 -0.5794
vn 0.8268 -0.0159 -0.5622
vn 0.9696 0.0681 0.2352
vn 0.9444 0.0448 0.3257
vn 0.5075 0.2212 0.8328
vn 0.4501 0.0721 0.8901
vn 0.2063 0.2574 0.9440
vn 0.2557 0.4520 0.8546
vn 0.1785 0.0741 0.9812
vn 0.0812 0.2685 0.9598
vn 0.1241 0.4826 0.8670
vn 0.0207 0.5010 0.8652
vn -0.0046 0.2781 0.9605
vn -0.0847 0.5027 0.8603
vn -0.0854 0.2814 0.9558
vn -0.0212 0.0720 0.9972
vn -0.0881 0.0725 0.9935
vn -0.1559 0.0738 0.9850
vn -0.1650 0.2769 0.9466
vn -0.0905 -0.0748 0.9931
vn -0.1567 -0.0759 0.9847
vn -0.2364 0.0751 0.9688
vn -0.2432 -0.0729 0.9672
vn -0.4195 0.0792 0.9043
vn -0.4420 -0.0597 0.8950
vn -0.9089 0.0637 0.4121
vn -0.9298 -0.0066 0.3681
vn -0.8490 -0.0045 -0.5284
vn -0.8124 0.0676 -0.5792
vn -0.4153 -0.0428 -0.9087
vn -0.3710 0.0941 -0.9239
vn -0.1983 -0.0526 -0.9787
vn -0.1774 0.1020 -0.9788
vn -0.0869 -0.0576 -0.9946
vn -0.0794 0.1028 -0.9915
vn -0.0178 0.1016 -0.9947
vn -0.0702 0.2880 -0.9550
vn -0.0163 0.2895 -0.9570
vn 0.0371 0.1010 -0.9942
vn 0.0346 0.2880 -0.9570
vn 0.0985 0.1015 -0.9899
vn 0.0945 0.2859 -0.9536
vn 0.1538 0.1024 -0.9828
vn 0.1508 0.2850 -0.9466
vn 0.2404 0.1049 -0.9650
vn 0.2433 0.2851 -0.9271
vn 0.4374 0.1070 -0.8929
vn 0.4536 0.2763 -0.8473
vn 0.8470 0.0906 -0.5239
vn 0.8684 0.1918 -0.4572
vn 0.9204 0.0068 0.3909
vn 0.8960 -0.0657 0.4391
vn 0.4096 -0.0614 0.9102
vn 0.3763 -0.2271 0.8983
vn 0.1604 -0.0712 0.9845
vn 0.1481 -0.2487 0.9572
vn 0.0478 -0.0727 0.9962
vn 0.0576 0.0728 0.9957
vn 0.0453 -0.2502 0.9671
vn -0.0277 -0.0738 0.9969
vn -0.0291 -0.2511 0.9675
vn -0.0925 -0.2513 0.9635
vn -0.0267 -0.4719 0.8813
vn -0.0927 -0.4740 0.8756
vn -0.1636 -0.2503 0.9542
vn -0.1690 -0.4747 0.8637
vn -0.2545 -0.2473 0.9349
vn -0.2613 -0.4688 0.8438
vn -0.4686 -0.2258 0.8541
vn -0.5019 -0.4169 0.7578
vn -0.9534 -0.0646 0.2947
vn -0.9753 -0.0944 0.1997
vn -0.7737 0.1861 -0.6055
vn -0.5437 -0.5828 0.6039
vn -0.9873 -0.0972 0.1255
vn -0.7397 0.3386 -0.5816
vn -0.7223 0.4895 -0.4885
vn -0.3225 0.4643 -0.8249
vn -0.3231 0.6589 -0.6793
vn -0.1555 0.2828 -0.9465
vn -0.3356 0.2680 -0.9031
vn -0.1453 0.4810 -0.8646
vn -0.1479 0.6841 -0.7142
vn -0.0599 0.4848 -0.8726
vn -0.0566 0.6887 -0.7229
vn -0.0122 0.4879 -0.8728
vn -0.0057 0.6905 -0.7233
vn 0.0322 0.4902 -0.8710
vn 0.0350 0.6934 -0.7197
vn 0.0315 0.8807 -0.4726
vn 0.0803 0.6947 -0.7148
vn 0.0724 0.8803 -0.4690
vn 0.0649 0.9784 -0.1960
vn 0.1384 0.8768 -0.4604
vn 0.1403 0.9720 -0.1883
vn 0.1925 0.9813 -0.0001
vn 0.2946 0.9409 -0.1668
vn 0.3951 0.9181 0.0312
vn 0.5606 0.8159 0.1415
vn 0.7765 0.6272 0.0599
vn 0.7276 0.6717 0.1391
vn 0.8899 0.4390 0.1238
vn 0.9519 0.2877 0.1056
vn 0.9721 -0.2344 0.0009
vn 0.9761 -0.2108 -0.0531
vn 0.6483 -0.7613 0.0138
vn 0.9900 -0.1309 0.0518
vn 0.6546 -0.7412 -0.1488
vn 0.7518 -0.5969 -0.2801
vn 0.3612 -0.9024 -0.2352
vn 0.8199 -0.2222 -0.5276
vn 0.4707 -0.7448 -0.4730
vn 0.4854 -0.5206 -0.7024
vn 0.3662 -0.2743 -0.8892
vn 0.2810 -0.0835 -0.9561
vn 0.4038 -0.0627 -0.9127
vn 0.4875 -0.0538 -0.8715
vn 0.4822 -0.0638 -0.8737
vn 0.5940 -0.0442 -0.8033
vn 0.5957 -0.0596 -0.8010
vn 0.5919 -0.0710 -0.8029
vn 0.7278 -0.0779 -0.6813
vn 0.7150 -0.0794 -0.6946
vn 0.5749 -0.0773 -0.8146
vn 0.6995 -0.0872 -0.7093
vn 0.5454 -0.0957 -0.8327
vn 0.6835 -0.1095 -0.7217
vn 0.5124 -0.1421 -0.8469
vn 0.6652 -0.1523 -0.7310
vn 0.4790 -0.1833 -0.8584
vn 0.3018 -0.2378 -0.9232
vn 0.4598 -0.1855 -0.8684
vn 0.2768 -0.1925 -0.9415
vn 0.4517 -0.1790 -0.8740
vn 0.2604 -0.1725 -0.9500
vn 0.4427 -0.1916 -0.8760
vn 0.2377 -0.1832 -0.9539
vn 0.0035 -0.1873 -0.9823
vn -0.2544 -0.1717 -0.9517
vn -0.0155 -0.1788 -0.9838
vn 0.2159 -0.1912 -0.9575
vn -0.0228 -0.1770 -0.9839
vn -0.4618 -0.1865 -0.8671
vn -0.2501 -0.1711 -0.9530
vn -0.0282 -0.2395 -0.9705
vn -0.2496 -0.2412 -0.9378
vn -0.4564 -0.2450 -0.8554
vn -0.6346 -0.2434 -0.7335
vn -0.4453 -0.2930 -0.8461
vn -0.6199 -0.2870 -0.7303
vn -0.7573 -0.2798 -0.5901
vn -0.5963 -0.3778 -0.7083
vn -0.7253 -0.3749 -0.5775
vn -0.8266 -0.3687 -0.4252
vn -0.6554 -0.5374 -0.5307
vn -0.7451 -0.5356 -0.3975
vn -0.8138 -0.5297 -0.2391
vn -0.6405 -0.6833 -0.3504
vn -0.6963 -0.6850 -0.2145
vn -0.7272 -0.6838 -0.0600
vn -0.5913 -0.7843 -0.1874
vn -0.6202 -0.7825 -0.0553
vn -0.6244 -0.7772 0.0779
vn -0.4939 -0.8547 -0.1600
vn -0.5454 -0.7822 -0.3013
vn -0.4534 -0.8551 -0.2516
vn -0.0986 -0.9937 -0.0531
vn -0.3951 -0.8582 -0.3278
vn -0.0770 -0.9950 -0.0630
vn -0.3238 -0.8643 -0.3849
vn -0.0602 -0.9960 -0.0658
vn -0.0428 -0.9970 -0.0644
vn -0.2386 -0.8697 -0.4321
vn -0.0283 -0.9963 -0.0810
vn 0.1121 -0.9146 0.3885
vn -0.1432 -0.8616 -0.4870
vn -0.0104 -0.9939 -0.1096
vn -0.0409 -0.8511 -0.5235
vn 0.0673 -0.8485 -0.5250
vn -0.0469 -0.7624 -0.6454
vn 0.0854 -0.7613 -0.6427
vn 0.1795 -0.8491 -0.4969
vn 0.2213 -0.7657 -0.6039
vn 0.3485 -0.7700 -0.5344
vn 0.2601 -0.6665 -0.6987
vn 0.4083 -0.6743 -0.6153
vn 0.4461 -0.7705 -0.4553
vn 0.5246 -0.6734 -0.5209
vn 0.5245 -0.7727 -0.3577
vn 0.6192 -0.6710 -0.4078
vn 0.6913 -0.6713 -0.2673
vn 0.7164 -0.5336 -0.4495
vn 0.7994 -0.5241 -0.2938
vn 0.8441 -0.5224 -0.1206
vn 0.8826 -0.3600 -0.3023
vn 0.9286 -0.3525 -0.1154
vn 0.9320 -0.3514 0.0888
vn 0.9612 -0.2566 -0.1016
vn 0.9617 -0.2530 0.1052
vn 0.9162 -0.2516 0.3119
vn 0.9731 -0.1961 0.1208
vn 0.9252 -0.1902 0.3283
vn 0.8340 -0.1874 0.5190
vn 0.9220 -0.1848 0.3403
vn 0.8309 -0.1836 0.5252
vn 0.7048 -0.1836 0.6853
vn 0.8254 -0.2001 0.5279
vn 0.6986 -0.2031 0.6861
vn 0.5401 -0.2020 0.8170
vn 0.7010 -0.1635 0.6941
vn 0.5383 -0.1616 0.8271
vn 0.3733 -0.1678 0.9124
vn 0.5359 -0.1367 0.8331
vn 0.3784 -0.1372 0.9154
vn 0.1778 -0.1841 0.9667
vn 0.1812 -0.1408 0.9733
vn 0.3759 -0.0914 0.9221
vn 0.1798 -0.0850 0.9800
vn -0.0297 -0.1451 0.9890
vn -0.0213 -0.0926 0.9955
vn 0.1734 -0.0849 0.9812
vn -0.0133 -0.0806 0.9967
vn -0.2030 -0.0830 0.9756
vn -0.2071 -0.1083 0.9723
vn -0.2034 -0.0795 0.9759
vn -0.4026 -0.0777 0.9121
vn -0.4037 -0.0817 0.9113
vn -0.4007 -0.0587 0.9143
vn -0.5601 -0.0666 0.8257
vn -0.5639 -0.0814 0.8218
vn -0.5565 -0.0498 0.8294
vn -0.6965 -0.0577 0.7153
vn -0.6995 -0.0753 0.7107
vn -0.6930 -0.0506 0.7191
vn -0.8185 -0.0630 0.5710
vn -0.8229 -0.0651 0.5644
vn -0.8143 -0.0523 0.5781
vn -0.9149 -0.0658 0.3982
vn -0.9177 -0.0728 0.3906
vn -0.9130 -0.0373 0.4061
vn -0.9723 -0.0476 0.2288
vn -0.9724 -0.0812 0.2187
vn -0.9715 -0.0258 0.2356
vn -0.9978 -0.0334 0.0576
vn -0.9972 -0.0549 0.0510
vn -0.9971 -0.0397 0.0651
vn -0.9918 -0.0448 -0.1193
vn -0.9913 -0.0386 -0.1260
vn -0.9931 -0.0289 -0.1141
vn -0.9598 -0.0347 -0.2785
vn -0.9573 -0.0494 -0.2849
vn -0.9615 -0.0207 -0.2742
vn -0.8998 -0.0212 -0.4359
vn -0.9937 -0.0181 -0.1104
vn -0.9616 -0.0348 -0.2723
vn -0.9008 -0.0316 -0.4330
vn -0.8997 -0.0619 -0.4320
vn -0.8063 -0.0625 -0.5882
vn -0.8057 -0.0339 -0.5914
vn -0.8053 -0.1043 -0.5836
vn -0.6916 -0.1030 -0.7149
vn -0.6930 -0.0620 -0.7183
vn -0.6911 -0.1280 -0.7114
vn -0.5697 -0.1292 -0.8116
vn -0.5693 -0.0980 -0.8163
vn -0.4374 -0.1314 -0.8896
vn -0.4358 -0.0928 -0.8952
vn -0.2931 -0.1284 -0.9474
vn -0.2917 -0.0887 -0.9524
vn -0.1439 -0.1189 -0.9824
vn -0.1441 -0.0852 -0.9859
vn -0.0005 -0.1115 -0.9938
vn -0.0021 -0.0816 -0.9967
vn 0.1450 -0.0831 -0.9859
vn 0.1436 -0.0483 -0.9885
vn 0.1444 -0.1150 -0.9828
vn 0.2934 -0.0916 -0.9516
vn 0.2929 -0.0516 -0.9548
vn 0.4271 -0.0574 -0.9024
vn 0.4238 -0.0322 -0.9052
vn 0.2883 -0.0294 -0.9571
vn 0.5504 -0.0313 -0.8343
vn 0.5435 -0.0229 -0.8391
vn 0.4166 -0.0270 -0.9087
vn 0.6740 -0.0193 -0.7384
vn 0.6646 -0.0435 -0.7459
vn 0.5307 -0.0479 -0.8462
vn 0.6462 -0.0559 -0.7611
vn 0.5113 -0.0616 -0.8572
vn 0.6210 -0.0430 -0.7826
vn 0.5011 -0.0350 -0.8647
vn 0.7686 -0.0278 -0.6391
vn 0.7537 -0.0354 -0.6563
vn 0.5977 -0.0373 -0.8008
vn 0.7443 -0.0518 -0.6659
vn 0.8710 -0.0628 -0.4873
vn 0.8646 -0.0756 -0.4967
vn 0.7370 -0.0701 -0.6722
vn 0.9453 -0.0755 -0.3175
vn 0.9406 -0.0582 -0.3344
vn 0.8549 -0.0733 -0.5136
vn 0.9330 -0.0694 -0.3531
vn 0.8430 -0.0768 -0.5323
vn 0.9256 -0.0916 -0.3674
vn 0.8330 -0.0896 -0.5460
vn 0.9185 -0.1106 -0.3796
vn 0.8240 -0.1098 -0.5558
vn 0.9095 -0.1355 -0.3931
vn 0.8119 -0.1432 -0.5660
vn 0.8993 -0.1614 -0.4065
vn 0.7980 -0.1677 -0.5789
vn 0.6472 -0.1774 -0.7414
vn 0.7835 -0.1900 -0.5916
vn 0.6296 -0.1903 -0.7532
vn 0.7689 -0.2089 -0.6042
vn 0.6144 -0.2039 -0.7622
vn 0.7583 -0.2009 -0.6202
vn 0.6026 -0.1959 -0.7736
vn 0.4258 -0.1940 -0.8838
vn 0.5822 -0.2374 -0.7776
vn 0.4005 -0.2371 -0.8851
vn 0.1940 -0.2390 -0.9514
vn 0.3751 -0.2889 -0.8808
vn 0.1708 -0.2926 -0.9409
vn -0.0384 -0.2981 -0.9538
vn 0.1476 -0.3811 -0.9127
vn -0.0465 -0.3844 -0.9220
vn -0.2476 -0.2983 -0.9218
vn -0.2393 -0.3824 -0.8925
vn -0.0495 -0.5309 -0.8460
vn -0.2208 -0.5341 -0.8161
vn -0.4267 -0.3791 -0.8211
vn -0.5413 -0.5387 -0.6456
vn -0.3903 -0.5375 -0.7475
vn -0.1961 -0.6724 -0.7137
vn -0.3430 -0.6796 -0.6485
vn -0.4696 -0.6818 -0.5609
vn -0.5659 -0.6817 -0.4638
vn -0.2976 -0.7789 -0.5521
vn -0.4010 -0.7820 -0.4772
vn -0.4810 -0.7818 -0.3968
vn -0.1738 -0.7695 -0.6146
vn -0.0488 -0.6654 -0.7449
vn 0.1036 -0.6616 -0.7427
vn 0.1243 -0.5289 -0.8395
vn 0.3030 -0.5327 -0.7902
vn 0.3449 -0.3787 -0.8589
vn 0.4715 -0.5394 -0.6977
vn 0.5269 -0.3787 -0.7609
vn 0.6049 -0.5412 -0.5842
vn 0.6756 -0.3793 -0.6323
vn 0.7977 -0.3724 -0.4744
vn 0.7138 -0.2852 -0.6396
vn 0.8381 -0.2748 -0.4712
vn 0.9193 -0.2638 -0.2920
vn 0.8599 -0.2265 -0.4574
vn 0.9367 -0.2152 -0.2764
vn 0.9752 -0.2043 -0.0849
vn 0.9441 -0.2012 -0.2611
vn 0.9780 -0.1976 -0.0673
vn 0.9721 -0.1905 0.1366
vn 0.9779 -0.2030 -0.0510
vn 0.9688 -0.1970 0.1503
vn 0.9166 -0.1971 0.3477
vn 0.9724 -0.1681 0.1620
vn 0.9194 -0.1664 0.3564
vn 0.8276 -0.1647 0.5366
vn 0.9184 -0.1512 0.3656
vn 0.8254 -0.1467 0.5451
vn 0.6985 -0.1399 0.7018
vn 0.8249 -0.1005 0.5563
vn 0.6966 -0.0931 0.7114
vn 0.5377 -0.0935 0.8380
vn 0.6918 -0.0957 0.7158
vn 0.5385 -0.0985 0.8369
vn 0.3675 -0.0966 0.9250
vn 0.5345 -0.1527 0.8313
vn 0.3531 -0.1407 0.9249
vn 0.1590 -0.1119 0.9809
vn 0.3408 -0.1021 0.9346
vn 0.1452 -0.0786 0.9863
vn -0.0206 -0.0633 0.9978
vn -0.0151 -0.0888 0.9959
vn 0.1384 -0.0368 0.9897
vn -0.0220 -0.0350 0.9991
vn -0.2052 -0.0574 0.9770
vn -0.2060 -0.0370 0.9778
vn -0.0209 -0.0263 0.9994
vn -0.2061 -0.0314 0.9780
vn -0.3980 -0.0416 0.9165
vn -0.3957 -0.0367 0.9176
vn -0.2079 -0.0324 0.9776
vn -0.3937 -0.0353 0.9186
vn -0.5537 -0.0429 0.8316
vn -0.5526 -0.0407 0.8324
vn -0.3920 -0.0363 0.9192
vn -0.5525 -0.0390 0.8326
vn -0.6922 -0.0359 0.7208
vn -0.6907 -0.0445 0.7218
vn -0.6955 -0.0191 0.7183
vn -0.8133 -0.0173 0.5815
vn -0.8130 -0.0328 0.5813
vn -0.8124 -0.0228 0.5826
vn -0.9097 -0.0283 0.4142
vn -0.9117 -0.0202 0.4104
vn -0.9087 -0.0224 0.4169
vn -0.9696 -0.0252 0.2432
vn -0.9700 -0.0343 0.2408
vn -0.9696 -0.0119 0.2443
vn -0.9974 -0.0148 0.0704
vn -0.9973 -0.0261 0.0686
vn -0.9969 -0.0306 0.0720
vn -0.9936 -0.0351 -0.1077
vn -0.9690 -0.0264 0.2457
vn -0.9955 -0.0598 0.0740
vn -0.9922 -0.0671 -0.1050
vn -0.9888 -0.1094 -0.1014
vn -0.9566 -0.1139 -0.2681
vn -0.9604 -0.0670 -0.2706
vn -0.9566 -0.1158 -0.2673
vn -0.8965 -0.1198 -0.4265
vn -0.8970 -0.1079 -0.4286
vn -0.8966 0.1109 -0.4286
vn -0.8070 0.0902 -0.5836
vn -0.8050 -0.1258 -0.5798
vn -0.6751 0.5464 -0.4957
vn -0.5856 0.5287 -0.6145
vn -0.6936 0.0742 -0.7165
vn -0.4888 0.5085 -0.7089
vn -0.5729 0.0555 -0.8177
vn -0.3831 0.4788 -0.7899
vn -0.4410 0.0259 -0.8971
vn -0.2680 0.4207 -0.8667
vn -0.2971 -0.0155 -0.9547
vn -0.1336 0.3533 -0.9259
vn -0.1443 -0.0457 -0.9885
vn 0.0033 0.3234 -0.9462
vn 0.0004 -0.0518 -0.9987
vn 0.1443 -0.0415 -0.9887
vn 0.1335 0.3423 -0.9301
vn 0.2946 -0.0186 -0.9554
vn 0.2925 -0.1244 -0.9481
vn 0.2668 0.3884 -0.8820
vn 0.4339 0.0109 -0.9009
vn 0.4290 -0.1278 -0.8942
vn 0.5578 -0.1233 -0.8208
vn 0.5555 -0.0963 -0.8259
vn 0.4285 -0.0991 -0.8981
vn 0.6829 -0.0890 -0.7250
vn 0.6816 -0.0537 -0.7297
vn 0.5530 -0.0580 -0.8311
vn 0.8052 -0.0521 -0.5907
vn 0.8037 -0.0242 -0.5945
vn 0.6793 -0.0281 -0.7334
vn 0.9008 -0.0234 -0.4336
vn 0.8983 -0.0132 -0.4391
vn 0.8004 -0.0167 -0.5993
vn 0.8947 -0.0337 -0.4453
vn 0.7943 -0.0386 -0.6063
vn 0.8903 -0.0349 -0.4540
vn 0.7840 -0.0416 -0.6193
vn 0.9577 -0.0333 -0.2858
vn 0.9554 -0.0172 -0.2949
vn 0.8847 -0.0190 -0.4658
vn 0.9521 -0.0337 -0.3039
vn 0.8776 -0.0349 -0.4782
vn 0.9911 -0.0262 -0.1308
vn 0.9869 -0.0732 -0.1438
vn 0.9481 -0.0731 -0.3095
vn 0.9970 -0.0607 0.0476
vn 0.9971 -0.0691 0.0310
vn 0.9852 -0.0743 -0.1546
vn 0.9987 -0.0479 0.0179
vn 0.9851 -0.0486 -0.1651
vn 0.9972 -0.0741 0.0111
vn 0.9823 -0.0663 -0.1753
vn 0.9937 -0.1119 0.0094
vn 0.9784 -0.0967 -0.1826
vn 0.9940 -0.1093 0.0042
vn 0.9753 -0.1088 -0.1925
vn 0.9928 -0.1193 -0.0083
vn 0.9700 -0.1275 -0.2071
vn 0.9871 -0.1585 -0.0220
vn 0.9623 -0.1600 -0.2202
vn 0.9842 -0.1733 -0.0353
vn 0.9552 -0.1816 -0.2335
vn 0.8888 -0.1870 -0.4184
vn 0.9463 -0.2081 -0.2475
vn 0.8784 -0.2089 -0.4298
vn 0.8732 -0.2017 -0.4436
vn 0.7396 -0.2350 -0.6306
vn 0.5584 -0.2891 -0.7776
vn 0.9727 -0.1548 0.1730
vn 0.9763 -0.1129 0.1849
vn 0.9200 -0.1074 0.3770
vn 0.9743 -0.1102 0.1964
vn 0.9153 -0.1072 0.3881
vn 0.8185 -0.1004 0.5657
vn 0.9078 -0.1404 0.3951
vn 0.8086 -0.1467 0.5698
vn 0.6841 -0.1501 0.7138
vn 0.8110 -0.0991 0.5766
vn 0.6856 -0.1109 0.7195
vn 0.5338 -0.1152 0.8377
vn 0.6941 -0.0269 0.7194
vn 0.5338 -0.0468 0.8443
vn 0.3318 -0.0446 0.9423
vn 0.5283 -0.0204 0.8488
vn 0.3270 -0.0146 0.9449
vn 0.1379 -0.0192 0.9903
vn 0.3276 -0.0032 0.9448
vn 0.1436 -0.0210 0.9894
vn -0.0221 -0.0322 0.9992
vn 0.1501 -0.0318 0.9882
vn -0.0264 -0.0379 0.9989
vn -0.2124 -0.0354 0.9765
vn -0.0310 -0.0173 0.9994
vn -0.2168 -0.0175 0.9761
vn -0.3922 -0.0182 0.9197
vn -0.2194 -0.0147 0.9755
vn -0.3925 -0.0169 0.9196
vn -0.5531 -0.0204 0.8329
vn -0.5540 -0.0176 0.8323
vn -0.3932 -0.0152 0.9193
vn -0.5547 -0.0158 0.8319
vn -0.6963 -0.0196 0.7175
vn -0.6960 -0.0160 0.7178
vn -0.5553 0.0039 0.8317
vn -0.6965 0.0027 0.7175
vn -0.8114 0.0023 0.5845
vn -0.8116 -0.0183 0.5839
vn -0.8109 -0.0083 0.5852
vn -0.9062 -0.0177 0.4224
vn -0.9080 -0.0044 0.4190
vn -0.9044 -0.0434 0.4245
vn -0.9675 -0.0520 0.2473
vn -0.8088 -0.0368 0.5869
vn -0.9014 -0.0783 0.4258
vn -0.9645 -0.0873 0.2493
vn -0.9623 -0.1048 0.2510
vn -0.9910 -0.1086 0.0777
vn -0.9922 -0.0981 0.0763
vn -0.9899 0.1234 0.0693
vn -0.9863 0.1270 -0.1051
vn -0.9889 -0.1109 -0.0993
vn -0.7972 0.5952 -0.1010
vn -0.7755 0.5885 -0.2287
vn -0.9546 0.1248 -0.2706
vn -0.2511 0.9641 -0.0861
vn -0.2665 0.9542 -0.1357
vn -0.7397 0.5695 -0.3586
vn 0.4547 0.8657 0.2095
vn 0.3887 0.8848 0.2571
vn -0.2723 0.9380 -0.2144
vn 0.3269 0.8954 0.3023
vn -0.2492 0.9270 -0.2804
vn 0.2692 0.8994 0.3445
vn -0.2088 0.9221 -0.3258
vn 0.1958 0.9136 0.3563
vn -0.1727 0.9094 -0.3784
vn 0.1139 0.9408 0.3192
vn -0.1358 0.8784 -0.4582
vn 0.0477 0.9670 0.2504
vn -0.0732 0.8368 -0.5425
vn 0.0082 0.9765 0.2152
vn 0.0067 0.8172 -0.5763
vn 0.0738 0.8354 -0.5447
vn -0.0434 0.9665 0.2530
vn 0.1379 0.8649 -0.4826
vn -0.1055 0.9494 0.2957
vn 0.1952 0.8911 -0.4097
vn 0.3884 0.4438 -0.8076
vn -0.1578 0.9398 0.3032
vn 0.2248 0.9136 -0.3389
vn 0.4904 0.4962 -0.7165
vn 0.5868 0.5284 -0.6135
vn 0.6897 0.0728 -0.7204
vn 0.5643 0.0420 -0.8245
vn 0.8053 0.0933 -0.5855
vn 0.8041 -0.1107 -0.5842
vn 0.6846 -0.1138 -0.7200
vn 0.8976 -0.1183 -0.4246
vn 0.8994 -0.0954 -0.4265
vn 0.8046 -0.0896 -0.5870
vn 0.9611 -0.0973 -0.2585
vn 0.9635 -0.0538 -0.2623
vn 0.9013 -0.0534 -0.4300
vn 0.9954 -0.0470 -0.0840
vn 0.9959 -0.0173 -0.0889
vn 0.9633 -0.0224 -0.2675
vn 0.9957 -0.0061 -0.0929
vn 0.9623 -0.0101 -0.2718
vn 0.9948 -0.0227 -0.0989
vn 0.9602 -0.0283 -0.2780
vn 0.9955 -0.0171 0.0927
vn 0.9960 -0.0256 0.0859
vn 0.9938 -0.0306 -0.1067
vn 0.9972 -0.0060 0.0751
vn 0.9930 -0.0135 -0.1172
vn 0.9643 0.0012 0.2649
vn 0.9659 -0.0093 0.2587
vn 0.9980 -0.0138 0.0624
vn 0.8984 -0.0120 0.4390
vn 0.8957 -0.0661 0.4397
vn 0.9652 -0.0556 0.2557
vn 0.8991 -0.0405 0.4360
vn 0.9679 -0.0551 0.2451
vn 0.9084 -0.0088 0.4180
vn 0.9739 -0.0359 0.2239
vn 0.9110 -0.0904 0.4023
vn 0.9744 -0.0845 0.2086
vn 0.9706 -0.1289 0.2033
vn 0.8155 -0.0014 0.5788
vn 0.8139 -0.0334 0.5800
vn 0.6961 -0.0294 0.7174
vn 0.8063 -0.0632 0.5882
vn 0.6834 -0.0337 0.7292
vn 0.5160 -0.0054 0.8566
vn 0.6710 0.0014 0.7415
vn 0.5099 0.0015 0.8602
vn 0.3332 -0.0140 0.9428
vn 0.5114 0.0106 0.8593
vn 0.3379 -0.0010 0.9412
vn 0.1516 -0.0119 0.9884
vn 0.3385 -0.0005 0.9410
vn 0.1522 -0.0079 0.9883
vn -0.0340 -0.0123 0.9993
vn 0.1513 -0.0076 0.9885
vn -0.0357 -0.0088 0.9993
vn -0.2200 -0.0121 0.9754
vn -0.0367 0.0111 0.9993
vn -0.2201 0.0078 0.9754
vn -0.3939 0.0055 0.9191
vn -0.2205 -0.0034 0.9754
vn -0.3950 -0.0033 0.9187
vn -0.5550 -0.0063 0.8318
vn -0.3948 -0.0325 0.9182
vn -0.5550 -0.0366 0.8310
vn -0.6973 -0.0071 0.7168
vn -0.6971 -0.0365 0.7160
vn -0.5539 -0.0796 0.8288
vn -0.6959 -0.0767 0.7141
vn -0.8070 -0.0755 0.5857
vn -0.5550 -0.0849 0.8275
vn -0.6967 -0.0784 0.7131
vn -0.8069 -0.0760 0.5858
vn -0.6908 0.1735 0.7019
vn -0.7976 0.1737 0.5776
vn -0.8930 0.1493 0.4245
vn -0.8996 -0.0888 0.4275
vn -0.7033 0.6291 0.3309
vn -0.7653 0.6163 0.1855
vn -0.9612 0.1244 0.2461
vn -0.1875 0.9819 0.0262
vn -0.2184 0.9758 -0.0138
vn -0.7980 0.6014 0.0403
vn 0.5631 0.8237 -0.0668
vn 0.5412 0.8404 0.0279
vn -0.2413 0.9688 -0.0560
vn 0.9164 0.3924 0.0789
vn 0.8818 0.4056 0.2407
vn 0.5072 0.8520 0.1299
vn 0.9454 0.1942 0.2619
vn 0.8864 0.2042 0.4154
vn 0.8235 0.4154 0.3863
vn 0.8041 0.2079 0.5570
vn 0.7458 0.4221 0.5153
vn 0.6942 0.2152 0.6869
vn 0.6450 0.4267 0.6339
vn 0.5761 0.2158 0.7884
vn 0.5339 0.4308 0.7276
vn 0.4493 0.2127 0.8677
vn 0.4134 0.4416 0.7963
vn 0.3094 0.2178 0.9256
vn 0.2814 0.4667 0.8385
vn 0.1546 0.2231 0.9625
vn 0.1382 0.5026 0.8534
vn 0.0010 0.2254 0.9743
vn 0.0043 0.5253 0.8509
vn -0.1295 0.5218 0.8432
vn -0.1511 0.2422 0.9584
vn -0.2663 0.5113 0.8171
vn -0.2985 0.2591 0.9185
vn -0.3925 0.5019 0.7707
vn -0.4367 0.2476 0.8648
vn -0.5123 0.4854 0.7085
vn -0.2223 0.9294 0.2947
vn -0.5686 0.2273 0.7906
vn -0.6260 0.4619 0.6283
vn -0.2935 0.9129 0.2838
vn -0.3718 0.8926 0.2551
vn 0.2708 0.9402 -0.2065
vn 0.2520 0.9281 -0.2740
vn 0.2757 0.9500 -0.1469
vn 0.7456 0.5574 -0.3652
vn 0.6740 0.5496 -0.4936
vn 0.8057 0.5484 -0.2238
vn 0.9625 0.0862 -0.2571
vn 0.8985 0.0934 -0.4289
vn 0.9932 0.0863 -0.0784
vn 0.9906 -0.1140 -0.0756
vn 0.9594 -0.1204 -0.2550
vn 0.9884 -0.1034 0.1112
vn 0.9908 -0.0822 0.1078
vn 0.9928 -0.0905 -0.0791
vn 0.9543 -0.0790 0.2881
vn 0.9574 -0.0363 0.2865
vn 0.9938 -0.0389 0.1042
vn 0.9587 -0.0050 0.2845
vn 0.9948 -0.0100 0.1013
vn 0.9594 0.0072 0.2818
vn 0.9952 0.0002 0.0974
vn 0.8894 0.0093 0.4571
vn 0.8901 -0.0109 0.4556
vn 0.9603 -0.0128 0.2786
vn 0.8928 -0.0110 0.4503
vn 0.9617 -0.0192 0.2733
vn 0.7912 -0.0034 0.6116
vn 0.7958 0.0124 0.6055
vn 0.8967 0.0066 0.4426
vn 0.6661 0.0157 0.7457
vn 0.8008 -0.0089 0.5988
vn 0.6624 0.0008 0.7491
vn 0.5100 0.0025 0.8602
vn 0.6583 -0.0054 0.7527
vn 0.5070 -0.0035 0.8619
vn 0.3378 -0.0056 0.9412
vn 0.5047 0.0088 0.8632
vn 0.3359 0.0112 0.9418
vn 0.1495 0.0124 0.9887
vn 0.3346 -0.0014 0.9424
vn 0.1485 -0.0016 0.9889
vn -0.0368 -0.0034 0.9993
vn 0.1479 -0.0326 0.9885
vn -0.0371 -0.0293 0.9989
vn -0.2210 -0.0286 0.9749
vn -0.0378 -0.0611 0.9974
vn -0.2204 -0.0665 0.9731
vn -0.3936 -0.0771 0.9161
vn -0.2183 -0.0819 0.9724
vn -0.3927 -0.0868 0.9156
vn -0.2176 0.1345 0.9667
vn -0.3925 0.1489 0.9076
vn -0.5536 0.1647 0.8163
vn -0.3209 0.6041 0.7294
vn -0.4473 0.6176 0.6468
vn -0.5506 0.6254 0.5530
vn -0.1223 0.9802 0.1560
vn -0.1458 0.9800 0.1358
vn -0.6312 0.6281 0.4550
vn -0.1644 0.9800 0.1117
vn 0.4299 0.7856 -0.4451
vn 0.4864 0.7969 -0.3582
vn 0.5260 0.8067 -0.2693
vn -0.1700 0.9832 0.0666
vn 0.8329 0.3742 -0.4078
vn 0.8886 0.3858 -0.2479
vn 0.5561 0.8142 -0.1666
vn 0.9470 0.1882 -0.2604
vn 0.9796 0.1824 -0.0842
vn 0.9190 0.3854 -0.0825
vn 0.9906 0.1065 -0.0858
vn 0.9899 0.1076 0.0924
vn 0.9793 0.1809 0.0905
vn 0.9933 0.0691 0.0926
vn 0.9611 0.0713 0.2670
vn 0.9569 0.1146 0.2667
vn 0.9038 0.0736 0.4215
vn 0.8994 0.1202 0.4203
vn 0.8206 0.0781 0.5662
vn 0.8161 0.1246 0.5643
vn 0.7089 0.0796 0.7008
vn 0.7046 0.1268 0.6981
vn 0.5917 0.0761 0.8025
vn 0.5867 0.1252 0.8001
vn 0.4632 0.0713 0.8834
vn 0.4583 0.1214 0.8805
vn 0.3178 0.0726 0.9454
vn 0.3157 0.1230 0.9408
vn 0.1608 0.0773 0.9840
vn 0.1588 0.1280 0.9790
vn 0.0001 0.0787 0.9969
vn 0.0001 0.1316 0.9913
vn -0.1616 0.0798 0.9836
vn -0.1594 0.1392 0.9774
vn -0.3069 0.1409 0.9413
vn -0.3084 0.0791 0.9480
vn -0.4444 0.1322 0.8860
vn -0.4474 0.0768 0.8910
vn -0.5795 0.1275 0.8050
vn -0.5847 0.0755 0.8077
vn -0.7006 0.1261 0.7024
vn -0.6884 0.2173 0.6920
vn -0.7062 0.0767 0.7039
vn -0.8130 0.1222 0.5693
vn -0.7991 0.2115 0.5627
vn -0.8842 0.2078 0.4183
vn -0.8210 0.4208 0.3859
vn -0.7344 0.4401 0.5167
vn -0.8869 0.3986 0.2335
vn -0.5040 0.8549 0.1228
vn -0.4469 0.8718 0.2006
vn -0.5406 0.8411 0.0168
vn 0.2752 0.9603 -0.0451
vn 0.2839 0.9545 -0.0914
vn 0.2479 0.9688 -0.0077
vn 0.8221 0.5647 0.0730
vn 0.8320 0.5493 -0.0776
vn 0.7653 0.6072 0.2136
vn 0.9490 0.1383 0.2834
vn 0.9892 0.0990 0.1079
vn 0.8697 0.1950 0.4535
vn 0.8821 -0.0828 0.4638
vn 0.9527 -0.0918 0.2899
vn 0.7765 -0.0652 0.6267
vn 0.7790 -0.0716 0.6229
vn 0.8834 -0.0792 0.4618
vn 0.7825 -0.0326 0.6218
vn 0.8870 -0.0362 0.4603
vn 0.7847 -0.0040 0.6199
vn 0.8885 -0.0032 0.4588
vn 0.6536 -0.0046 0.7568
vn 0.6551 0.0071 0.7555
vn 0.7859 0.0070 0.6183
vn 0.7876 -0.0099 0.6161
vn 0.5035 -0.0038 0.8640
vn 0.6521 -0.0302 0.7575
vn 0.5025 -0.0337 0.8639
vn 0.3331 -0.0354 0.9422
vn 0.5019 -0.0699 0.8621
vn 0.3319 -0.0753 0.9403
vn 0.1456 -0.0680 0.9870
vn 0.3309 -0.0809 0.9402
vn 0.1436 -0.0766 0.9867
vn -0.0378 -0.0748 0.9965
vn 0.1443 0.1360 0.9802
vn -0.0367 0.1257 0.9914
vn 0.1218 0.5987 0.7917
vn -0.0274 0.5951 0.8032
vn -0.1751 0.5990 0.7814
vn -0.0014 0.9822 0.1878
vn -0.0366 0.9825 0.1825
vn -0.0863 0.9797 0.1812
vn 0.1453 0.7816 -0.6066
vn 0.2437 0.7855 -0.5689
vn 0.3416 0.7824 -0.5208
vn 0.3745 0.3397 -0.8628
vn 0.5260 0.3326 -0.7827
vn 0.6613 0.3339 -0.6717
vn 0.5520 0.1626 -0.8179
vn 0.6935 0.1650 -0.7013
vn 0.8018 0.1706 -0.5728
vn 0.7596 0.3506 -0.5478
vn 0.8109 0.0935 -0.5777
vn 0.8971 0.1017 -0.4299
vn 0.8858 0.1821 -0.4267
vn 0.9006 0.0660 -0.4295
vn 0.9619 0.0702 -0.2643
vn 0.9587 0.1075 -0.2632
vn 0.9633 0.0411 -0.2654
vn 0.9952 0.0408 -0.0892
vn 0.9938 0.0690 -0.0870
vn 0.9953 0.0291 -0.0926
vn 0.9954 0.0321 0.0901
vn 0.9950 0.0406 0.0917
vn 0.9636 0.0358 0.2650
vn 0.9629 0.0437 0.2663
vn 0.9065 0.0371 0.4205
vn 0.9059 0.0457 0.4211
vn 0.8252 0.0386 0.5635
vn 0.8234 0.0473 0.5655
vn 0.7169 0.0374 0.6962
vn 0.7127 0.0475 0.6998
vn 0.5989 0.0344 0.8001
vn 0.5955 0.0446 0.8021
vn 0.4705 0.0325 0.8818
vn 0.4672 0.0404 0.8832
vn 0.3205 0.0330 0.9467
vn 0.3198 0.0418 0.9466
vn 0.1643 0.0351 0.9858
vn 0.1626 0.0452 0.9857
vn 0.0015 0.0371 0.9993
vn 0.0010 0.0463 0.9989
vn -0.1625 0.0394 0.9859
vn -0.1619 0.0478 0.9856
vn -0.3099 0.0485 0.9495
vn -0.3111 0.0399 0.9496
vn -0.4499 0.0480 0.8918
vn -0.4514 0.0391 0.8915
vn -0.5877 0.0452 0.8078
vn -0.5892 0.0371 0.8072
vn -0.7102 0.0458 0.7025
vn -0.7127 0.0363 0.7005
vn -0.8206 0.0431 0.5699
vn -0.8180 0.0743 0.5704
vn -0.8227 0.0338 0.5675
vn -0.9058 0.0373 0.4221
vn -0.9032 0.0693 0.4237
vn -0.9634 0.0688 0.2590
vn -0.9590 0.1138 0.2596
vn -0.8981 0.1197 0.4231
vn -0.9927 0.1039 0.0615
vn -0.9831 0.1727 0.0604
vn -0.9477 0.1926 0.2546
vn -0.9758 0.1725 -0.1340
vn -0.9220 0.3652 -0.1286
vn -0.9244 0.3777 0.0531
vn -0.8850 0.3536 -0.3028
vn -0.5706 0.7923 -0.2160
vn -0.5638 0.8199 -0.0997
vn -0.5415 0.7781 -0.3184
vn 0.1520 0.9868 0.0553
vn 0.1981 0.9799 0.0237
vn 0.1415 0.9843 0.1059
vn 0.5849 0.6624 0.4681
vn 0.6702 0.6591 0.3412
vn 0.5005 0.6409 0.5821
vn 0.6374 0.2066 0.7423
vn 0.7583 0.2202 0.6136
vn 0.4966 0.1828 0.8485
vn 0.5031 -0.0703 0.8614
vn 0.6499 -0.0562 0.7579
vn 0.6501 -0.0642 0.7571
vn 0.3289 0.1614 0.9305
vn 0.3905 0.6324 0.6691
vn 0.2662 0.6190 0.7389
vn 0.1061 0.9771 0.1847
vn 0.0805 0.9750 0.2070
vn 0.0364 0.9775 0.2080
vn -0.1954 0.8025 -0.5638
vn -0.0885 0.7986 -0.5953
vn 0.0293 0.7865 -0.6169
vn -0.1403 0.3375 -0.9308
vn 0.0404 0.3418 -0.9389
vn 0.2153 0.3426 -0.9145
vn 0.0432 0.1677 -0.9849
vn 0.2256 0.1639 -0.9603
vn 0.3944 0.1604 -0.9048
vn 0.2272 0.0898 -0.9697
vn 0.3987 0.0892 -0.9127
vn 0.5576 0.0941 -0.8248
vn 0.4013 0.0563 -0.9142
vn 0.5594 0.0584 -0.8269
vn 0.7010 0.0567 -0.7109
vn 0.7002 0.0929 -0.7078
vn 0.5609 0.0323 -0.8273
vn 0.7017 0.0320 -0.7117
vn 0.8137 0.0581 -0.5784
vn 0.8145 0.0308 -0.5793
vn 0.7016 0.0210 -0.7122
vn 0.8165 0.0193 -0.5770
vn 0.9024 0.0350 -0.4295
vn 0.9026 0.0319 -0.4293
vn 0.9030 0.0211 -0.4292
vn 0.9633 0.0357 -0.2662
vn 0.9636 0.0263 -0.2661
vn 0.9640 0.0012 -0.2661
vn 0.9955 0.0059 -0.0944
vn 0.9947 0.0401 -0.0945
vn 0.9962 0.0097 0.0867
vn 0.9951 0.0436 0.0888
vn 0.9656 0.0133 0.2598
vn 0.9640 0.0462 0.2617
vn 0.9107 0.0153 0.4128
vn 0.9076 0.0488 0.4171
vn 0.8315 0.0142 0.5553
vn 0.8273 0.0514 0.5594
vn 0.7267 0.0153 0.6868
vn 0.7212 0.0509 0.6908
vn 0.6079 0.0180 0.7938
vn 0.6030 0.0485 0.7962
vn 0.4796 0.0218 0.8772
vn 0.4753 0.0486 0.8785
vn 0.3281 0.0267 0.9443
vn 0.3241 0.0496 0.9447
vn 0.1704 0.0290 0.9849
vn 0.1669 0.0513 0.9846
vn 0.0076 0.0276 0.9996
vn 0.0035 0.0510 0.9987
vn -0.1592 0.0227 0.9870
vn -0.1619 0.0493 0.9856
vn -0.3127 0.0482 0.9486
vn -0.3147 0.0191 0.9490
vn -0.4550 0.0491 0.8891
vn -0.4610 0.0197 0.8872
vn -0.5915 0.0494 0.8048
vn -0.5949 0.0181 0.8036
vn -0.7152 0.0474 0.6973
vn -0.7167 0.0098 0.6974
vn -0.8248 0.0431 0.5637
vn -0.8287 0.0030 0.5597
vn -0.9095 0.0421 0.4135
vn -0.9071 0.0312 0.4198
vn -0.9135 0.0008 0.4068
vn -0.9683 0.0416 0.2465
vn -0.9659 0.0322 0.2570
vn -0.9980 0.0304 0.0559
vn -0.9975 0.0392 0.0581
vn -0.9661 0.0398 0.2550
vn -0.9892 0.0338 -0.1426
vn -0.9883 0.0602 -0.1404
vn -0.9961 0.0643 0.0603
vn -0.9450 0.0619 -0.3211
vn -0.9422 0.1048 -0.3183
vn -0.9852 0.1020 -0.1376
vn -0.8699 0.0997 -0.4831
vn -0.8610 0.1686 -0.4798
vn -0.9327 0.1767 -0.3145
vn -0.7635 0.1654 -0.6243
vn -0.7258 0.3481 -0.5934
vn -0.8185 0.3438 -0.4602
vn -0.6128 0.3496 -0.7087
vn -0.3963 0.7971 -0.4556
vn -0.4752 0.7872 -0.3930
vn -0.3035 0.8001 -0.5175
vn 0.1295 0.9795 0.1546
vn -0.4734 0.3376 -0.8135
vn -0.3123 0.3322 -0.8900
vn -0.4958 0.1715 -0.8513
vn -0.3262 0.1673 -0.9304
vn -0.1452 0.1672 -0.9752
vn -0.3287 0.1016 -0.9390
vn -0.1454 0.0994 -0.9844
vn 0.0439 0.0962 -0.9944
vn -0.1452 0.0592 -0.9876
vn 0.0443 0.0576 -0.9974
vn 0.2285 0.0550 -0.9720
vn 0.0452 0.0267 -0.9986
vn 0.2294 0.0255 -0.9730
vn 0.4038 0.0280 -0.9144
vn 0.2326 0.0139 -0.9725
vn 0.4049 0.0178 -0.9142
vn 0.5579 0.0210 -0.8296
vn 0.4076 0.0255 -0.9128
vn 0.5620 0.0279 -0.8266
vn 0.7010 0.0280 -0.7126
vn 0.5651 -0.0133 -0.8249
vn 0.7021 -0.0091 -0.7120
vn 0.8143 0.0287 -0.5797
vn 0.8158 -0.0049 -0.5783
vn 0.7051 -0.0507 -0.7073
vn 0.8171 -0.0450 -0.5747
vn 0.9033 -0.0016 -0.4291
vn 0.9028 -0.0415 -0.4281
vn 0.8199 0.0078 -0.5724
vn 0.9053 0.0128 -0.4245
vn 0.9637 -0.0381 -0.2643
vn 0.9953 0.0285 -0.0931
vn 0.9951 -0.0331 -0.0931
vn 0.9960 0.0307 0.0835
vn 0.9959 -0.0284 0.0855
vn 0.9679 0.0295 0.2498
vn 0.9661 -0.0261 0.2567
vn 0.9182 0.0238 0.3954
vn 0.9137 -0.0287 0.4053
vn 0.8415 0.0200 0.5398
vn 0.8358 -0.0329 0.5480
vn 0.7348 0.0205 0.6779
vn 0.7300 -0.0323 0.6827
vn 0.6134 0.0232 0.7894
vn 0.6102 -0.0269 0.7918
vn 0.4842 0.0260 0.8746
vn 0.4810 -0.0190 0.8765
vn 0.3372 0.0278 0.9410
vn 0.3320 -0.0131 0.9432
vn 0.1813 0.0300 0.9830
vn 0.1758 -0.0126 0.9843
vn 0.0167 0.0312 0.9994
vn 0.0123 -0.0142 0.9998
vn -0.1514 0.0293 0.9880
vn -0.1555 -0.0169 0.9877
vn -0.3159 -0.0195 0.9486
vn -0.3152 0.0255 0.9487
vn -0.4650 -0.0212 0.8851
vn -0.4652 0.0197 0.8850
vn -0.5956 -0.0260 0.8029
vn -0.5973 0.0150 0.8019
vn -0.7177 -0.0318 0.6957
vn -0.7234 0.0174 0.6902
vn -0.8316 -0.0358 0.5543
vn -0.8369 0.0226 0.5469
vn -0.9157 -0.0381 0.4000
vn -0.9196 0.0256 0.3921
vn -0.9722 -0.0382 0.2312
vn -0.9708 0.0001 0.2401
vn -0.9752 0.0297 0.2195
vn -0.9986 -0.0379 0.0358
vn -0.9990 -0.0022 0.0438
vn -0.9878 -0.0078 -0.1553
vn -0.9879 0.0320 -0.1517
vn -0.9981 0.0374 0.0497
vn -0.9436 0.0285 -0.3297
vn -0.9449 0.0207 -0.3266
vn -0.9880 0.0255 -0.1526
vn -0.8723 0.0173 -0.4886
vn -0.8733 0.0288 -0.4864
vn -0.9459 0.0306 -0.3231
vn -0.7706 0.0268 -0.6368
vn -0.7713 0.0561 -0.6340
vn -0.8726 0.0602 -0.4847
vn -0.6505 0.0535 -0.7577
vn -0.6490 0.1002 -0.7541
vn -0.7695 0.0951 -0.6315
vn -0.5003 0.1034 -0.8597
vn -0.6443 0.1717 -0.7452
vn -0.5016 0.0541 -0.8634
vn -0.3291 0.0573 -0.9426
vn -0.5006 0.0198 -0.8654
vn -0.3273 0.0239 -0.9446
vn -0.1436 0.0273 -0.9893
vn -0.3244 0.0109 -0.9458
vn -0.1425 0.0122 -0.9897
vn 0.0470 0.0112 -0.9988
vn -0.1395 0.0170 -0.9901
vn 0.0504 0.0172 -0.9986
vn 0.2364 0.0210 -0.9714
vn 0.0544 -0.0181 -0.9984
vn 0.2406 -0.0171 -0.9705
vn 0.4110 -0.0167 -0.9115
vn 0.2433 -0.0529 -0.9685
vn 0.4133 -0.0555 -0.9089
vn 0.5683 -0.0555 -0.8210
vn 0.4179 -0.0057 -0.9085
vn 0.5754 -0.0016 -0.8179
vn 0.7105 0.0043 -0.7037
vn 0.5832 0.0387 -0.8114
vn 0.7147 0.0444 -0.6980
vn 0.8228 0.0523 -0.5659
vn 0.7202 0.0424 -0.6925
vn 0.8304 0.0500 -0.5550
vn 0.9087 0.0682 -0.4119
vn 0.9162 0.0635 -0.3955
vn 0.9640 0.0854 -0.2518
vn 0.9651 0.0221 -0.2610
vn 0.9678 0.0786 -0.2391
vn 0.9914 0.0920 -0.0933
vn 0.9918 0.0863 -0.0938
vn 0.9931 0.0884 0.0775
vn 0.9701 0.0708 0.2322
vn 0.9674 0.0806 0.2400
vn 0.9231 0.0694 0.3783
vn 0.9202 0.0742 0.3844
vn 0.8493 0.0691 0.5233
vn 0.8445 0.0707 0.5309
vn 0.7459 0.0677 0.6626
vn 0.7393 0.0691 0.6699
vn 0.6254 0.0692 0.7772
vn 0.6188 0.0665 0.7827
vn 0.4947 0.0740 0.8659
vn 0.4900 0.0646 0.8693
vn 0.3455 0.0798 0.9350
vn 0.3418 0.0671 0.9374
vn 0.1821 0.0839 0.9797
vn 0.1817 0.0747 0.9805
vn 0.0255 0.0864 0.9959
vn 0.0213 0.0792 0.9966
vn -0.1316 0.0823 0.9879
vn -0.1429 0.0721 0.9871
vn -0.3102 0.0610 0.9487
vn -0.3025 0.0717 0.9504
vn -0.4613 0.0516 0.8858
vn -0.4581 0.0630 0.8866
vn -0.5994 0.0469 0.7991
vn -0.6006 0.0578 0.7975
vn -0.7314 0.0506 0.6801
vn -0.7386 0.0572 0.6717
vn -0.8417 0.0593 0.5367
vn -0.8471 0.0599 0.5280
vn -0.9222 0.0657 0.3811
vn -0.9261 0.0624 0.3721
vn -0.9756 0.0686 0.2087
vn -0.9774 0.0629 0.2019
vn -0.9976 0.0664 0.0199
vn -0.9992 0.0312 0.0263
vn -0.9982 0.0569 0.0180
vn -0.9835 0.0621 -0.1700
vn -0.9860 0.0286 -0.1641
vn -0.9386 0.0242 -0.3443
vn -0.9395 -0.0479 -0.3391
vn -0.9865 -0.0416 -0.1583
vn -0.8628 -0.0533 -0.5028
vn -0.8664 -0.0133 -0.4991
vn -0.9422 -0.0126 -0.3348
vn -0.7652 -0.0168 -0.6435
vn -0.7660 0.0255 -0.6423
vn -0.8693 0.0277 -0.4936
vn -0.6487 0.0222 -0.7608
vn -0.6507 0.0150 -0.7592
vn -0.7685 0.0169 -0.6397
vn -0.4995 0.0105 -0.8663
vn -0.6508 0.0224 -0.7589
vn -0.4972 0.0199 -0.8674
vn -0.3215 0.0179 -0.9467
vn -0.4933 -0.0185 -0.8697
vn -0.3182 -0.0194 -0.9478
vn -0.1353 -0.0192 -0.9906
vn -0.3114 -0.0564 -0.9486
vn -0.1277 -0.0526 -0.9904
vn 0.0595 -0.0513 -0.9969
vn -0.1203 -0.0001 -0.9927
vn 0.0651 -0.0010 -0.9979
vn 0.2467 -0.0036 -0.9691
vn 0.0710 0.0289 -0.9971
vn 0.2511 0.0283 -0.9675
vn 0.4257 0.0318 -0.9043
vn 0.2613 0.0338 -0.9647
vn 0.4358 0.0399 -0.8992
vn 0.5898 0.0417 -0.8064
vn 0.4457 0.0389 -0.8944
vn 0.5964 0.0417 -0.8016
vn 0.7259 0.0437 -0.6864
vn 0.6038 0.0466 -0.7958
vn 0.7315 0.0443 -0.6804
vn 0.8365 0.0436 -0.5463
vn 0.8413 0.0445 -0.5388
vn 0.9222 0.0449 -0.3842
vn 0.9273 0.0529 -0.3705
vn 0.9736 0.0587 -0.2204
vn 0.9779 0.0690 -0.1975
vn 0.9931 0.0701 -0.0938
vn 0.9925 0.0709 -0.0999
vn 0.9969 0.0594 0.0520
vn 0.9946 0.0795 0.0672
vn 0.9980 0.0539 0.0344
vn 0.9716 0.0519 0.2309
vn 0.9236 0.0545 0.3794
vn 0.9242 0.0577 0.3775
vn 0.8565 0.0599 0.5126
vn 0.8537 0.0615 0.5172
vn 0.7575 0.0637 0.6497
vn 0.7522 0.0620 0.6561
vn 0.6341 0.0670 0.7704
vn 0.6293 0.0652 0.7745
vn 0.5024 0.0687 0.8619
vn 0.4971 0.0714 0.8647
vn 0.3586 0.0710 0.9308
vn 0.3514 0.0753 0.9332
vn 0.1994 0.0710 0.9773
vn 0.1887 0.0740 0.9793
vn 0.0387 0.0656 0.9971
vn 0.0297 0.0715 0.9970
vn -0.1246 0.0641 0.9901
vn -0.1259 0.0711 0.9895
vn -0.2939 0.0680 0.9534
vn -0.2956 0.0692 0.9528
vn -0.4562 0.0645 0.8876
vn -0.4547 0.0683 0.8880
vn -0.6010 0.0607 0.7969
vn -0.6017 0.0663 0.7960
vn -0.7417 0.0556 0.6684
vn -0.7416 0.0626 0.6679
vn -0.8505 0.0515 0.5235
vn -0.8513 0.0564 0.5216
vn -0.9289 0.0475 0.3673
vn -0.9296 0.0522 0.3649
vn -0.9792 0.0419 0.1986
vn -0.9795 0.0508 0.1949
vn -0.9992 0.0366 0.0167
vn -0.9986 0.0524 0.0107
vn -0.9842 0.0312 -0.1745
vn -0.9838 0.0475 -0.1730
vn -0.9830 0.0511 -0.1762
vn -0.9356 0.0242 -0.3521
vn -0.9357 0.0403 -0.3504
vn -0.8598 0.0366 -0.5094
vn -0.8604 0.0497 -0.5072
vn -0.9359 0.0574 -0.3476
vn -0.7583 0.0406 -0.6507
vn -0.7605 0.0103 -0.6493
vn -0.8618 0.0176 -0.5069
vn -0.6352 0.0055 -0.7723
vn -0.6391 -0.0597 -0.7668
vn -0.7623 -0.0577 -0.6446
vn -0.4867 -0.0591 -0.8716
vn -0.6451 -0.0192 -0.7639
vn -0.4809 0.0022 -0.8768
vn -0.3038 0.0006 -0.9527
vn -0.4763 0.0282 -0.8788
vn -0.2964 0.0264 -0.9547
vn -0.1123 0.0282 -0.9933
vn -0.2898 0.0316 -0.9566
vn -0.1041 0.0289 -0.9941
vn 0.0787 0.0290 -0.9965
vn -0.0963 0.0335 -0.9948
vn 0.0889 0.0344 -0.9954
vn 0.2734 0.0368 -0.9612
vn 0.1004 0.0443 -0.9940
vn 0.2844 0.0444 -0.9577
vn 0.4566 0.0460 -0.8885
vn 0.2979 0.1104 -0.9482
vn 0.4673 0.1149 -0.8766
vn 0.6073 0.1143 -0.7862
vn 0.4786 0.1419 -0.8665
vn 0.6148 0.1410 -0.7760
vn 0.7338 0.1120 -0.6701
vn 0.7399 0.1426 -0.6574
vn 0.8445 0.1150 -0.5230
vn 0.8493 0.1411 -0.5087
vn 0.9279 0.1213 -0.3525
vn 0.9291 0.1296 -0.3465
vn 0.9754 0.1169 -0.1871
vn 0.9749 0.1103 -0.1932
vn 0.9881 0.1130 -0.1040
vn 0.9897 0.1117 -0.0891
vn 0.9926 0.1185 0.0271
vn 0.9897 0.1368 0.0430
vn 0.9657 0.1181 0.2311
vn 0.9711 0.0470 0.2341
vn 0.9632 0.1478 0.2247
vn 0.9189 0.1167 0.3767
vn 0.8540 0.1495 0.4984
vn 0.8553 0.1189 0.5043
vn 0.7649 0.1520 0.6260
vn 0.7600 0.1202 0.6388
vn 0.6510 0.1474 0.7447
vn 0.6400 0.1193 0.7591
vn 0.5210 0.1424 0.8416
vn 0.5102 0.1180 0.8519
vn 0.3794 0.1429 0.9141
vn 0.3681 0.1157 0.9226
vn 0.2226 0.1471 0.9637
vn 0.2119 0.1108 0.9710
vn 0.0551 0.1515 0.9869
vn 0.0482 0.1085 0.9929
vn -0.1207 0.1524 0.9809
vn -0.1246 0.1134 0.9857
vn -0.2916 0.1515 0.9445
vn -0.2935 0.1193 0.9485
vn -0.4515 0.1552 0.8787
vn -0.4515 0.1202 0.8841
vn -0.6019 0.1215 0.7892
vn -0.6035 0.1605 0.7811
vn -0.7390 0.1248 0.6620
vn -0.7395 0.1642 0.6529
vn -0.8477 0.1265 0.5152
vn -0.8464 0.1679 0.5054
vn -0.9261 0.1348 0.3525
vn -0.9253 0.1723 0.3379
vn -0.9720 0.1492 0.1817
vn -0.9698 0.1742 0.1706
vn -0.9876 0.1570 0.0024
vn -0.9848 0.1736 -0.0022
vn -0.9735 0.1500 -0.1728
vn -0.9708 0.1701 -0.1693
vn -0.9286 0.1332 -0.3463
vn -0.9348 0.0438 -0.3523
vn -0.9250 0.1668 -0.3415
vn -0.8438 0.1224 -0.5225
vn -0.8526 0.0377 -0.5212
vn -0.7435 0.0372 -0.6677
vn -0.7505 0.0276 -0.6603
vn -0.8565 0.0222 -0.5157
vn -0.6205 0.0338 -0.7834
vn -0.6281 0.0355 -0.7773
vn -0.7562 0.0352 -0.6534
vn -0.4716 0.0350 -0.8811
vn -0.6323 0.0337 -0.7740
vn -0.4653 0.0366 -0.8844
vn -0.2840 0.0352 -0.9582
vn -0.4568 0.0417 -0.8886
vn -0.2755 0.0443 -0.9603
vn -0.0870 0.0446 -0.9952
vn -0.2659 0.1165 -0.9569
vn -0.0784 0.1082 -0.9910
vn 0.1139 0.1055 -0.9879
vn -0.0680 0.1452 -0.9871
vn 0.1294 0.1444 -0.9810
vn 0.3135 0.1438 -0.9386
vn 0.1414 0.2552 -0.9565
vn 0.3235 0.2486 -0.9130
vn 0.4828 0.2443 -0.8410
vn 0.3382 0.3236 -0.8837
vn 0.4888 0.3270 -0.8088
vn 0.6142 0.2414 -0.7513
vn 0.6111 0.3327 -0.7182
vn 0.7362 0.2387 -0.6333
vn 0.7254 0.3360 -0.6007
vn 0.8386 0.2295 -0.4941
vn 0.8158 0.3369 -0.4701
vn 0.9150 0.2124 -0.3431
vn 0.8849 0.3313 -0.3274
vn 0.9608 0.1966 -0.1953
vn 0.9282 0.3239 -0.1831
vn 0.9784 0.1952 -0.0682
vn 0.9445 0.3244 -0.0518
vn 0.9753 0.2103 0.0669
vn 0.9398 0.3316 0.0823
vn 0.9484 0.2260 0.2223
vn 0.9153 0.3373 0.2203
vn 0.9002 0.2375 0.3651
vn 0.9167 0.1458 0.3720
vn 0.8149 0.3402 0.4694
vn 0.8369 0.2498 0.4871
vn 0.7424 0.3426 0.5757
vn 0.7559 0.2586 0.6014
vn 0.6433 0.3489 0.6815
vn 0.6505 0.2629 0.7125
vn 0.5272 0.3546 0.7722
vn 0.5250 0.2658 0.8085
vn 0.3851 0.3614 0.8492
vn 0.3826 0.2755 0.8819
vn 0.2215 0.3745 0.9004
vn 0.2244 0.2937 0.9292
vn 0.0688 0.3829 0.9212
vn 0.0611 0.3035 0.9509
vn -0.0924 0.3745 0.9226
vn -0.1101 0.2939 0.9495
vn -0.2747 0.3621 0.8907
vn -0.2841 0.2890 0.9142
vn -0.4387 0.3585 0.8240
vn -0.4437 0.2929 0.8470
vn -0.5876 0.2970 0.7527
vn -0.5789 0.3627 0.7303
vn -0.7195 0.2948 0.6288
vn -0.7042 0.3671 0.6077
vn -0.8239 0.2930 0.4851
vn -0.8030 0.3629 0.4728
vn -0.9007 0.2846 0.3282
vn -0.8768 0.3519 0.3277
vn -0.9476 0.2726 0.1663
vn -0.9238 0.3456 0.1646
vn -0.9634 0.2679 -0.0044
vn -0.9383 0.3459 -0.0076
vn -0.9466 0.2730 -0.1718
vn -0.9223 0.3449 -0.1742
vn -0.8958 0.2861 -0.3401
vn -0.8750 0.3423 -0.3422
vn -0.8105 0.2909 -0.5084
vn -0.8371 0.1607 -0.5229
vn -0.7958 0.3395 -0.5014
vn -0.7014 0.2859 -0.6529
vn -0.7250 0.1558 -0.6709
vn -0.5939 0.1534 -0.7898
vn -0.6018 0.1230 -0.7891
vn -0.7324 0.1228 -0.6697
vn -0.4446 0.1216 -0.8874
vn -0.6126 0.0393 -0.7894
vn -0.4367 0.1513 -0.8868
vn -0.2582 0.1471 -0.9548
vn -0.4203 0.2756 -0.8645
vn -0.2435 0.2657 -0.9328
vn -0.0501 0.2601 -0.9643
vn -0.2279 0.3246 -0.9180
vn -0.0321 0.3248 -0.9453
vn 0.1556 0.3234 -0.9334
vn -0.0109 0.3324 -0.9431
vn 0.1779 0.3319 -0.9264
vn 0.3624 0.3235 -0.8741
vn 0.2024 0.3409 -0.9180
vn 0.3934 0.3346 -0.8563
vn 0.5131 0.3170 -0.7976
vn 0.5441 0.3384 -0.7677
vn 0.6346 0.3208 -0.7031
vn 0.6587 0.3476 -0.6673
vn 0.7439 0.3236 -0.5847
vn 0.7547 0.3494 -0.5553
vn 0.8294 0.3228 -0.4560
vn 0.8355 0.3456 -0.4272
vn 0.8943 0.3203 -0.3125
vn 0.8979 0.3422 -0.2768
vn 0.9331 0.3197 -0.1647
vn 0.9300 0.3429 -0.1325
vn 0.9459 0.3229 -0.0316
vn 0.9381 0.3462 -0.0068
vn 0.9399 0.3271 0.0977
vn 0.9303 0.3492 0.1124
vn 0.9174 0.3285 0.2246
vn 0.8727 0.3566 0.3335
vn 0.8792 0.3263 0.3472
vn 0.8716 0.3397 0.3533
vn 0.8189 0.3640 0.4437
vn 0.8251 0.3240 0.4628
vn 0.7504 0.3744 0.5447
vn 0.7545 0.3270 0.5690
vn 0.6730 0.3763 0.6368
vn 0.6609 0.3304 0.6739
vn 0.5762 0.3681 0.7298
vn 0.5532 0.3278 0.7658
vn 0.4355 0.3629 0.8238
vn 0.4110 0.3228 0.8526
vn 0.2623 0.3538 0.8978
vn 0.2382 0.3173 0.9179
vn 0.0946 0.3437 0.9343
vn 0.0809 0.3145 0.9458
vn -0.0725 0.3495 0.9341
vn -0.0792 0.3154 0.9457
vn -0.2569 0.3600 0.8969
vn -0.2690 0.3153 0.9101
vn -0.4472 0.3157 0.8369
vn -0.4398 0.3628 0.8215
vn -0.5998 0.3270 0.7303
vn -0.6023 0.3618 0.7115
vn -0.7209 0.3414 0.6032
vn -0.7253 0.3583 0.5878
vn -0.8083 0.3469 0.4756
vn -0.8092 0.3582 0.4657
vn -0.8776 0.3436 0.3344
vn -0.8719 0.3604 0.3316
vn -0.9256 0.3397 0.1669
vn -0.9382 0.3460 -0.0009
vn -0.9415 0.3370 -0.0087
vn -0.9265 0.3338 -0.1736
vn -0.9245 0.3399 -0.1725
vn -0.8788 0.3304 -0.3444
vn -0.8719 0.3445 -0.3479
vn -0.7989 0.3285 -0.5038
vn -0.7919 0.3488 -0.5012
vn -0.6945 0.3279 -0.6404
vn -0.6901 0.3352 -0.6414
vn -0.5601 0.3462 -0.7527
vn -0.5632 0.3244 -0.7600
vn -0.5608 0.3280 -0.7602
vn -0.4097 0.3242 -0.8527
vn -0.5713 0.2813 -0.7711
vn -0.4010 0.3220 -0.8576
vn -0.2083 0.3269 -0.9218
vn -0.3885 0.3447 -0.8546
vn -0.1841 0.3438 -0.9208
vn 0.0131 0.3450 -0.9385
vn -0.1691 0.2638 -0.9496
vn 0.0361 0.2634 -0.9640
vn 0.2424 0.2652 -0.9332
vn 0.0604 0.4415 -0.8952
vn 0.2606 0.4410 -0.8588
vn 0.4477 0.2659 -0.8537
vn 0.4513 0.4261 -0.7841
vn 0.5997 0.2661 -0.7547
vn 0.5993 0.3960 -0.6957
vn 0.7127 0.2628 -0.6504
vn 0.7178 0.3604 -0.5957
vn 0.8055 0.2583 -0.5333
vn 0.8185 0.3377 -0.4647
vn 0.8851 0.2541 -0.3900
vn 0.8953 0.3259 -0.3036
vn 0.9411 0.2480 -0.2298
vn 0.9317 0.3282 -0.1556
vn 0.9647 0.2487 -0.0868
vn 0.9420 0.3338 -0.0349
vn 0.9668 0.2536 0.0309
vn 0.9378 0.3381 0.0786
vn 0.9563 0.2572 0.1390
vn 0.9223 0.3542 0.1548
vn 0.9355 0.2588 0.2404
vn 0.9082 0.3523 0.2261
vn 0.8719 0.3621 0.3296
vn 0.9050 0.2598 0.3370
vn 0.8391 0.3695 0.3992
vn 0.8575 0.2658 0.4405
vn 0.7964 0.3645 0.4826
vn 0.7984 0.2695 0.5385
vn 0.7464 0.3436 0.5699
vn 0.7364 0.2656 0.6222
vn 0.6586 0.3446 0.6690
vn 0.6414 0.2603 0.7217
vn 0.5146 0.3601 0.7782
vn 0.4872 0.2643 0.8323
vn 0.3263 0.3659 0.8716
vn 0.2985 0.2762 0.9136
vn 0.1300 0.3734 0.9185
vn 0.1135 0.2860 0.9515
vn -0.0480 0.3792 0.9241
vn -0.0677 0.2909 0.9543
vn -0.2497 0.3922 0.8853
vn -0.2614 0.2965 0.9185
vn -0.4384 0.4116 0.7990
vn -0.4527 0.3014 0.8392
vn -0.6196 0.3006 0.7251
vn -0.5857 0.4163 0.6954
vn -0.7436 0.2891 0.6029
vn -0.7003 0.4143 0.5814
vn -0.8356 0.2758 0.4751
vn -0.7909 0.4112 0.4533
vn -0.9035 0.2698 0.3331
vn -0.8622 0.4110 0.2961
vn -0.9448 0.2713 0.1836
vn -0.9176 0.3569 0.1747
vn -0.8946 0.4149 0.1661
vn -0.9636 0.2670 0.0126
vn -0.8975 0.4138 -0.1522
vn -0.9508 0.2595 -0.1690
vn -0.8501 0.4168 -0.3218
vn -0.8981 0.2563 -0.3573
vn -0.7716 0.4167 -0.4807
vn -0.8188 0.2537 -0.5149
vn -0.6586 0.4234 -0.6220
vn -0.7144 0.2518 -0.6528
vn -0.5717 0.2544 -0.7800
vn -0.6921 0.3482 -0.6322
vn -0.5202 0.4357 -0.7346
vn -0.3887 0.2612 -0.8836
vn -0.3490 0.4422 -0.8262
vn -0.1340 0.4402 -0.8879
vn -0.2914 0.6408 -0.7102
vn -0.0864 0.6365 -0.7664
vn 0.0780 0.6421 -0.7626
vn -0.0598 0.6523 -0.7556
vn 0.1027 0.6581 -0.7459
vn 0.2491 0.6396 -0.7272
vn 0.2600 0.6616 -0.7034
vn 0.4076 0.6301 -0.6610
vn 0.4167 0.6590 -0.6261
vn 0.5297 0.6207 -0.5780
vn 0.5294 0.6635 -0.5288
vn 0.6381 0.6103 -0.4694
vn 0.6313 0.6768 -0.3787
vn 0.7279 0.6096 -0.3140
vn 0.7068 0.6798 -0.1955
vn 0.7664 0.6188 -0.1725
vn 0.7229 0.6819 -0.1111
vn 0.7902 0.6073 -0.0821
vn 0.7303 0.6831 -0.0027
vn 0.8147 0.5785 0.0403
vn 0.7504 0.6543 0.0934
vn 0.8030 0.5865 0.1059
vn 0.7298 0.6653 0.1572
vn 0.7910 0.5757 0.2072
vn 0.6828 0.6184 0.3889
vn 0.9062 0.3533 0.2322
vn 0.6357 0.6963 0.3332
vn 0.6194 0.5939 0.5134
vn 0.6564 0.6288 0.4168
vn 0.6336 0.6328 0.4451
vn 0.6917 0.5892 0.4176
vn 0.6774 0.6407 0.3614
vn 0.6466 0.6680 0.3682
vn 0.6510 0.6277 0.4269
vn 0.6052 0.6783 0.4168
vn 0.6014 0.5933 0.5351
vn 0.4607 0.6800 0.5704
vn 0.4733 0.6021 0.6430
vn 0.3378 0.6715 0.6595
vn 0.3248 0.6105 0.7224
vn 0.1248 0.6750 0.7272
vn 0.1223 0.6308 0.7663
vn -0.0110 0.6666 0.7454
vn -0.0152 0.6448 0.7642
vn -0.1520 0.6677 0.7287
vn -0.1904 0.6429 0.7419
vn -0.3943 0.6685 0.6306
vn -0.3803 0.6478 0.6601
vn -0.4346 0.6683 0.6038
vn -0.4666 0.6487 0.6012
vn -0.5012 0.6681 0.5499
vn -0.5804 0.6225 0.5250
vn -0.6440 0.6700 0.3693
vn -0.6890 0.6121 0.3881
vn -0.7280 0.6504 0.2166
vn -0.7511 0.6242 0.2150
vn -0.7623 0.6229 0.1757
vn -0.7729 0.6165 0.1500
vn -0.7888 0.6138 0.0325
vn -0.9095 0.4149 0.0249
vn -0.7684 0.6399 0.0127
vn -0.7749 0.6159 -0.1418
vn -0.7451 0.6485 -0.1557
vn -0.7471 0.6176 -0.2458
vn -0.6609 0.6333 -0.4026
vn -0.6726 0.6107 -0.4179
vn -0.5450 0.6275 -0.5561
vn -0.5316 0.6198 -0.5773
vn -0.4362 0.6388 -0.6337
vn -0.4335 0.6226 -0.6515
vn -0.2751 0.6462 -0.7119
vn -0.3850 0.6931 -0.6095
vn -0.2197 0.7233 -0.6546
vn -0.0298 0.7369 -0.6753
vn -0.1094 0.9019 -0.4178
vn -0.0028 0.9010 -0.4339
vn 0.1094 0.7417 -0.6617
vn 0.0772 0.9031 -0.4225
vn 0.2415 0.7509 -0.6146
vn 0.1589 0.9139 -0.3737
vn 0.3854 0.7562 -0.5288
vn 0.2352 0.9272 -0.2915
vn 0.4822 0.7658 -0.4256
vn 0.2933 0.9315 -0.2153
vn 0.5824 0.7667 -0.2702
vn 0.6453 0.7563 -0.1073
vn 0.5982 0.8010 -0.0229
vn 0.3998 0.9166 -0.0079
vn 0.4548 0.8894 0.0455
vn 0.6312 0.7711 0.0836
vn 0.5287 0.8456 0.0734
vn 0.6504 0.7521 0.1065
vn 0.5638 0.7863 0.2527
vn 0.5851 0.7041 0.4024
vn 0.4328 0.8863 0.1648
vn 0.5942 0.7264 0.3455
vn 0.6749 0.6382 0.3704
vn 0.4729 0.7809 0.4081
vn 0.4840 0.7175 0.5010
vn 0.3358 0.7842 0.5217
vn 0.3551 0.6944 0.6259
vn 0.1663 0.7789 0.6047
vn 0.1569 0.6662 0.7291
vn 0.0207 0.7691 0.6388
vn -0.0054 0.6201 0.7845
vn -0.1110 0.7957 0.5954
vn -0.1480 0.6377 0.7560
vn -0.2859 0.8156 0.5031
vn -0.4033 0.6477 0.6464
vn -0.4603 0.6383 0.6170
vn -0.3216 0.8754 0.3610
vn -0.4583 0.7077 0.5377
vn -0.3739 0.9010 0.2202
vn -0.5616 0.7552 0.3382
vn -0.4031 0.9015 0.1578
vn -0.6317 0.7403 0.2299
vn -0.3948 0.9151 0.0819
vn -0.6610 0.7319 0.1657
vn -0.6552 0.7548 -0.0311
vn -0.4043 0.9137 -0.0416
vn -0.6488 0.7484 -0.1375
vn -0.4241 0.9017 -0.0835
vn -0.6483 0.7429 -0.1669
vn -0.7339 0.6479 -0.2039
vn -0.4201 0.9016 -0.1032
vn -0.5889 0.7251 -0.3570
vn -0.3749 0.8981 -0.2299
vn -0.4861 0.6921 -0.5336
vn -0.3056 0.8904 -0.3374
vn -0.2215 0.8969 -0.3828
vn -0.1139 0.9844 -0.1343
vn -0.0740 0.9860 -0.1492
vn -0.0256 0.9859 -0.1651
vn -0.0062 0.9988 -0.0491
vn 0.0124 0.9991 -0.0404
vn 0.0102 0.9847 -0.1741
vn 0.0204 0.9995 -0.0235
vn 0.0370 0.9869 -0.1571
vn 0.0186 0.9998 -0.0020
vn 0.0644 0.9907 -0.1195
vn 0.0088 0.9999 0.0149
vn 0.0895 0.9925 -0.0829
vn -0.0075 0.9998 0.0196
vn 0.1084 0.9925 -0.0573
vn 0.1412 0.9895 -0.0304
vn 0.3516 0.9285 -0.1199
vn -0.0053 1.0000 -0.0041
vn 0.2179 0.9757 0.0231
vn 0.0159 0.9998 -0.0101
vn 0.1666 0.9840 0.0629
vn 0.3475 0.9110 0.2222
vn 0.0900 0.9918 0.0911
vn 0.1985 0.9427 0.2681
vn 0.0517 0.9934 0.1024
vn 0.1081 0.9434 0.3137
vn 0.0211 0.9950 0.0976
vn 0.0292 0.9485 0.3154
vn 0.0014 0.9965 0.0836
vn -0.0345 0.9615 0.2725
vn -0.0183 0.9973 0.0706
vn -0.1015 0.9708 0.2171
vn -0.1246 0.9762 0.1774
vn -0.3409 0.8265 0.4480
vn -0.0315 0.9973 0.0661
vn -0.1227 0.9826 0.1396
vn -0.0378 0.9977 0.0569
vn -0.1487 0.9845 0.0932
vn -0.0458 0.9982 0.0395
vn -0.1678 0.9839 0.0619
vn -0.0530 0.9983 0.0224
vn -0.1783 0.9837 0.0221
vn -0.1980 0.9799 -0.0247
vn -0.0683 0.9975 -0.0187
vn -0.2108 0.9767 -0.0408
vn -0.0617 0.9977 -0.0285
vn -0.1872 0.9810 -0.0513
vn -0.0477 0.9980 -0.0421
vn -0.1454 0.9846 -0.0969
vn -0.0287 0.9984 -0.0497
vn 0.0509 0.9987 0.0057
vn 0.0578 0.9981 0.0206
vn 0.0589 0.9972 0.0463
vn 0.0454 0.9964 0.0717
vn 0.0479 0.9940 0.0987
vn 0.0246 0.9960 0.0861
vn 0.0156 0.9961 0.0863
vn -0.0024 0.9956 0.0939
vn -0.0022 0.9981 0.0616
vn -0.0384 0.9958 0.0828
vn -0.0353 0.9989 0.0310
vn -0.0809 0.9967 0.0038
vn -0.0377 0.9988 -0.0322
vn -0.0676 0.9963 -0.0532
vn -0.0391 0.9967 -0.0718
vn -0.0371 0.9963 -0.0779
vn 0.0284 0.9996 0.0009
vn 0.0247 0.9996 0.0135
vn 0.0179 0.9997 0.0181
vn 0.0141 0.9998 0.0173
vn 0.0135 0.9998 0.0151
vn 0.0656 0.9944 -0.0824
vn 0.0170 0.9998 0.0108
vn 0.0934 0.9929 -0.0733
vn 0.0221 0.9997 0.0067
vn 0.1168 0.9915 -0.0573
vn 0.0275 0.9996 0.0030
vn 0.1317 0.9907 -0.0354
vn 0.0349 0.9994 0.0012
vn 0.1593 0.9848 -0.0699
vn 0.1866 0.9816 -0.0401
vn 0.1538 0.9880 -0.0173
vn 0.1766 0.9843 -0.0048
vn 0.1581 0.9874 0.0121
vn 0.0432 0.9990 -0.0097
vn 0.0468 0.9989 -0.0031
vn 0.1088 0.9936 -0.0297
vn 0.0238 0.9997 -0.0066
vn 0.0544 0.9979 -0.0346
vn 0.1162 0.9891 -0.0899
vn 0.0296 0.9990 -0.0345
vn 0.0762 0.9918 -0.1026
vn 0.0164 0.9998 -0.0125
vn 0.0094 0.9997 -0.0235
vn 0.0079 1.0000 -0.0002
vn 0.0285 0.9993 0.0233
vn 0.0170 0.9998 0.0116
vn -0.6878 -0.6875 0.2330
vn -0.8396 -0.5330 0.1049
vn -0.7242 -0.6836 0.0913
vn -0.8469 -0.5275 -0.0669
vn -0.5960 -0.7767 0.2037
vn -0.5373 -0.7804 0.3199
vn -0.4646 -0.7811 0.4171
vn -0.6187 -0.6954 0.3657
vn -0.7980 -0.5380 0.2716
vn -0.9287 -0.3514 0.1183
vn -0.9336 -0.3517 -0.0681
vn -0.9668 -0.2487 -0.0594
vn -0.9342 -0.2581 -0.2461
vn -0.8996 -0.3580 -0.2502
vn -0.9502 -0.2042 -0.2353
vn -0.8814 -0.2200 -0.4180
vn -0.8632 -0.2690 -0.4272
vn -0.8932 -0.1946 -0.4053
vn -0.7899 -0.2013 -0.5793
vn -0.7751 -0.2344 -0.5867
vn -0.7979 -0.1927 -0.5711
vn -0.6544 -0.1787 -0.7347
vn -0.6479 -0.2008 -0.7347
vn -0.6661 -0.1566 -0.7292
vn -0.4664 -0.1681 -0.8684
vn 0.1811 -0.9831 -0.0250
vn 0.3345 -0.9423 -0.0111
vn 0.2084 -0.9358 -0.2843
vn 0.1734 -0.9630 0.2062
vn 0.3453 -0.9143 0.2117
vn 0.7078 -0.6807 0.1889
vn 0.3581 -0.8071 0.4695
vn 0.7768 -0.5228 0.3511
vn 0.9956 0.0724 0.0599
vn 0.9693 0.2416 -0.0447
vn 0.6479 0.7550 -0.1011
vn 0.5637 0.7469 -0.3525
vn 0.2690 0.8579 -0.4378
vn 0.5125 0.6264 -0.5874
vn 0.2609 0.6859 -0.6794
vn 0.1440 0.6941 -0.7054
vn 0.2499 0.4870 -0.8369
vn 0.1466 0.4894 -0.8597
vn 0.0861 0.4902 -0.8673
vn 0.4782 0.4594 -0.7485
vn 0.8977 0.2708 -0.3475
vn 0.9336 0.2963 -0.2016
vn 0.8680 -0.1835 0.4615
vn 0.8274 -0.3419 0.4456
vn 0.3593 -0.4291 0.8287
vn 0.3585 -0.6296 0.6893
vn 0.1460 -0.4662 0.8725
vn 0.1535 -0.6808 0.7162
vn 0.1650 -0.8614 0.4803
vn 0.0511 -0.6916 0.7205
vn 0.0607 -0.8764 0.4778
vn 0.0712 -0.9778 0.1973
vn -0.0134 -0.8804 0.4740
vn 0.0779 -0.9963 -0.0373
vn -0.0061 -0.9821 0.1885
vn -0.0870 -0.6949 0.7138
vn -0.0211 -0.6939 0.7198
vn -0.0810 -0.8788 0.4702
vn 0.0468 -0.4710 0.8809
vn -0.1669 -0.6929 0.7015
vn -0.1637 -0.8704 0.4643
vn -0.2725 -0.6772 0.6835
vt 0.807113 0.229366
vt 0.818085 0.224671
vt 0.815464 0.231122
vt 0.807895 0.233028
vt 0.828008 0.242157
vt 0.624533 0.906911
vt 0.626270 0.900187
vt 0.628389 0.906618
vt 0.616368 0.907956
vt 0.622224 0.902573
vt 0.625028 0.915224
vt 0.621247 0.912652
vt 0.420829 0.963502
vt 0.411260 0.977325
vt 0.418918 0.963096
vt 0.253296 0.737203
vt 0.262156 0.727547
vt 0.258872 0.745904
vt 0.420671 0.973232
vt 0.413104 0.981291
vt 0.799560 0.303478
vt 0.795197 0.320375
vt 0.787399 0.322262
vt 0.455912 0.150302
vt 0.467831 0.132940
vt 0.462710 0.158965
vt 0.473866 0.154639
vt 0.221715 0.893085
vt 0.206930 0.898630
vt 0.221587 0.881783
vt 0.214551 0.903759
vt 0.228358 0.898514
vt 0.817312 0.243916
vt 0.829253 0.255937
vt 0.813633 0.251568
vt 0.832186 0.015871
vt 0.803178 0.019946
vt 0.835733 0.005705
vt 0.501912 0.877189
vt 0.476206 0.874881
vt 0.470943 0.869920
vt 0.869416 0.542742
vt 0.873404 0.536418
vt 0.875844 0.541175
vt 0.876343 0.546381
vt 0.868964 0.546717
vt 0.863578 0.545648
vt 0.865978 0.540570
vt 0.878044 0.567044
vt 0.872355 0.561404
vt 0.880108 0.561930
vt 0.888619 0.568601
vt 0.883672 0.573765
vt 0.847456 0.857073
vt 0.844495 0.868008
vt 0.842001 0.861148
vt 0.845386 0.902435
vt 0.847649 0.916971
vt 0.838271 0.911796
vt 0.851722 0.893116
vt 0.852742 0.903045
vt 0.830004 0.904929
vt 0.841639 0.896456
vt 0.892552 0.830618
vt 0.906079 0.827886
vt 0.897034 0.836789
vt 0.888118 0.817121
vt 0.897475 0.821789
vt 0.887382 0.840820
vt 0.885254 0.829978
vt 0.843911 0.506569
vt 0.847429 0.519892
vt 0.836392 0.512670
vt 0.108948 0.600362
vt 0.100557 0.599680
vt 0.105546 0.595925
vt 0.842949 0.555305
vt 0.848380 0.548901
vt 0.847840 0.555844
vt 0.842835 0.565815
vt 0.836634 0.561969
vt 0.831972 0.555468
vt 0.841872 0.549484
vt 0.909242 0.882995
vt 0.922282 0.877085
vt 0.919068 0.886641
vt 0.914756 0.895439
vt 0.903956 0.887554
vt 0.899607 0.878663
vt 0.909470 0.876020
vt 0.389328 0.206596
vt 0.388052 0.187637
vt 0.400093 0.199215
vt 0.359492 0.209234
vt 0.374248 0.190276
vt 0.426447 0.214115
vt 0.391419 0.224932
vt 0.363740 0.225647
vt 0.075863 0.899903
vt 0.070665 0.906063
vt 0.073428 0.897799
vt 0.170862 0.491647
vt 0.175265 0.496734
vt 0.169402 0.496400
vt 0.078488 0.893657
vt 0.079556 0.897696
vt 0.453235 0.850089
vt 0.459709 0.844089
vt 0.459315 0.856583
vt 0.449048 0.842352
vt 0.443122 0.854600
vt 0.404977 0.099472
vt 0.391564 0.090203
vt 0.402754 0.090696
vt 0.393348 0.159025
vt 0.382140 0.174834
vt 0.379354 0.159471
vt 0.404446 0.158453
vt 0.398224 0.165941
vt 0.391348 0.174580
vt 0.064543 0.895350
vt 0.056507 0.893701
vt 0.064353 0.888036
vt 0.061078 0.906849
vt 0.057619 0.898965
vt 0.063735 0.906339
vt 0.389168 0.062840
vt 0.391378 0.070745
vt 0.375123 0.067982
vt 0.392761 0.054440
vt 0.395740 0.065302
vt 0.372697 0.056142
vt 0.400477 0.060673
vt 0.407509 0.049607
vt 0.409800 0.056078
vt 0.760207 0.292506
vt 0.763800 0.301478
vt 0.758889 0.302465
vt 0.763952 0.307328
vt 0.758807 0.309084
vt 0.770363 0.304396
vt 0.771638 0.309189
vt 0.765546 0.311903
vt 0.906842 0.150879
vt 0.913622 0.157262
vt 0.905911 0.156842
vt 0.761884 0.323128
vt 0.758807 0.315978
vt 0.389991 0.079743
vt 0.398455 0.077562
vt 0.372377 0.081153
vt 0.371802 0.094115
vt 0.350785 0.082224
vt 0.389451 0.103982
vt 0.371552 0.108443
vt 0.351666 0.096642
vt 0.335403 0.113976
vt 0.353330 0.111621
vt 0.372790 0.124651
vt 0.355812 0.127415
vt 0.338143 0.129689
vt 0.556260 0.661929
vt 0.576238 0.650269
vt 0.577031 0.663864
vt 0.340944 0.145687
vt 0.557517 0.675268
vt 0.535727 0.675433
vt 0.326418 0.163728
vt 0.323883 0.147620
vt 0.537250 0.688529
vt 0.145948 0.166858
vt 0.164510 0.150987
vt 0.164864 0.167313
vt 0.559260 0.688491
vt 0.539015 0.701828
vt 0.146328 0.183223
vt 0.125407 0.182756
vt 0.165224 0.183699
vt 0.146616 0.199582
vt 0.125863 0.199183
vt 0.103902 0.198918
vt 0.126113 0.215564
vt 0.104423 0.215333
vt 0.082088 0.215100
vt 0.104969 0.231650
vt 0.082930 0.231333
vt 0.061007 0.231057
vt 0.083678 0.247610
vt 0.062194 0.247321
vt 0.041694 0.247209
vt 0.063429 0.263612
vt 0.043517 0.263634
vt 0.025374 0.263768
vt 0.045067 0.280295
vt 0.027246 0.280489
vt 0.011535 0.280682
vt 0.029974 0.296960
vt 0.014700 0.297118
vt 0.623834 0.294689
vt 0.641506 0.277661
vt 0.639898 0.293889
vt 0.018718 0.312490
vt 0.622530 0.309914
vt 0.604739 0.310477
vt 0.637620 0.309005
vt 0.620439 0.321044
vt 0.603607 0.321594
vt 0.584936 0.322059
vt 0.944991 0.473963
vt 0.931668 0.471349
vt 0.935475 0.463769
vt 0.919222 0.463329
vt 0.922364 0.455085
vt 0.903978 0.457221
vt 0.916382 0.469255
vt 0.901796 0.463540
vt 0.886667 0.453094
vt 0.899613 0.468932
vt 0.885247 0.460038
vt 0.883863 0.465892
vt 0.867641 0.458678
vt 0.807288 0.826880
vt 0.821435 0.817462
vt 0.811242 0.829777
vt 0.799301 0.841707
vt 0.803990 0.843910
vt 0.794485 0.857789
vt 0.815087 0.832576
vt 0.808228 0.845851
vt 0.799487 0.859106
vt 0.804254 0.860254
vt 0.798263 0.874679
vt 0.635052 0.748485
vt 0.641604 0.735086
vt 0.640552 0.749012
vt 0.635841 0.763044
vt 0.641281 0.762590
vt 0.638417 0.776383
vt 0.647132 0.749773
vt 0.648183 0.761821
vt 0.815024 0.874994
vt 0.810263 0.887701
vt 0.808184 0.874945
vt 0.817631 0.886284
vt 0.815793 0.899458
vt 0.829110 0.874892
vt 0.831591 0.883524
vt 0.823033 0.896458
vt 0.836077 0.890884
vt 0.846155 0.880547
vt 0.848950 0.886538
vt 0.856041 0.878459
vt 0.857434 0.885164
vt 0.866310 0.893488
vt 0.859762 0.905483
vt 0.859126 0.892909
vt 0.864517 0.884345
vt 0.871033 0.883202
vt 0.862856 0.876796
vt 0.868841 0.874938
vt 0.877331 0.880992
vt 0.861370 0.869726
vt 0.866664 0.867099
vt 0.874749 0.872599
vt 0.872260 0.864570
vt 0.881281 0.869607
vt 0.863405 0.858372
vt 0.868919 0.855387
vt 0.878775 0.861832
vt 0.883121 0.851120
vt 0.875677 0.853260
vt 0.872085 0.842225
vt 0.879741 0.841788
vt 0.877536 0.827864
vt 0.868802 0.827613
vt 0.877697 0.814760
vt 0.454690 0.687673
vt 0.448559 0.676819
vt 0.454431 0.676381
vt 0.449593 0.664874
vt 0.455395 0.665799
vt 0.444449 0.664246
vt 0.447301 0.652298
vt 0.452212 0.653809
vt 0.900309 0.816510
vt 0.889608 0.811560
vt 0.451526 0.641656
vt 0.456330 0.643944
vt 0.909643 0.823420
vt 0.457128 0.632208
vt 0.461539 0.635284
vt 0.917636 0.832177
vt 0.913167 0.835743
vt 0.923767 0.842617
vt 0.918741 0.845175
vt 0.907423 0.850305
vt 0.902761 0.842680
vt 0.895192 0.855284
vt 0.891309 0.848177
vt 0.910220 0.858984
vt 0.897681 0.862927
vt 0.886186 0.858801
vt 0.888637 0.866331
vt 0.898665 0.870875
vt 0.890585 0.874119
vt 0.883702 0.877630
vt 0.893127 0.882575
vt 0.887236 0.887086
vt 0.880726 0.890928
vt 0.893323 0.899045
vt 0.885357 0.903476
vt 0.873583 0.893147
vt 0.876448 0.906143
vt 0.889910 0.915947
vt 0.878889 0.919122
vt 0.867987 0.920476
vt 0.867750 0.906674
vt 0.880145 0.926768
vt 0.867679 0.928244
vt 0.857346 0.919674
vt 0.855521 0.927141
vt 0.844060 0.923628
vt 0.853870 0.932419
vt 0.841341 0.928318
vt 0.833246 0.917667
vt 0.829704 0.921563
vt 0.823707 0.909567
vt 0.819209 0.912700
vt 0.810782 0.901419
vt 0.814811 0.915657
vt 0.805834 0.903351
vt 0.805472 0.888471
vt 0.643116 0.788655
vt 0.643745 0.775033
vt 0.648618 0.786093
vt 0.800196 0.889368
vt 0.800930 0.905146
vt 0.794936 0.890145
vt 0.803461 0.874819
vt 0.834435 0.469091
vt 0.817685 0.468360
vt 0.832897 0.463035
vt 0.850482 0.465919
vt 0.793078 0.874332
vt 0.849874 0.459691
vt 0.831205 0.455894
vt 0.849278 0.452147
vt 0.867233 0.464834
vt 0.868096 0.451284
vt 0.848627 0.442740
vt 0.868527 0.441863
vt 0.888150 0.443898
vt 0.868844 0.429391
vt 0.889380 0.431367
vt 0.908571 0.436044
vt 0.906354 0.448403
vt 0.544007 0.311333
vt 0.563554 0.296083
vt 0.564466 0.311250
vt 0.584835 0.295671
vt 0.585041 0.310873
vt 0.565371 0.322523
vt 0.584537 0.279605
vt 0.605625 0.279083
vt 0.605305 0.295258
vt 0.605489 0.262638
vt 0.625176 0.261922
vt 0.624880 0.278480
vt 0.625931 0.245680
vt 0.643458 0.244677
vt 0.642204 0.261031
vt 0.644724 0.228368
vt 0.006919 0.247380
vt 0.020975 0.230799
vt 0.023046 0.247267
vt 0.009502 0.263909
vt 0.004349 0.230897
vt 0.019183 0.214388
vt 0.038680 0.214506
vt 0.040081 0.230834
vt 0.037288 0.198184
vt 0.058801 0.198450
vt 0.059907 0.214794
vt 0.058034 0.181987
vt 0.080566 0.182159
vt 0.081284 0.198688
vt 0.079800 0.165738
vt 0.102663 0.165980
vt 0.103272 0.182396
vt 0.102072 0.149632
vt 0.124486 0.150061
vt 0.124955 0.166373
vt 0.124075 0.133860
vt 0.145279 0.134363
vt 0.145530 0.150544
vt 0.145214 0.118304
vt 0.164648 0.118825
vt 0.164441 0.134828
vt 0.164852 0.102897
vt 0.533326 0.649257
vt 0.554105 0.635327
vt 0.555190 0.648557
vt 0.534488 0.662389
vt 0.532065 0.636118
vt 0.552999 0.622805
vt 0.728216 0.303300
vt 0.716496 0.281816
vt 0.728662 0.281719
vt 0.575491 0.637260
vt 0.715728 0.303608
vt 0.704452 0.281758
vt 0.331744 0.083305
vt 0.350419 0.067973
vt 0.333150 0.098529
vt 0.330383 0.068122
vt 0.349023 0.053757
vt 0.328937 0.052891
vt 0.346825 0.039302
vt 0.368412 0.040904
vt 0.365875 0.029182
vt 0.385730 0.029661
vt 0.388623 0.041542
vt 0.403651 0.030704
vt 0.405285 0.040558
vt 0.421223 0.030835
vt 0.421691 0.039374
vt 0.437887 0.047421
vt 0.422238 0.047298
vt 0.437105 0.054501
vt 0.422802 0.054232
vt 0.786518 0.200427
vt 0.793335 0.212294
vt 0.783457 0.205748
vt 0.763349 0.281719
vt 0.765651 0.293422
vt 0.140763 0.885107
vt 0.152903 0.891980
vt 0.140614 0.891704
vt 0.130073 0.890115
vt 0.129436 0.883389
vt 0.131109 0.899147
vt 0.124356 0.898604
vt 0.122776 0.888848
vt 0.125519 0.912867
vt 0.119840 0.912543
vt 0.119049 0.898299
vt 0.614692 0.797001
vt 0.616612 0.809178
vt 0.610152 0.799344
vt 0.174354 0.479564
vt 0.169888 0.487218
vt 0.169402 0.478397
vt 0.924813 0.152839
vt 0.936871 0.160445
vt 0.924045 0.157598
vt 0.914302 0.152255
vt 0.445732 0.823247
vt 0.453383 0.812726
vt 0.450718 0.824126
vt 0.444596 0.833633
vt 0.449654 0.834228
vt 0.455811 0.824558
vt 0.454668 0.834691
vt 0.460866 0.824841
vt 0.459626 0.835304
vt 0.454844 0.842417
vt 0.466837 0.824975
vt 0.465785 0.836340
vt 0.177095 0.623241
vt 0.185520 0.612983
vt 0.186621 0.623643
vt 0.218713 0.937457
vt 0.225071 0.947500
vt 0.215284 0.945022
vt 0.467794 0.846670
vt 0.415614 0.101688
vt 0.425308 0.114012
vt 0.414024 0.114701
vt 0.402259 0.116952
vt 0.413485 0.132475
vt 0.401680 0.136832
vt 0.388189 0.121295
vt 0.389999 0.140145
vt 0.403487 0.151287
vt 0.375708 0.141995
vt 0.358875 0.143778
vt 0.362202 0.159949
vt 0.343908 0.161686
vt 0.366587 0.175507
vt 0.347614 0.177720
vt 0.329652 0.179888
vt 0.352829 0.193881
vt 0.333396 0.196040
vt 0.540901 0.715303
vt 0.561454 0.702110
vt 0.563915 0.716016
vt 0.586759 0.718993
vt 0.566209 0.730298
vt 0.542841 0.729360
vt 0.520327 0.731176
vt 0.544674 0.743107
vt 0.522325 0.745021
vt 0.126332 0.231972
vt 0.146511 0.215847
vt 0.146503 0.232292
vt 0.524244 0.759311
vt 0.126265 0.248326
vt 0.105313 0.247979
vt 0.146007 0.248791
vt 0.125822 0.264685
vt 0.105405 0.264196
vt 0.084370 0.263801
vt 0.105415 0.280694
vt 0.084920 0.280290
vt 0.064515 0.280190
vt 0.085473 0.296722
vt 0.065919 0.296656
vt 0.047207 0.296756
vt 0.067350 0.312327
vt 0.049539 0.312383
vt 0.033129 0.312498
vt 0.052148 0.323882
vt 0.036761 0.323953
vt 0.023068 0.323983
vt 0.040111 0.330467
vt 0.895224 0.783694
vt 0.877950 0.785587
vt 0.877732 0.780194
vt 0.860680 0.785165
vt 0.894358 0.789152
vt 0.878095 0.790337
vt 0.861761 0.789925
vt 0.845196 0.793022
vt 0.862735 0.794494
vt 0.847125 0.797490
vt 0.831758 0.803960
vt 0.848931 0.801754
vt 0.834331 0.807881
vt 0.836919 0.812074
vt 0.824690 0.821026
vt 0.450295 0.717552
vt 0.461539 0.725645
vt 0.457029 0.729034
vt 0.648618 0.710177
vt 0.639138 0.719790
vt 0.643806 0.707258
vt 0.644136 0.721956
vt 0.636223 0.733735
vt 0.818698 0.835216
vt 0.831723 0.828983
vt 0.823691 0.838872
vt 0.812397 0.847735
vt 0.818078 0.850306
vt 0.808773 0.861348
vt 0.834718 0.847072
vt 0.830283 0.855959
vt 0.815291 0.862894
vt 0.828441 0.865566
vt 0.844765 0.874381
vt 0.855332 0.872388
vt 0.853965 0.866252
vt 0.859006 0.862424
vt 0.851480 0.851088
vt 0.856949 0.846069
vt 0.840674 0.839126
vt 0.849077 0.832436
vt 0.859126 0.828805
vt 0.864284 0.843277
vt 0.854532 0.816094
vt 0.866423 0.814192
vt 0.842420 0.821066
vt 0.852284 0.810593
vt 0.456718 0.699380
vt 0.448797 0.689361
vt 0.455329 0.714747
vt 0.446017 0.704270
vt 0.451181 0.702179
vt 0.443666 0.690658
vt 0.850670 0.806363
vt 0.863667 0.799025
vt 0.864510 0.803845
vt 0.878139 0.799376
vt 0.878015 0.804273
vt 0.443122 0.677155
vt 0.878134 0.794912
vt 0.892672 0.798059
vt 0.891864 0.802364
vt 0.906064 0.803987
vt 0.904367 0.808029
vt 0.890714 0.807247
vt 0.917822 0.812338
vt 0.915222 0.816051
vt 0.902269 0.812535
vt 0.927938 0.823152
vt 0.924633 0.826240
vt 0.912356 0.819915
vt 0.935657 0.835980
vt 0.931810 0.838334
vt 0.921085 0.829313
vt 0.927791 0.840557
vt 0.936350 0.851252
vt 0.931828 0.852654
vt 0.643789 0.633200
vt 0.635052 0.625924
vt 0.639395 0.622805
vt 0.639294 0.635639
vt 0.646775 0.644954
vt 0.642004 0.646666
vt 0.928871 0.865853
vt 0.922090 0.855558
vt 0.927590 0.853935
vt 0.923347 0.866414
vt 0.910868 0.868016
vt 0.927942 0.877708
vt 0.648423 0.657528
vt 0.643327 0.658276
vt 0.648386 0.669893
vt 0.643299 0.669659
vt 0.924946 0.888696
vt 0.642041 0.680827
vt 0.647123 0.682086
vt 0.639396 0.692028
vt 0.920011 0.898870
vt 0.908516 0.903605
vt 0.912980 0.908440
vt 0.900029 0.910709
vt 0.899521 0.893526
vt 0.903594 0.916665
vt 0.892330 0.922870
vt 0.906198 0.921011
vt 0.894114 0.928017
vt 0.880812 0.932382
vt 0.895810 0.933135
vt 0.881405 0.938001
vt 0.867156 0.933911
vt 0.866568 0.939480
vt 0.845307 0.161662
vt 0.832835 0.152670
vt 0.847948 0.156889
vt 0.858296 0.167202
vt 0.852101 0.937653
vt 0.835487 0.937424
vt 0.825905 0.925610
vt 0.838498 0.933024
vt 0.822000 0.929355
vt 0.885142 0.180289
vt 0.879236 0.166593
vt 0.890473 0.176537
vt 0.805608 0.921213
vt 0.810283 0.918491
vt 0.898851 0.187728
vt 0.896155 0.172103
vt 0.904702 0.184061
vt 0.801034 0.469471
vt 0.804542 0.475572
vt 0.820154 0.473769
vt 0.808030 0.480818
vt 0.815084 0.461884
vt 0.797318 0.461042
vt 0.812219 0.452986
vt 0.829461 0.446560
vt 0.809447 0.440363
vt 0.827839 0.433943
vt 0.848007 0.430165
vt 0.826660 0.419340
vt 0.847520 0.415733
vt 0.868997 0.414882
vt 0.847037 0.400845
vt 0.869061 0.400022
vt 0.520570 0.280646
vt 0.542460 0.296343
vt 0.522519 0.296392
vt 0.541025 0.280507
vt 0.519381 0.264385
vt 0.540037 0.264229
vt 0.561942 0.263860
vt 0.562676 0.280122
vt 0.538876 0.248273
vt 0.561285 0.247951
vt 0.583861 0.247311
vt 0.584107 0.263316
vt 0.583726 0.231318
vt 0.605938 0.230478
vt 0.605705 0.246534
vt 0.606233 0.214343
vt 0.626887 0.213197
vt 0.626497 0.229433
vt 0.627491 0.196895
vt 0.646197 0.195727
vt 0.645433 0.212059
vt 0.646232 0.179252
vt 0.858224 0.777645
vt 0.880935 0.765869
vt 0.881321 0.778496
vt 0.017605 0.197969
vt 0.002479 0.214453
vt 0.000605 0.197988
vt 0.857641 0.764830
vt 0.880612 0.753376
vt 0.016749 0.181533
vt 0.035551 0.165423
vt 0.036500 0.181778
vt 0.015862 0.165169
vt 0.034697 0.149020
vt 0.056361 0.149195
vt 0.057162 0.165591
vt 0.055715 0.132785
vt 0.078481 0.133024
vt 0.079086 0.149347
vt 0.078083 0.116729
vt 0.101210 0.117250
vt 0.101563 0.133388
vt 0.101001 0.101151
vt 0.123744 0.101786
vt 0.123862 0.117789
vt 0.123413 0.085593
vt 0.144803 0.086236
vt 0.145239 0.102336
vt 0.144292 0.070076
vt 0.163923 0.070825
vt 0.164414 0.086881
vt 0.163676 0.054801
vt 0.689227 0.325316
vt 0.676853 0.303695
vt 0.689227 0.303163
vt 0.702992 0.303784
vt 0.712051 0.325324
vt 0.699163 0.325540
vt 0.676651 0.325890
vt 0.665465 0.304036
vt 0.668739 0.282085
vt 0.680227 0.281719
vt 0.692433 0.281719
vt 0.690436 0.303833
vt 0.239189 0.883011
vt 0.245335 0.904370
vt 0.237768 0.905184
vt 0.246286 0.926333
vt 0.238462 0.927343
vt 0.251310 0.925723
vt 0.326565 0.028805
vt 0.344569 0.021950
vt 0.345433 0.028831
vt 0.327462 0.038672
vt 0.325997 0.022447
vt 0.343966 0.017345
vt 0.363896 0.017326
vt 0.364620 0.022180
vt 0.383762 0.017548
vt 0.384507 0.022616
vt 0.402393 0.017955
vt 0.402858 0.023319
vt 0.420768 0.018092
vt 0.420930 0.023523
vt 0.439364 0.022765
vt 0.439201 0.029830
vt 0.456467 0.028108
vt 0.455118 0.038489
vt 0.438758 0.038834
vt 0.471367 0.037661
vt 0.467417 0.050554
vt 0.452599 0.049342
vt 0.461411 0.062086
vt 0.449318 0.057048
vt 0.807485 0.215414
vt 0.805799 0.225696
vt 0.801554 0.218742
vt 0.797562 0.207678
vt 0.164519 0.884865
vt 0.169571 0.891281
vt 0.163022 0.891263
vt 0.153778 0.885366
vt 0.166814 0.900441
vt 0.160565 0.900122
vt 0.151696 0.900194
vt 0.157349 0.914099
vt 0.149502 0.913573
vt 0.140384 0.899963
vt 0.140257 0.913305
vt 0.147441 0.931586
vt 0.139232 0.931331
vt 0.132160 0.913075
vt 0.131676 0.930937
vt 0.137863 0.948932
vt 0.130505 0.948356
vt 0.124269 0.947553
vt 0.125341 0.930321
vt 0.118605 0.946426
vt 0.119645 0.929569
vt 0.627232 0.821767
vt 0.623767 0.838050
vt 0.621742 0.822339
vt 0.621526 0.807609
vt 0.952974 0.161770
vt 0.961960 0.175720
vt 0.950317 0.166223
vt 0.938395 0.155586
vt 0.957955 0.178817
vt 0.947425 0.169898
vt 0.457436 0.801396
vt 0.448147 0.811010
vt 0.452078 0.798745
vt 0.283054 0.966990
vt 0.270157 0.962936
vt 0.282831 0.961358
vt 0.296700 0.965479
vt 0.295338 0.954323
vt 0.295967 0.960260
vt 0.307422 0.954338
vt 0.308078 0.959706
vt 0.458914 0.813477
vt 0.282469 0.955005
vt 0.294751 0.947300
vt 0.306844 0.947378
vt 0.282008 0.947531
vt 0.294146 0.939380
vt 0.306308 0.939053
vt 0.305545 0.930675
vt 0.194997 0.933167
vt 0.208141 0.926133
vt 0.207191 0.934403
vt 0.316790 0.948102
vt 0.195579 0.925528
vt 0.207067 0.917721
vt 0.219028 0.918434
vt 0.219863 0.928122
vt 0.228044 0.919057
vt 0.228358 0.929212
vt 0.436186 0.103141
vt 0.447342 0.112536
vt 0.436594 0.113439
vt 0.425619 0.103590
vt 0.436745 0.128847
vt 0.425227 0.129576
vt 0.436303 0.141231
vt 0.425223 0.141548
vt 0.414113 0.144814
vt 0.425309 0.148287
vt 0.414891 0.151326
vt 0.425482 0.151963
vt 0.415727 0.155668
vt 0.074977 0.885896
vt 0.075198 0.881782
vt 0.425756 0.154859
vt 0.416399 0.157163
vt 0.067741 0.895820
vt 0.075595 0.887911
vt 0.084034 0.887334
vt 0.076952 0.890852
vt 0.070513 0.896665
vt 0.067070 0.906322
vt 0.071102 0.916953
vt 0.067233 0.917799
vt 0.063290 0.918674
vt 0.068832 0.930704
vt 0.064189 0.932362
vt 0.060157 0.919500
vt 0.183050 0.915580
vt 0.184079 0.901784
vt 0.187887 0.901889
vt 0.189786 0.890557
vt 0.193667 0.890504
vt 0.178396 0.915475
vt 0.179511 0.902008
vt 0.184473 0.891628
vt 0.178816 0.893983
vt 0.179454 0.888675
vt 0.186430 0.884390
vt 0.175401 0.419051
vt 0.171084 0.424174
vt 0.173111 0.416298
vt 0.050653 0.901000
vt 0.053135 0.903607
vt 0.173942 0.426960
vt 0.171203 0.439262
vt 0.397834 0.184553
vt 0.405409 0.196041
vt 0.393813 0.185917
vt 0.395196 0.175642
vt 0.409607 0.194014
vt 0.431963 0.201360
vt 0.429442 0.207294
vt 0.522305 0.880361
vt 0.525364 0.877129
vt 0.531241 0.883871
vt 0.519501 0.885462
vt 0.500982 0.879710
vt 0.501943 0.885286
vt 0.517047 0.891764
vt 0.500877 0.891767
vt 0.924794 0.326476
vt 0.917141 0.313567
vt 0.925889 0.308448
vt 0.929664 0.325368
vt 0.919822 0.302634
vt 0.933035 0.293325
vt 0.170902 0.399531
vt 0.175401 0.406151
vt 0.170962 0.415089
vt 0.487670 0.899152
vt 0.486028 0.888623
vt 0.905911 0.309289
vt 0.479590 0.914601
vt 0.478843 0.897408
vt 0.472786 0.913915
vt 0.472161 0.896823
vt 0.905911 0.302274
vt 0.260131 0.657350
vt 0.256371 0.674200
vt 0.254758 0.656988
vt 0.400644 0.989993
vt 0.402071 0.994818
vt 0.384307 0.991966
vt 0.397879 0.985576
vt 0.622221 0.931951
vt 0.608860 0.936727
vt 0.619338 0.928283
vt 0.629059 0.917631
vt 0.631647 0.918734
vt 0.634442 0.920072
vt 0.624300 0.934992
vt 0.633956 0.906494
vt 0.631144 0.906710
vt 0.629209 0.899170
vt 0.631998 0.897997
vt 0.629672 0.888733
vt 0.634800 0.896246
vt 0.637680 0.905539
vt 0.627217 0.890778
vt 0.435430 0.151970
vt 0.435710 0.148383
vt 0.444993 0.153021
vt 0.444512 0.155636
vt 0.446657 0.144167
vt 0.455364 0.166410
vt 0.635846 0.920736
vt 0.639998 0.904222
vt 0.448175 0.129591
vt 0.458844 0.131345
vt 0.171084 0.460259
vt 0.174247 0.451119
vt 0.174009 0.460503
vt 0.171140 0.451088
vt 0.173872 0.442061
vt 0.621452 0.893512
vt 0.617156 0.896337
vt 0.616137 0.888379
vt 0.611061 0.901339
vt 0.612878 0.891086
vt 0.603046 0.906653
vt 0.606928 0.895650
vt 0.985169 0.795689
vt 0.974794 0.804584
vt 0.975207 0.795128
vt 0.083926 0.925873
vt 0.075393 0.915982
vt 0.080788 0.914668
vt 0.074916 0.905791
vt 0.079861 0.904910
vt 0.078084 0.927692
vt 0.976633 0.783280
vt 0.963911 0.787089
vt 0.964293 0.781445
vt 0.077587 0.940973
vt 0.073336 0.929243
vt 0.072594 0.943646
vt 0.084034 0.950730
vt 0.079566 0.954598
vt 0.068048 0.946844
vt 0.193667 0.946203
vt 0.182740 0.932543
vt 0.187856 0.930839
vt 0.187340 0.915415
vt 0.534747 0.937378
vt 0.532448 0.918695
vt 0.536919 0.919444
vt 0.529457 0.937485
vt 0.526549 0.918327
vt 0.530281 0.901529
vt 0.535519 0.902372
vt 0.523479 0.937366
vt 0.519422 0.918018
vt 0.523523 0.901606
vt 0.513664 0.901629
vt 0.527682 0.890797
vt 0.509992 0.917658
vt 0.499729 0.901128
vt 0.498273 0.916780
vt 0.506934 0.936541
vt 0.496068 0.935677
vt 0.486353 0.934722
vt 0.487680 0.915673
vt 0.493484 0.954206
vt 0.484126 0.953146
vt 0.476962 0.952111
vt 0.478730 0.933860
vt 0.470943 0.950830
vt 0.472346 0.932947
vt 0.705576 0.955649
vt 0.706567 0.938255
vt 0.711345 0.953435
vt 0.254758 0.689751
vt 0.262422 0.674722
vt 0.260707 0.690898
vt 0.367417 0.999395
vt 0.353960 0.988715
vt 0.368716 0.993401
vt 0.385171 0.997846
vt 0.426590 0.928044
vt 0.428799 0.912638
vt 0.432854 0.925597
vt 0.435262 0.939212
vt 0.964883 0.838201
vt 0.951310 0.833470
vt 0.964384 0.832251
vt 0.977989 0.835699
vt 0.598394 0.942560
vt 0.610944 0.941906
vt 0.599009 0.948824
vt 0.976882 0.830356
vt 0.963918 0.825294
vt 0.975873 0.824097
vt 0.603153 0.926148
vt 0.616566 0.924552
vt 0.606316 0.931640
vt 0.613112 0.920160
vt 0.598886 0.919402
vt 0.608627 0.914267
vt 0.963556 0.816272
vt 0.975088 0.815788
vt 0.985229 0.814901
vt 0.963386 0.804581
vt 0.951846 0.816723
vt 0.951789 0.804255
vt 0.963580 0.794336
vt 0.951571 0.793419
vt 0.975882 0.788399
vt 0.951208 0.785735
vt 0.940118 0.792429
vt 0.939104 0.784597
vt 0.948334 0.549667
vt 0.954394 0.561084
vt 0.947949 0.561588
vt 0.951940 0.535372
vt 0.954886 0.548487
vt 0.961278 0.547754
vt 0.960449 0.561325
vt 0.935326 0.281920
vt 0.922157 0.292116
vt 0.921211 0.286022
vt 0.905911 0.289568
vt 0.906532 0.284432
vt 0.448405 0.778164
vt 0.455616 0.761180
vt 0.453947 0.779312
vt 0.447787 0.795964
vt 0.443122 0.793208
vt 0.459600 0.780175
vt 0.453148 0.797535
vt 0.461365 0.761481
vt 0.465070 0.780959
vt 0.527144 0.955461
vt 0.652531 0.923918
vt 0.660549 0.942613
vt 0.654255 0.942916
vt 0.521064 0.955644
vt 0.516308 0.937082
vt 0.658922 0.923483
vt 0.669001 0.942094
vt 0.513796 0.955556
vt 0.667390 0.922941
vt 0.678909 0.941424
vt 0.504352 0.955052
vt 0.677227 0.922280
vt 0.668873 0.904247
vt 0.678343 0.903665
vt 0.685783 0.921747
vt 0.687647 0.940816
vt 0.686534 0.903314
vt 0.692637 0.921414
vt 0.694513 0.940212
vt 0.693253 0.903152
vt 0.698778 0.921055
vt 0.700604 0.939444
vt 0.699409 0.903157
vt 0.705070 0.920622
vt 0.329458 0.966546
vt 0.342368 0.978060
vt 0.337515 0.982074
vt 0.350568 0.993981
vt 0.427238 0.883059
vt 0.429350 0.898725
vt 0.422456 0.897750
vt 0.422038 0.913601
vt 0.433547 0.885293
vt 0.436026 0.899059
vt 0.435764 0.912056
vt 0.442515 0.911662
vt 0.940111 0.826907
vt 0.939104 0.834199
vt 0.951643 0.826243
vt 0.940755 0.817084
vt 0.450501 0.911494
vt 0.442604 0.899248
vt 0.450501 0.899551
vt 0.917497 0.546669
vt 0.930793 0.554257
vt 0.920265 0.558123
vt 0.928364 0.542704
vt 0.940715 0.551419
vt 0.940810 0.803679
vt 0.933203 0.527726
vt 0.938430 0.539400
vt 0.939987 0.525205
vt 0.945493 0.537240
vt 0.760686 0.948649
vt 0.768584 0.937626
vt 0.767777 0.950669
vt 0.938633 0.511392
vt 0.946141 0.522752
vt 0.944092 0.507985
vt 0.952063 0.519904
vt 0.947323 0.273060
vt 0.961812 0.264884
vt 0.951262 0.277652
vt 0.447644 0.745906
vt 0.448809 0.730243
vt 0.453482 0.744689
vt 0.449753 0.761427
vt 0.263666 0.873740
vt 0.268040 0.891771
vt 0.262137 0.890801
vt 0.265570 0.908101
vt 0.259791 0.906525
vt 0.269675 0.874233
vt 0.274375 0.892351
vt 0.271770 0.909031
vt 0.276114 0.874582
vt 0.281696 0.892747
vt 0.279276 0.909640
vt 0.283369 0.874839
vt 0.291131 0.892994
vt 0.288739 0.909939
vt 0.292605 0.874980
vt 0.284386 0.857092
vt 0.293409 0.857051
vt 0.302340 0.874904
vt 0.301339 0.892929
vt 0.302729 0.856914
vt 0.310402 0.874699
vt 0.309775 0.892575
vt 0.310380 0.856726
vt 0.316920 0.874409
vt 0.316391 0.892063
vt 0.316812 0.856518
vt 0.322673 0.873959
vt 0.695551 0.886892
vt 0.705283 0.873033
vt 0.707955 0.888317
vt 0.701809 0.887248
vt 0.705570 0.903654
vt 0.323883 0.932921
vt 0.331076 0.948601
vt 0.325158 0.949957
vt 0.335020 0.964029
vt 0.443541 0.859093
vt 0.440298 0.872979
vt 0.434524 0.870105
vt 0.718144 0.915211
vt 0.721813 0.930140
vt 0.714970 0.929703
vt 0.719432 0.943248
vt 0.712554 0.943568
vt 0.725057 0.916320
vt 0.729282 0.930895
vt 0.726981 0.943464
vt 0.737064 0.944279
vt 0.735907 0.954616
vt 0.725950 0.954265
vt 0.739010 0.932144
vt 0.750003 0.946248
vt 0.913168 0.534931
vt 0.751325 0.934100
vt 0.742247 0.919062
vt 0.753332 0.920890
vt 0.762796 0.922462
vt 0.761562 0.936062
vt 0.756122 0.907590
vt 0.765112 0.908876
vt 0.770137 0.923694
vt 0.772395 0.909755
vt 0.776539 0.924768
vt 0.921707 0.493404
vt 0.935435 0.497618
vt 0.930309 0.501663
vt 0.970142 0.234026
vt 0.969869 0.250746
vt 0.964527 0.248128
vt 0.956947 0.261330
vt 0.259699 0.840515
vt 0.264786 0.856795
vt 0.259354 0.856671
vt 0.258453 0.872952
vt 0.265347 0.840019
vt 0.270848 0.856928
vt 0.271450 0.839774
vt 0.277156 0.857043
vt 0.277784 0.839652
vt 0.284971 0.839543
vt 0.277655 0.822800
vt 0.284843 0.822599
vt 0.293663 0.839395
vt 0.293261 0.822424
vt 0.302509 0.839218
vt 0.301748 0.822291
vt 0.309807 0.839088
vt 0.308772 0.822276
vt 0.316145 0.838949
vt 0.577051 0.924379
vt 0.585044 0.940024
vt 0.578821 0.940437
vt 0.322673 0.856304
vt 0.583215 0.924187
vt 0.591181 0.938874
vt 0.594156 0.953398
vt 0.588087 0.955003
vt 0.329111 0.900332
vt 0.331341 0.917044
vt 0.325152 0.916156
vt 0.329985 0.932740
vt 0.720004 0.884731
vt 0.721727 0.900729
vt 0.715959 0.898972
vt 0.712554 0.914375
vt 0.725736 0.887233
vt 0.728693 0.902406
vt 0.732567 0.889263
vt 0.736432 0.904077
vt 0.732661 0.917535
vt 0.740004 0.891170
vt 0.745731 0.905844
vt 0.749094 0.893034
vt 0.759312 0.894702
vt 0.752800 0.881444
vt 0.762953 0.883009
vt 0.768143 0.895776
vt 0.771495 0.883754
vt 0.775213 0.896319
vt 0.778405 0.883996
vt 0.781588 0.896526
vt 0.778838 0.910393
vt 0.913168 0.486910
vt 0.926384 0.488877
vt 0.969017 0.204642
vt 0.973550 0.219271
vt 0.968988 0.218919
vt 0.973724 0.203941
vt 0.979267 0.219742
vt 0.965280 0.190854
vt 0.969963 0.188948
vt 0.978953 0.203092
vt 0.621977 0.854976
vt 0.622757 0.872572
vt 0.617172 0.870920
vt 0.974702 0.186763
vt 0.965962 0.172174
vt 0.627671 0.856015
vt 0.264525 0.808149
vt 0.271313 0.823058
vt 0.265214 0.823550
vt 0.615631 0.887170
vt 0.627989 0.873686
vt 0.540625 0.886334
vt 0.543413 0.904642
vt 0.538128 0.903910
vt 0.634769 0.838895
vt 0.632937 0.856905
vt 0.639997 0.839527
vt 0.638162 0.857660
vt 0.276853 0.807116
vt 0.270529 0.807442
vt 0.545885 0.886931
vt 0.549629 0.905381
vt 0.552167 0.887641
vt 0.556911 0.906125
vt 0.550626 0.869920
vt 0.557040 0.870552
vt 0.559426 0.888356
vt 0.564200 0.871227
vt 0.566704 0.889002
vt 0.145892 0.949225
vt 0.153613 0.949225
vt 0.155018 0.931737
vt 0.160359 0.948972
vt 0.161554 0.931667
vt 0.163786 0.914472
vt 0.167470 0.931416
vt 0.169471 0.914604
vt 0.646325 0.810023
vt 0.641207 0.797333
vt 0.646230 0.797001
vt 0.649917 0.818672
vt 0.645387 0.819377
vt 0.641588 0.810511
vt 0.413383 0.866362
vt 0.402827 0.867058
vt 0.403810 0.862795
vt 0.641572 0.820473
vt 0.644771 0.824930
vt 0.641207 0.827286
vt 0.419859 0.869062
vt 0.412690 0.870705
vt 0.389109 0.868346
vt 0.390062 0.863953
vt 0.401176 0.870979
vt 0.204667 0.904972
vt 0.195461 0.911867
vt 0.194876 0.906060
vt 0.410998 0.874958
vt 0.420829 0.874450
vt 0.419992 0.879893
vt 0.205870 0.910660
vt 0.216739 0.910076
vt 0.227800 0.909909
vt 0.463913 0.093905
vt 0.457344 0.112476
vt 0.454467 0.097877
vt 0.446120 0.100713
vt 0.467592 0.112084
vt 0.814193 0.267582
vt 0.828327 0.272467
vt 0.823217 0.288087
vt 0.810092 0.284554
vt 0.852887 0.265222
vt 0.848640 0.278873
vt 0.842822 0.292800
vt 0.864827 0.296757
vt 0.858581 0.309560
vt 0.835306 0.306257
vt 0.851995 0.322262
vt 0.825353 0.320346
vt 0.812653 0.304268
vt 0.866624 0.000605
vt 0.887348 0.015273
vt 0.860459 0.011299
vt 0.882291 0.027020
vt 0.856539 0.022577
vt 0.458684 0.201783
vt 0.459973 0.191678
vt 0.479305 0.211477
vt 0.456499 0.213098
vt 0.476645 0.227109
vt 0.454098 0.227352
vt 0.473095 0.243218
vt 0.450857 0.243083
vt 0.424301 0.227026
vt 0.392530 0.242082
vt 0.422451 0.242658
vt 0.447310 0.259397
vt 0.420882 0.259187
vt 0.369075 0.260130
vt 0.393582 0.259221
vt 0.419567 0.275835
vt 0.394529 0.276207
vt 0.371511 0.277102
vt 0.351495 0.278375
vt 0.373898 0.293446
vt 0.354811 0.294631
vt 0.548293 0.802927
vt 0.569567 0.789647
vt 0.568816 0.804936
vt 0.357851 0.310070
vt 0.548401 0.817524
vt 0.529163 0.818060
vt 0.567721 0.819562
vt 0.548486 0.829783
vt 0.530503 0.830241
vt 0.513100 0.832835
vt 0.531650 0.838768
vt 0.515286 0.841145
vt 0.500119 0.845502
vt 0.517263 0.847452
vt 0.502963 0.851426
vt 0.490038 0.857184
vt 0.505655 0.856567
vt 0.493394 0.861910
vt 0.519075 0.852837
vt 0.532642 0.845388
vt 0.533516 0.851049
vt 0.520771 0.857299
vt 0.508195 0.860741
vt 0.534299 0.855790
vt 0.548360 0.851276
vt 0.548225 0.855871
vt 0.937032 0.878815
vt 0.933387 0.865415
vt 0.937895 0.864916
vt 0.562526 0.853021
vt 0.561375 0.857477
vt 0.933651 0.891756
vt 0.932604 0.878323
vt 0.937895 0.893133
vt 0.927949 0.903861
vt 0.924033 0.901387
vt 0.929296 0.890243
vt 0.931811 0.906303
vt 0.919665 0.915387
vt 0.916323 0.911930
vt 0.922921 0.918760
vt 0.908898 0.925458
vt 0.911281 0.929586
vt 0.801347 0.151207
vt 0.785502 0.148246
vt 0.801015 0.145135
vt 0.817019 0.150694
vt 0.816559 0.156019
vt 0.802038 0.156474
vt 0.817765 0.144657
vt 0.831247 0.157793
vt 0.834653 0.146934
vt 0.818820 0.138100
vt 0.836761 0.140784
vt 0.850833 0.151599
vt 0.853982 0.145695
vt 0.865816 0.158244
vt 0.861939 0.163059
vt 0.870004 0.152639
vt 0.874498 0.171051
vt 0.884268 0.161518
vt 0.875213 0.145025
vt 0.890163 0.154579
vt 0.239799 0.320838
vt 0.221493 0.308250
vt 0.241551 0.308922
vt 0.259052 0.321889
vt 0.256843 0.329331
vt 0.238634 0.328353
vt 0.261793 0.309913
vt 0.243622 0.293475
vt 0.264546 0.294382
vt 0.281236 0.310942
vt 0.277558 0.322976
vt 0.284568 0.295438
vt 0.267188 0.278302
vt 0.287780 0.279337
vt 0.805738 0.410751
vt 0.807531 0.425713
vt 0.306348 0.280566
vt 0.290268 0.263096
vt 0.308993 0.264348
vt 0.825038 0.390208
vt 0.825595 0.404418
vt 0.846748 0.386619
vt 0.824079 0.375373
vt 0.846346 0.371696
vt 0.868988 0.385846
vt 0.869154 0.370971
vt 0.846072 0.357183
vt 0.869363 0.356353
vt 0.516150 0.232468
vt 0.517602 0.248490
vt 0.538077 0.232207
vt 0.515126 0.216383
vt 0.537502 0.216052
vt 0.560825 0.232064
vt 0.560542 0.215864
vt 0.536809 0.199935
vt 0.560246 0.199301
vt 0.583686 0.215035
vt 0.583681 0.198524
vt 0.559822 0.182834
vt 0.583450 0.181894
vt 0.606374 0.181188
vt 0.606447 0.197885
vt 0.606225 0.164543
vt 0.627580 0.163675
vt 0.627465 0.180271
vt 0.627703 0.147215
vt 0.646957 0.146491
vt 0.646613 0.162876
vt 0.647235 0.130066
vt 0.856899 0.739654
vt 0.880370 0.728143
vt 0.880428 0.740917
vt 0.857157 0.752311
vt 0.856802 0.726844
vt 0.880447 0.715165
vt 0.014488 0.132237
vt 0.033755 0.115961
vt 0.034102 0.132525
vt 0.015004 0.148755
vt 0.014262 0.115683
vt 0.033501 0.099366
vt 0.055024 0.099818
vt 0.055308 0.116326
vt 0.054990 0.083262
vt 0.077733 0.084018
vt 0.077827 0.100435
vt 0.077752 0.067509
vt 0.100642 0.068402
vt 0.100820 0.084869
vt 0.100553 0.052063
vt 0.122845 0.053009
vt 0.123026 0.069276
vt 0.122795 0.038304
vt 0.144031 0.039217
vt 0.144055 0.053945
vt 0.143857 0.029874
vt 0.163667 0.031118
vt 0.163789 0.040394
vt 0.122699 0.028771
vt 0.143774 0.023858
vt 0.163579 0.025248
vt 0.163636 0.020694
vt 0.649158 0.282825
vt 0.653998 0.304756
vt 0.650411 0.305002
vt 0.250029 0.903899
vt 0.246602 0.882251
vt 0.251310 0.881782
vt 0.652723 0.282638
vt 0.657269 0.304509
vt 0.655991 0.326197
vt 0.652733 0.326416
vt 0.659290 0.325985
vt 0.325025 0.014070
vt 0.342852 0.009485
vt 0.343432 0.013394
vt 0.325505 0.017997
vt 0.362679 0.009147
vt 0.363261 0.013188
vt 0.382758 0.009170
vt 0.383237 0.013284
vt 0.401833 0.009383
vt 0.402076 0.013570
vt 0.420708 0.009434
vt 0.420703 0.013689
vt 0.439570 0.013262
vt 0.439465 0.017570
vt 0.439664 0.009097
vt 0.457584 0.012381
vt 0.457373 0.016457
vt 0.474206 0.015803
vt 0.473776 0.020431
vt 0.456974 0.021234
vt 0.842309 0.191940
vt 0.860303 0.201299
vt 0.840798 0.195545
vt 0.857902 0.206728
vt 0.838281 0.201029
vt 0.472991 0.027503
vt 0.878924 0.211276
vt 0.875412 0.219133
vt 0.853918 0.214538
vt 0.869889 0.230418
vt 0.847071 0.225021
vt 0.484914 0.051834
vt 0.488274 0.037346
vt 0.863504 0.242291
vt 0.839081 0.234962
vt 0.827368 0.217543
vt 0.887410 0.245947
vt 0.881811 0.258501
vt 0.856972 0.253497
vt 0.876345 0.270933
vt 0.177293 0.082448
vt 0.196580 0.098513
vt 0.175619 0.098147
vt 0.194776 0.114765
vt 0.174240 0.114571
vt 0.870766 0.283739
vt 0.217956 0.114871
vt 0.216057 0.130988
vt 0.193091 0.131143
vt 0.214124 0.147145
vt 0.191340 0.147467
vt 0.172817 0.131478
vt 0.212169 0.163335
vt 0.189561 0.163626
vt 0.171174 0.148244
vt 0.210332 0.179496
vt 0.187931 0.179668
vt 0.169107 0.164835
vt 0.208751 0.195608
vt 0.186670 0.195588
vt 0.167552 0.180640
vt 0.207383 0.211797
vt 0.185994 0.211630
vt 0.899231 0.048175
vt 0.904702 0.035684
vt 0.877335 0.039799
vt 0.893693 0.060759
vt 0.872140 0.052761
vt 0.853134 0.034955
vt 0.887648 0.073743
vt 0.866359 0.066175
vt 0.848710 0.048025
vt 0.881604 0.086690
vt 0.860536 0.079481
vt 0.843313 0.061511
vt 0.469409 0.259558
vt 0.837765 0.075205
vt 0.854845 0.092893
vt 0.832454 0.088938
vt 0.465921 0.275908
vt 0.444222 0.275758
vt 0.461946 0.291873
vt 0.441215 0.291773
vt 0.418372 0.292061
vt 0.438524 0.307066
vt 0.417287 0.307495
vt 0.395384 0.292582
vt 0.396012 0.308136
vt 0.416189 0.319061
vt 0.396540 0.319725
vt 0.375923 0.309034
vt 0.566363 0.831719
vt 0.586562 0.824302
vt 0.583674 0.836070
vt 0.595899 0.850790
vt 0.581021 0.844575
vt 0.565050 0.840550
vt 0.548518 0.838549
vt 0.578473 0.851188
vt 0.563746 0.847428
vt 0.548474 0.845430
vt 0.576080 0.856657
vt 0.592446 0.856696
vt 0.589130 0.861823
vt 0.604809 0.864158
vt 0.600747 0.868711
vt 0.415352 0.326398
vt 0.783457 0.133057
vt 0.800946 0.138413
vt 0.784296 0.141665
vt 0.801410 0.129695
vt 0.820543 0.129427
vt 0.802818 0.117538
vt 0.823388 0.117435
vt 0.839747 0.132273
vt 0.843932 0.120569
vt 0.858161 0.137579
vt 0.863557 0.126363
vt 0.881597 0.134448
vt 0.869555 0.113190
vt 0.888079 0.121909
vt 0.202650 0.292763
vt 0.202381 0.308090
vt 0.222730 0.292901
vt 0.203076 0.276773
vt 0.223972 0.276900
vt 0.245618 0.277464
vt 0.225484 0.260751
vt 0.247579 0.261265
vt 0.269484 0.262048
vt 0.249603 0.245229
vt 0.272096 0.246029
vt 0.293369 0.247104
vt 0.274417 0.229895
vt 0.296091 0.231013
vt 0.312545 0.248384
vt 0.803245 0.381797
vt 0.804798 0.396513
vt 0.315563 0.232265
vt 0.298678 0.214918
vt 0.318292 0.216136
vt 0.822663 0.346650
vt 0.823343 0.360898
vt 0.845807 0.342935
vt 0.822002 0.332463
vt 0.845503 0.328892
vt 0.869504 0.342291
vt 0.514103 0.200284
vt 0.493151 0.184075
vt 0.513704 0.184126
vt 0.536267 0.183739
vt 0.512573 0.168234
vt 0.535271 0.167713
vt 0.559074 0.166559
vt 0.534110 0.151476
vt 0.558179 0.150217
vt 0.582407 0.149007
vt 0.583001 0.165403
vt 0.557556 0.133669
vt 0.581989 0.132626
vt 0.606002 0.148059
vt 0.605814 0.131690
vt 0.581872 0.116311
vt 0.605796 0.115398
vt 0.627759 0.130822
vt 0.627817 0.114489
vt 0.605878 0.099089
vt 0.627931 0.098145
vt 0.647418 0.113645
vt 0.647652 0.097252
vt 0.628005 0.081781
vt 0.647761 0.080866
vt 0.856877 0.701027
vt 0.880621 0.689160
vt 0.880574 0.702167
vt 0.856842 0.713904
vt 0.856887 0.688072
vt 0.880594 0.676084
vt 0.013946 0.082659
vt 0.033446 0.066279
vt 0.033453 0.082795
vt 0.014112 0.099149
vt 0.013815 0.066191
vt 0.033637 0.050017
vt 0.055109 0.050423
vt 0.055026 0.066719
vt 0.055110 0.035945
vt 0.077750 0.036699
vt 0.077764 0.051187
vt 0.077769 0.026897
vt 0.100493 0.027868
vt 0.100529 0.037509
vt 0.100529 0.022009
vt 0.122688 0.022883
vt 0.077777 0.021183
vt 0.100579 0.017567
vt 0.122708 0.018568
vt 0.122788 0.014567
vt 0.143796 0.015520
vt 0.143741 0.019512
vt 0.143951 0.011632
vt 0.163884 0.012624
vt 0.163714 0.016608
vt 0.164003 0.008694
vt 0.659366 0.282009
vt 0.663910 0.303996
vt 0.660602 0.304247
vt 0.656028 0.282342
vt 0.265547 0.671303
vt 0.267336 0.693221
vt 0.263631 0.693487
vt 0.267878 0.714912
vt 0.264266 0.715329
vt 0.662611 0.325788
vt 0.270396 0.735914
vt 0.266942 0.736483
vt 0.342288 0.005577
vt 0.324456 0.010194
vt 0.323883 0.006306
vt 0.362013 0.001404
vt 0.362115 0.005137
vt 0.381978 0.001245
vt 0.382273 0.005141
vt 0.401302 0.001252
vt 0.401579 0.005277
vt 0.420581 0.001359
vt 0.420683 0.005301
vt 0.439765 0.005004
vt 0.439675 0.001087
vt 0.458074 0.004429
vt 0.457807 0.008395
vt 0.628112 0.745124
vt 0.633371 0.725934
vt 0.631635 0.745370
vt 0.475004 0.007979
vt 0.255879 0.655191
vt 0.258040 0.634976
vt 0.259148 0.655489
vt 0.261282 0.635439
vt 0.262422 0.655779
vt 0.474590 0.011876
vt 0.262422 0.614039
vt 0.863008 0.194694
vt 0.882572 0.202534
vt 0.861749 0.197715
vt 0.843466 0.188938
vt 0.166882 0.012503
vt 0.184720 0.016621
vt 0.166616 0.016556
vt 0.902637 0.209219
vt 0.881102 0.206173
vt 0.205426 0.020903
vt 0.184283 0.021238
vt 0.204713 0.026648
vt 0.183641 0.027126
vt 0.900747 0.214030
vt 0.203669 0.035892
vt 0.182603 0.036427
vt 0.897697 0.221596
vt 0.202352 0.050301
vt 0.181253 0.050915
vt 0.892835 0.233058
vt 0.225100 0.050153
vt 0.223415 0.066225
vt 0.200510 0.066277
vt 0.221583 0.082510
vt 0.198529 0.082398
vt 0.179257 0.066761
vt 0.245671 0.082588
vt 0.244015 0.098935
vt 0.219736 0.098751
vt 0.268468 0.099110
vt 0.266692 0.115497
vt 0.242258 0.115093
vt 0.264847 0.131783
vt 0.240327 0.131179
vt 0.262690 0.148001
vt 0.238224 0.147307
vt 0.260215 0.164202
vt 0.236010 0.163513
vt 0.257757 0.180404
vt 0.233847 0.179734
vt 0.255650 0.196706
vt 0.231925 0.196012
vt 0.253603 0.212888
vt 0.230165 0.212251
vt 0.251582 0.229061
vt 0.228520 0.228488
vt 0.206161 0.228080
vt 0.226954 0.244669
vt 0.205118 0.244272
vt 0.185224 0.227872
vt 0.204063 0.260506
vt 0.184760 0.244173
vt 0.184251 0.260470
vt 0.875693 0.099748
vt 0.849192 0.106919
vt 0.827662 0.103341
vt 0.276797 0.213794
vt 0.279050 0.197633
vt 0.301129 0.198720
vt 0.281214 0.181365
vt 0.303181 0.182430
vt 0.320878 0.199934
vt 0.113935 0.933877
vt 0.102677 0.955123
vt 0.099743 0.932127
vt 0.113943 0.910107
vt 0.913175 0.586628
vt 0.926505 0.564340
vt 0.926505 0.588198
vt 0.100053 0.908197
vt 0.085244 0.930168
vt 0.085780 0.905937
vt 0.103171 0.884069
vt 0.117009 0.886171
vt 0.511363 0.152117
vt 0.490476 0.135218
vt 0.510924 0.135341
vt 0.533490 0.134723
vt 0.510707 0.118257
vt 0.533241 0.117767
vt 0.557350 0.117100
vt 0.533377 0.100859
vt 0.557528 0.100586
vt 0.581997 0.099992
vt 0.557855 0.084113
vt 0.582227 0.083609
vt 0.605955 0.082720
vt 0.582461 0.067128
vt 0.606116 0.066303
vt 0.628089 0.065398
vt 0.606039 0.050013
vt 0.627907 0.049122
vt 0.647921 0.064449
vt 0.647578 0.048153
vt 0.628011 0.034766
vt 0.647662 0.033750
vt 0.856983 0.650480
vt 0.880621 0.662957
vt 0.856961 0.661882
vt 0.856826 0.675163
vt 0.880689 0.651373
vt 0.857085 0.642840
vt 0.880726 0.643796
vt 0.013913 0.035346
vt 0.033742 0.026210
vt 0.033583 0.035459
vt 0.013944 0.049918
vt 0.014046 0.026004
vt 0.033837 0.020240
vt 0.055208 0.020719
vt 0.055184 0.026549
vt 0.055202 0.016302
vt 0.077785 0.016769
vt 0.033801 0.015808
vt 0.055178 0.012222
vt 0.077775 0.012721
vt 0.077769 0.008769
vt 0.100664 0.009568
vt 0.100641 0.013513
vt 0.100693 0.005644
vt 0.122938 0.006832
vt 0.122892 0.010665
vt 0.122650 0.003266
vt 0.143496 0.004276
vt 0.144046 0.007789
vt 0.279259 0.630638
vt 0.276586 0.651188
vt 0.273193 0.650186
vt 0.272954 0.671695
vt 0.269237 0.671301
vt 0.269576 0.649803
vt 0.072880 0.869593
vt 0.093824 0.873379
vt 0.093192 0.876866
vt 0.114430 0.876985
vt 0.114444 0.880573
vt 0.271130 0.693044
vt 0.135092 0.876836
vt 0.135655 0.880355
vt 0.271563 0.714252
vt 0.155162 0.873203
vt 0.156317 0.876602
vt 0.274057 0.734824
vt 0.174241 0.866707
vt 0.176027 0.869815
vt 0.278326 0.754368
vt 0.191686 0.857792
vt 0.193968 0.860578
vt 0.283972 0.772081
vt 0.274767 0.755913
vt 0.206986 0.846794
vt 0.209589 0.849381
vt 0.290750 0.787426
vt 0.280467 0.773960
vt 0.220149 0.833452
vt 0.222937 0.835718
vt 0.616527 0.779141
vt 0.613784 0.795792
vt 0.610152 0.794174
vt 0.233949 0.820022
vt 0.625076 0.763470
vt 0.620192 0.780418
vt 0.230882 0.818105
vt 0.242507 0.802798
vt 0.621255 0.762339
vt 0.239159 0.801246
vt 0.248383 0.783992
vt 0.624364 0.744282
vt 0.629885 0.725577
vt 0.244933 0.782893
vt 0.251310 0.763832
vt 0.626274 0.724947
vt 0.630235 0.704871
vt 0.626674 0.704588
vt 0.628974 0.683518
vt 0.632750 0.683732
vt 0.633843 0.705235
vt 0.629650 0.662182
vt 0.167181 0.004600
vt 0.185217 0.008373
vt 0.167068 0.008525
vt 0.259216 0.613519
vt 0.254805 0.634515
vt 0.255985 0.612983
vt 0.185467 0.004345
vt 0.206424 0.008261
vt 0.206181 0.012296
vt 0.185011 0.012445
vt 0.228885 0.012171
vt 0.228561 0.016080
vt 0.205865 0.016421
vt 0.251817 0.016283
vt 0.251409 0.020538
vt 0.228083 0.020317
vt 0.250888 0.026458
vt 0.227445 0.026187
vt 0.250026 0.035785
vt 0.226436 0.035715
vt 0.273861 0.036092
vt 0.272708 0.050177
vt 0.248758 0.050111
vt 0.271376 0.066255
vt 0.247260 0.066227
vt 0.294798 0.066662
vt 0.293588 0.083113
vt 0.270008 0.082641
vt 0.315477 0.084044
vt 0.314043 0.100548
vt 0.292035 0.099569
vt 0.311781 0.116838
vt 0.290267 0.116035
vt 0.310787 0.133150
vt 0.288642 0.132490
vt 0.308924 0.149774
vt 0.286600 0.148900
vt 0.306030 0.166159
vt 0.283894 0.165151
vt 0.953218 0.945271
vt 0.968288 0.922206
vt 0.966975 0.946496
vt 0.088276 0.953497
vt 0.954329 0.920713
vt 0.939104 0.944184
vt 0.939818 0.919606
vt 0.953391 0.896429
vt 0.967205 0.898018
vt 0.469125 0.860339
vt 0.454222 0.882090
vt 0.455521 0.857792
vt 0.489750 0.101680
vt 0.490584 0.118427
vt 0.510570 0.101170
vt 0.489484 0.084909
vt 0.510589 0.084415
vt 0.533690 0.084231
vt 0.510780 0.067888
vt 0.533963 0.067718
vt 0.558182 0.067579
vt 0.534327 0.051475
vt 0.558436 0.051238
vt 0.582570 0.050805
vt 0.558502 0.037174
vt 0.582640 0.036514
vt 0.606128 0.035748
vt 0.582595 0.027587
vt 0.606044 0.026668
vt 0.627892 0.025571
vt 0.605990 0.020740
vt 0.627816 0.019422
vt 0.647466 0.024388
vt 0.647381 0.018361
vt 0.627791 0.015062
vt 0.647413 0.014043
vt 0.857283 0.634483
vt 0.880774 0.638950
vt 0.857193 0.637934
vt 0.880796 0.635423
vt 0.857314 0.631413
vt 0.880838 0.632345
vt 0.014187 0.015646
vt 0.033756 0.011828
vt 0.014161 0.020041
vt 0.857345 0.628495
vt 0.880893 0.629434
vt 0.014015 0.007869
vt 0.014148 0.011716
vt 0.033623 0.007900
vt 0.013948 0.004043
vt 0.033603 0.003987
vt 0.055111 0.004235
vt 0.055132 0.008222
vt 0.904271 0.624942
vt 0.926336 0.617643
vt 0.926950 0.621418
vt 0.077939 0.001214
vt 0.077784 0.004838
vt 0.945161 0.608851
vt 0.946887 0.612006
vt 0.962706 0.601382
vt 0.964803 0.604426
vt 0.100588 0.002131
vt 0.022788 0.828768
vt 0.039524 0.842949
vt 0.037214 0.845513
vt 0.055890 0.856331
vt 0.054068 0.859280
vt 0.282535 0.632123
vt 0.287615 0.612983
vt 0.290750 0.614939
vt 0.167862 0.347145
vt 0.149550 0.344479
vt 0.150384 0.340944
vt 0.130831 0.339923
vt 0.131320 0.336427
vt 0.074132 0.866470
vt 0.686177 0.003025
vt 0.666895 0.005787
vt 0.666489 0.002231
vt 0.110937 0.340459
vt 0.110940 0.336844
vt 0.090609 0.339080
vt 0.090433 0.335420
vt 0.111079 0.333165
vt 0.070557 0.339860
vt 0.070162 0.336180
vt 0.090219 0.331754
vt 0.051447 0.342463
vt 0.050871 0.338874
vt 0.069637 0.332522
vt 0.033529 0.346426
vt 0.032805 0.342890
vt 0.049955 0.335285
vt 0.285506 0.331058
vt 0.267174 0.334609
vt 0.267047 0.330798
vt 0.016543 0.347870
vt 0.031509 0.339415
vt 0.248809 0.334418
vt 0.248594 0.330540
vt 0.002541 0.353833
vt 0.014895 0.344483
vt 0.230270 0.334504
vt 0.230054 0.330540
vt 0.636872 0.350638
vt 0.651322 0.355345
vt 0.649495 0.358588
vt 0.211942 0.331073
vt 0.624049 0.340879
vt 0.638757 0.347314
vt 0.212201 0.334878
vt 0.194522 0.331409
vt 0.622534 0.344209
vt 0.607696 0.335297
vt 0.605769 0.342548
vt 0.588784 0.334978
vt 0.606487 0.338896
vt 0.589704 0.331356
vt 0.588202 0.338644
vt 0.569554 0.332661
vt 0.570218 0.329043
vt 0.569071 0.336300
vt 0.549447 0.332001
vt 0.549773 0.328277
vt 0.528947 0.329703
vt 0.247713 0.742735
vt 0.247571 0.721544
vt 0.251310 0.742817
vt 0.247811 0.763209
vt 0.244074 0.722085
vt 0.239971 0.700488
vt 0.622221 0.662955
vt 0.620506 0.641588
vt 0.625805 0.662249
vt 0.625267 0.683695
vt 0.617088 0.642850
vt 0.613446 0.622805
vt 0.207427 0.000605
vt 0.229477 0.004474
vt 0.206652 0.004268
vt 0.624335 0.641196
vt 0.229966 0.000870
vt 0.252903 0.004825
vt 0.252529 0.008615
vt 0.229170 0.008308
vt 0.276084 0.008906
vt 0.275689 0.012769
vt 0.252180 0.012419
vt 0.298607 0.013094
vt 0.298251 0.017169
vt 0.275331 0.016681
vt 0.297956 0.021645
vt 0.274998 0.021022
vt 0.297627 0.027386
vt 0.274562 0.026937
vt 0.319189 0.027927
vt 0.318633 0.037102
vt 0.297055 0.036494
vt 0.317477 0.051248
vt 0.295940 0.050541
vt 0.000807 0.906188
vt 0.025073 0.916969
vt 0.000866 0.917943
vt 0.025115 0.931009
vt 0.000849 0.931847
vt 0.316584 0.067458
vt 0.049075 0.927634
vt 0.049188 0.941941
vt 0.025186 0.945226
vt 0.049443 0.956233
vt 0.025273 0.959167
vt 0.000765 0.945958
vt 0.489721 0.052034
vt 0.489517 0.068281
vt 0.511066 0.051685
vt 0.489511 0.037918
vt 0.511080 0.037707
vt 0.534373 0.037538
vt 0.511172 0.029070
vt 0.534435 0.028848
vt 0.558510 0.028318
vt 0.534432 0.023064
vt 0.558493 0.022527
vt 0.582509 0.021664
vt 0.558432 0.018095
vt 0.582430 0.017276
vt 0.605951 0.016302
vt 0.582392 0.013247
vt 0.605962 0.012232
vt 0.627877 0.011091
vt 0.605985 0.008227
vt 0.628036 0.007186
vt 0.647531 0.010087
vt 0.606024 0.004267
vt 0.628138 0.003303
vt 0.647776 0.006205
vt 0.857426 0.625441
vt 0.834496 0.618165
vt 0.857733 0.621740
vt 0.880937 0.626467
vt 0.880916 0.622725
vt 0.858289 0.618141
vt 0.880889 0.619180
vt 0.903937 0.621251
vt 0.004269 0.787980
vt 0.003916 0.765443
vt 0.007616 0.787152
vt 0.014774 0.807855
vt 0.011721 0.809305
vt 0.925096 0.614323
vt 0.903379 0.617752
vt 0.361332 0.332094
vt 0.342473 0.340325
vt 0.341500 0.336871
vt 0.325198 0.346718
vt 0.323883 0.343388
vt 0.025523 0.826711
vt 0.748436 0.004567
vt 0.727584 0.007737
vt 0.727801 0.004150
vt 0.706805 0.007234
vt 0.706787 0.003645
vt 0.728072 0.001169
vt 0.706784 0.010949
vt 0.686531 0.010349
vt 0.686399 0.006631
vt 0.686631 0.014112
vt 0.667311 0.013314
vt 0.667138 0.009513
vt 0.649354 0.012204
vt 0.649158 0.008325
vt 0.110999 0.344003
vt 0.130672 0.343456
vt 0.130626 0.346932
vt 0.090957 0.346175
vt 0.090791 0.342629
vt 0.071051 0.346848
vt 0.070825 0.343382
vt 0.052183 0.349365
vt 0.051846 0.345936
vt 0.303248 0.338650
vt 0.285885 0.342539
vt 0.285673 0.338634
vt 0.303242 0.334828
vt 0.267578 0.342487
vt 0.267367 0.338517
vt 0.285520 0.334795
vt 0.249197 0.342485
vt 0.248999 0.338413
vt 0.230584 0.342645
vt 0.230430 0.338531
vt 0.212461 0.342843
vt 0.212350 0.338828
vt 0.195113 0.339038
vt 0.194946 0.335117
vt 0.195163 0.343011
vt 0.178608 0.339425
vt 0.178453 0.335507
vt 0.587500 0.345498
vt 0.568698 0.339776
vt 0.587815 0.342120
vt 0.568324 0.343199
vt 0.548741 0.339148
vt 0.549085 0.335672
vt 0.548385 0.342569
vt 0.528622 0.340523
vt 0.528885 0.337052
vt 0.775476 0.607879
vt 0.756335 0.605047
vt 0.775903 0.604047
vt 0.508557 0.336952
vt 0.529028 0.333434
vt 0.735813 0.602288
vt 0.756849 0.601382
vt 0.488471 0.338792
vt 0.508151 0.333295
vt 0.489109 0.342338
vt 0.470943 0.346376
vt 0.225730 0.682597
vt 0.213876 0.663674
vt 0.228711 0.680829
vt 0.236631 0.701683
vt 0.211406 0.665864
vt 0.195897 0.649438
vt 0.300045 0.786616
vt 0.309452 0.768989
vt 0.303158 0.788621
vt 0.291959 0.803052
vt 0.306166 0.767346
vt 0.313500 0.746673
vt 0.317237 0.747269
vt 0.313140 0.769661
vt 0.276498 0.005065
vt 0.253176 0.001215
vt 0.276501 0.001356
vt 0.319321 0.723232
vt 0.299460 0.005159
vt 0.320821 0.009400
vt 0.299037 0.009111
vt 0.322673 0.698814
vt 0.322620 0.723375
vt 0.172456 0.379031
vt 0.174181 0.355524
vt 0.175885 0.379441
vt 0.320296 0.013433
vt 0.000937 0.886115
vt 0.025335 0.888191
vt 0.000930 0.889456
vt 0.319880 0.017517
vt 0.025254 0.891826
vt 0.000930 0.893173
vt 0.319562 0.021930
vt 0.049255 0.888691
vt 0.049199 0.893813
vt 0.025179 0.896948
vt 0.049142 0.901649
vt 0.025104 0.904987
vt 0.000875 0.898317
vt 0.489687 0.022874
vt 0.489629 0.028833
vt 0.511178 0.023056
vt 0.489710 0.018603
vt 0.511169 0.018714
vt 0.534405 0.018601
vt 0.511119 0.014784
vt 0.534312 0.014579
vt 0.558376 0.014043
vt 0.534207 0.010697
vt 0.558312 0.010134
vt 0.582387 0.009286
vt 0.558278 0.006248
vt 0.582417 0.005346
vt 0.558319 0.002561
vt 0.582237 0.001682
vt 0.812583 0.612255
vt 0.795167 0.601382
vt 0.814169 0.608932
vt 0.834001 0.621864
vt 0.811926 0.615868
vt 0.004954 0.719995
vt 0.016609 0.699618
vt 0.008178 0.720952
vt 0.000636 0.743024
vt 0.835548 0.614696
vt 0.404477 0.328277
vt 0.426847 0.332933
vt 0.404464 0.331881
vt 0.382526 0.329362
vt 0.003962 0.743374
vt 0.000605 0.765665
vt 0.382785 0.332902
vt 0.404411 0.335476
vt 0.382911 0.336510
vt 0.362228 0.339315
vt 0.361932 0.335716
vt 0.362370 0.342812
vt 0.767441 0.008550
vt 0.747792 0.011975
vt 0.748040 0.008188
vt 0.342960 0.343878
vt 0.767101 0.012354
vt 0.747557 0.015874
vt 0.727316 0.015345
vt 0.727436 0.011488
vt 0.727239 0.019322
vt 0.706752 0.018712
vt 0.706758 0.014742
vt 0.706769 0.024173
vt 0.686774 0.023560
vt 0.686708 0.017996
vt 0.667427 0.022648
vt 0.667388 0.017163
vt 0.649480 0.021595
vt 0.649473 0.016191
vt 0.111165 0.351011
vt 0.091319 0.354483
vt 0.091134 0.349764
vt 0.111080 0.347493
vt 0.071666 0.354933
vt 0.071324 0.350342
vt 0.052754 0.357272
vt 0.052465 0.352790
vt 0.303550 0.346504
vt 0.286442 0.351841
vt 0.286149 0.346539
vt 0.303358 0.342534
vt 0.268089 0.351965
vt 0.267848 0.346571
vt 0.249630 0.352215
vt 0.249401 0.346703
vt 0.230927 0.352516
vt 0.230747 0.346938
vt 0.212594 0.352441
vt 0.212535 0.347016
vt 0.195120 0.347097
vt 0.195068 0.352508
vt 0.178565 0.347501
vt 0.178612 0.343398
vt 0.586929 0.353281
vt 0.567992 0.346618
vt 0.587206 0.348933
vt 0.567689 0.350935
vt 0.548054 0.345985
vt 0.791742 0.620158
vt 0.774902 0.615869
vt 0.791869 0.614782
vt 0.528339 0.343945
vt 0.774614 0.621282
vt 0.755461 0.616812
vt 0.755680 0.612748
vt 0.775164 0.611795
vt 0.734990 0.613435
vt 0.735213 0.609638
vt 0.755961 0.608844
vt 0.713919 0.610294
vt 0.714048 0.606566
vt 0.735464 0.605895
vt 0.692546 0.607013
vt 0.692535 0.603373
vt 0.714205 0.602948
vt 0.671491 0.603573
vt 0.932944 0.130700
vt 0.942748 0.111626
vt 0.936252 0.131946
vt 0.924688 0.148111
vt 0.939285 0.110656
vt 0.946892 0.089491
vt 0.173594 0.641758
vt 0.152319 0.632256
vt 0.175067 0.638742
vt 0.193812 0.652154
vt 0.151517 0.635438
vt 0.128861 0.629662
vt 0.311961 0.722317
vt 0.315502 0.698652
vt 0.315279 0.722825
vt 0.310072 0.745588
vt 0.312053 0.698704
vt 0.313665 0.674611
vt 0.317423 0.674378
vt 0.319409 0.698630
vt 0.313393 0.651271
vt 0.489484 0.006959
vt 0.511031 0.010945
vt 0.489517 0.010851
vt 0.320715 0.674584
vt 0.489657 0.014709
vt 0.175885 0.331102
vt 0.170902 0.355025
vt 0.172715 0.330540
vt 0.049339 0.885047
vt 0.025389 0.884927
vt 0.049443 0.881782
vt 0.510973 0.007116
vt 0.534143 0.006847
vt 0.511651 0.003567
vt 0.534507 0.003247
vt 0.303349 0.631032
vt 0.306313 0.652970
vt 0.300162 0.632712
vt 0.295000 0.612983
vt 0.041922 0.661104
vt 0.062555 0.650308
vt 0.044095 0.663690
vt 0.026105 0.678333
vt 0.023856 0.676384
vt 0.040083 0.658735
vt 0.693354 0.329500
vt 0.715944 0.332110
vt 0.693599 0.332530
vt 0.468709 0.341570
vt 0.449323 0.332702
vt 0.469734 0.338163
vt 0.028639 0.680366
vt 0.013660 0.698080
vt 0.672014 0.332539
vt 0.693707 0.336113
vt 0.672290 0.336162
vt 0.448135 0.339816
vt 0.448582 0.336267
vt 0.427222 0.329179
vt 0.426568 0.336567
vt 0.447826 0.343279
vt 0.426402 0.340081
vt 0.404389 0.338996
vt 0.426228 0.343593
vt 0.404365 0.342493
vt 0.383029 0.343534
vt 0.382966 0.340024
vt 0.404341 0.346035
vt 0.382996 0.347118
vt 0.362453 0.346348
vt 0.362489 0.349953
vt 0.382924 0.352018
vt 0.362257 0.354921
vt 0.766024 0.025969
vt 0.747396 0.019942
vt 0.766544 0.020343
vt 0.766802 0.016275
vt 0.746886 0.034389
vt 0.747222 0.025463
vt 0.726948 0.033818
vt 0.727148 0.024900
vt 0.726500 0.047347
vt 0.706451 0.046658
vt 0.706699 0.033177
vt 0.686645 0.045854
vt 0.686702 0.032402
vt 0.667680 0.044910
vt 0.667520 0.031510
vt 0.649990 0.043831
vt 0.649626 0.030522
vt 0.111385 0.363494
vt 0.092048 0.373924
vt 0.091650 0.362230
vt 0.111192 0.355713
vt 0.072665 0.374288
vt 0.072063 0.362595
vt 0.053886 0.376392
vt 0.053186 0.364823
vt 0.304247 0.360605
vt 0.287410 0.373757
vt 0.286900 0.360545
vt 0.303810 0.351746
vt 0.269194 0.373709
vt 0.268601 0.360613
vt 0.250439 0.373786
vt 0.249968 0.360742
vt 0.231538 0.373983
vt 0.231174 0.361027
vt 0.212949 0.374358
vt 0.212704 0.361287
vt 0.195022 0.361504
vt 0.195081 0.374841
vt 0.178341 0.361838
vt 0.178491 0.352758
vt 0.585727 0.372154
vt 0.567194 0.358488
vt 0.586428 0.360785
vt 0.566427 0.370068
vt 0.547150 0.358096
vt 0.547733 0.350463
vt 0.790989 0.643096
vt 0.774278 0.630381
vt 0.791489 0.629312
vt 0.773791 0.644179
vt 0.754982 0.631392
vt 0.755319 0.622255
vt 0.754518 0.645262
vt 0.734427 0.632217
vt 0.735044 0.622978
vt 0.713456 0.623785
vt 0.713595 0.618028
vt 0.734823 0.617408
vt 0.692290 0.618620
vt 0.692447 0.614551
vt 0.713763 0.614046
vt 0.671875 0.614784
vt 0.671821 0.610957
vt 0.692518 0.610746
vt 0.652817 0.611029
vt 0.932655 0.109523
vt 0.939851 0.088504
vt 0.935908 0.110010
vt 0.671720 0.607213
vt 0.936545 0.088151
vt 0.941326 0.066319
vt 0.944814 0.066484
vt 0.943301 0.088928
vt 0.943826 0.043614
vt 0.947460 0.043484
vt 0.948512 0.066644
vt 0.943756 0.021214
vt 0.105548 0.634661
vt 0.082223 0.637379
vt 0.105117 0.631325
vt 0.128704 0.632948
vt 0.940258 0.021564
vt 0.938002 0.000605
vt 0.083251 0.640497
vt 0.060919 0.647336
vt 0.738251 0.331457
vt 0.759427 0.334186
vt 0.738031 0.335094
vt 0.716026 0.328961
vt 0.738675 0.328277
vt 0.715881 0.335731
vt 0.737883 0.338853
vt 0.715826 0.339484
vt 0.693771 0.339866
vt 0.715789 0.343300
vt 0.693795 0.343703
vt 0.672426 0.339933
vt 0.672482 0.343805
vt 0.693783 0.347682
vt 0.672532 0.347804
vt 0.652722 0.343590
vt 0.652531 0.339710
vt 0.652847 0.347594
vt 0.672518 0.353657
vt 0.653003 0.353351
vt 0.426066 0.347144
vt 0.404553 0.350929
vt 0.425571 0.360065
vt 0.404096 0.358938
vt 0.382829 0.359834
vt 0.403700 0.371178
vt 0.382660 0.371891
vt 0.362506 0.362619
vt 0.764971 0.048348
vt 0.781846 0.065026
vt 0.764528 0.064746
vt 0.746182 0.047923
vt 0.765792 0.034834
vt 0.745724 0.064315
vt 0.763910 0.081309
vt 0.745109 0.080883
vt 0.726059 0.063753
vt 0.705459 0.079617
vt 0.706021 0.063053
vt 0.685740 0.078769
vt 0.686228 0.062215
vt 0.666875 0.077783
vt 0.667300 0.061247
vt 0.649158 0.076724
vt 0.649622 0.060179
vt 0.111917 0.389013
vt 0.092865 0.401350
vt 0.092484 0.387527
vt 0.111553 0.375288
vt 0.073454 0.401568
vt 0.073087 0.387845
vt 0.321529 0.390530
vt 0.306865 0.406873
vt 0.305765 0.390279
vt 0.320388 0.374171
vt 0.289540 0.406750
vt 0.288489 0.390145
vt 0.304600 0.373915
vt 0.271029 0.406765
vt 0.270116 0.390126
vt 0.251803 0.406898
vt 0.251112 0.390231
vt 0.232279 0.407129
vt 0.231913 0.390453
vt 0.212985 0.407477
vt 0.212964 0.390808
vt 0.194739 0.391275
vt 0.194394 0.407941
vt 0.177708 0.391857
vt 0.178348 0.375417
vt 0.584933 0.398506
vt 0.565690 0.383158
vt 0.585306 0.385250
vt 0.565083 0.396369
vt 0.545455 0.382759
vt 0.546368 0.369765
vt 0.791869 0.676207
vt 0.774047 0.660668
vt 0.791458 0.659560
vt 0.774172 0.677340
vt 0.754531 0.661765
vt 0.754555 0.678416
vt 0.733860 0.662736
vt 0.734022 0.646260
vt 0.733734 0.679408
vt 0.712530 0.663535
vt 0.712865 0.647037
vt 0.691846 0.647594
vt 0.691905 0.633528
vt 0.713122 0.632955
vt 0.671753 0.633850
vt 0.671754 0.624434
vt 0.691745 0.624318
vt 0.653036 0.624733
vt 0.653008 0.618887
vt 0.671878 0.618848
vt 0.925241 0.087175
vt 0.931170 0.065629
vt 0.929973 0.087534
vt 0.934658 0.065923
vt 0.933287 0.087820
vt 0.652954 0.614858
vt 0.933418 0.043424
vt 0.936817 0.043514
vt 0.937965 0.066118
vt 0.778820 0.340655
vt 0.759194 0.337974
vt 0.779015 0.336708
vt 0.779350 0.332849
vt 0.940277 0.043591
vt 0.759060 0.341842
vt 0.737782 0.342709
vt 0.758979 0.345943
vt 0.737697 0.346784
vt 0.715717 0.347325
vt 0.737611 0.352461
vt 0.715675 0.352988
vt 0.693735 0.353530
vt 0.715534 0.362270
vt 0.693648 0.362523
vt 0.672601 0.362601
vt 0.693615 0.376548
vt 0.672748 0.376486
vt 0.653187 0.362358
vt 0.653503 0.376223
vt 0.672297 0.392917
vt 0.653006 0.392596
vt 0.424494 0.385821
vt 0.425011 0.372261
vt 0.403139 0.384710
vt 0.423826 0.399645
vt 0.402447 0.398573
vt 0.382112 0.385599
vt 0.381429 0.399498
vt 0.401672 0.413231
vt 0.380966 0.414312
vt 0.361447 0.402309
vt 0.781308 0.081589
vt 0.361258 0.417056
vt 0.380247 0.428880
vt 0.360867 0.431721
vt 0.760837 0.114152
vt 0.743851 0.097316
vt 0.762389 0.097735
vt 0.742317 0.113666
vt 0.724409 0.096720
vt 0.725455 0.080325
vt 0.723199 0.113029
vt 0.704785 0.096010
vt 0.703991 0.112308
vt 0.685452 0.095170
vt 0.666920 0.110609
vt 0.666953 0.094188
vt 0.649787 0.109655
vt 0.649498 0.093192
vt 0.112088 0.417597
vt 0.093382 0.430689
vt 0.093130 0.416021
vt 0.112211 0.402878
vt 0.074605 0.430784
vt 0.074040 0.416221
vt 0.056098 0.432626
vt 0.055346 0.418176
vt 0.307120 0.423485
vt 0.290611 0.440036
vt 0.290013 0.423393
vt 0.272353 0.440098
vt 0.271666 0.423430
vt 0.253149 0.440250
vt 0.252452 0.423576
vt 0.233544 0.440490
vt 0.232877 0.423826
vt 0.214000 0.440828
vt 0.213484 0.424164
vt 0.194822 0.424601
vt 0.195045 0.441255
vt 0.177342 0.425146
vt 0.177095 0.408498
vt 0.583884 0.426406
vt 0.564471 0.410316
vt 0.584333 0.412504
vt 0.563969 0.424119
vt 0.544034 0.410129
vt 0.544637 0.396032
vt 0.791426 0.709471
vt 0.773724 0.693961
vt 0.791529 0.692841
vt 0.773504 0.710570
vt 0.754165 0.695016
vt 0.753991 0.711627
vt 0.733501 0.695991
vt 0.733398 0.712588
vt 0.712341 0.696790
vt 0.712300 0.680211
vt 0.712350 0.713404
vt 0.691451 0.697417
vt 0.691116 0.680839
vt 0.670946 0.681260
vt 0.671261 0.664541
vt 0.691385 0.664138
vt 0.652895 0.664780
vt 0.653458 0.648226
vt 0.671831 0.647999
vt 0.744248 0.325533
vt 0.756474 0.303841
vt 0.757598 0.325608
vt 0.905911 0.085653
vt 0.918706 0.064660
vt 0.917659 0.086559
vt 0.653083 0.634067
vt 0.906998 0.063907
vt 0.917505 0.042634
vt 0.925167 0.043048
vt 0.926344 0.065231
vt 0.778319 0.359899
vt 0.758925 0.351806
vt 0.778583 0.350629
vt 0.778707 0.344823
vt 0.929953 0.043273
vt 0.758783 0.360988
vt 0.737503 0.361776
vt 0.758374 0.374941
vt 0.737238 0.375748
vt 0.715383 0.376306
vt 0.737169 0.392235
vt 0.715147 0.392748
vt 0.693254 0.392981
vt 0.714832 0.409357
vt 0.692854 0.409561
vt 0.671857 0.409474
vt 0.692643 0.426051
vt 0.671820 0.425951
vt 0.652547 0.409129
vt 0.652707 0.425596
vt 0.671536 0.442483
vt 0.652761 0.442076
vt 0.421741 0.428658
vt 0.422847 0.414151
vt 0.400741 0.427813
vt 0.420413 0.443300
vt 0.399645 0.442527
vt 0.379419 0.443623
vt 0.398338 0.457108
vt 0.378319 0.458278
vt 0.773961 0.147307
vt 0.758980 0.130539
vt 0.775953 0.130874
vt 0.757088 0.146941
vt 0.740770 0.130022
vt 0.739103 0.146409
vt 0.721946 0.129349
vt 0.720487 0.145673
vt 0.703047 0.128585
vt 0.701932 0.144810
vt 0.684490 0.127840
vt 0.685077 0.111503
vt 0.683715 0.144204
vt 0.666704 0.126991
vt 0.650064 0.142535
vt 0.650025 0.126080
vt 0.111761 0.446920
vt 0.093873 0.459855
vt 0.093611 0.445304
vt 0.111945 0.432282
vt 0.075786 0.459839
vt 0.075186 0.445369
vt 0.057761 0.461521
vt 0.056942 0.447135
vt 0.307751 0.456685
vt 0.291739 0.473317
vt 0.291006 0.456637
vt 0.307472 0.440102
vt 0.273799 0.473442
vt 0.272932 0.456719
vt 0.254709 0.473652
vt 0.253851 0.456895
vt 0.235050 0.473917
vt 0.234274 0.457144
vt 0.215312 0.474224
vt 0.214747 0.457479
vt 0.196187 0.474600
vt 0.195736 0.457904
vt 0.178098 0.458421
vt 0.177543 0.441801
vt 0.583080 0.454477
vt 0.563450 0.438333
vt 0.583358 0.440573
vt 0.563068 0.452248
vt 0.543052 0.438216
vt 0.543493 0.424053
vt 0.791127 0.742672
vt 0.773160 0.727147
vt 0.791113 0.726071
vt 0.773197 0.743766
vt 0.753784 0.728210
vt 0.753830 0.744831
vt 0.733324 0.729146
vt 0.733442 0.745828
vt 0.712491 0.730014
vt 0.712616 0.746695
vt 0.691933 0.730657
vt 0.691610 0.714038
vt 0.692093 0.747375
vt 0.672359 0.731117
vt 0.671895 0.714471
vt 0.653807 0.714719
vt 0.653419 0.698077
vt 0.671624 0.697838
vt 0.408600 0.661173
vt 0.387787 0.646376
vt 0.409563 0.647528
vt 0.388705 0.632208
vt 0.410703 0.633403
vt 0.652531 0.681509
vt 0.366608 0.633296
vt 0.796109 0.406022
vt 0.778222 0.390452
vt 0.795820 0.389291
vt 0.743143 0.303627
vt 0.730950 0.325424
vt 0.729871 0.303400
vt 0.778354 0.407151
vt 0.758473 0.391458
vt 0.777939 0.373920
vt 0.757598 0.282037
vt 0.744428 0.281719
vt 0.758452 0.408139
vt 0.736976 0.408882
vt 0.757758 0.424727
vt 0.736428 0.425442
vt 0.714439 0.425896
vt 0.735972 0.442084
vt 0.713957 0.442483
vt 0.692234 0.442613
vt 0.713399 0.459048
vt 0.691799 0.459149
vt 0.671390 0.458955
vt 0.691176 0.475720
vt 0.670868 0.475477
vt 0.652856 0.458500
vt 0.418947 0.457711
vt 0.437650 0.474981
vt 0.417205 0.472513
vt 0.396835 0.471951
vt 0.415035 0.487870
vt 0.395196 0.487458
vt 0.377070 0.473055
vt 0.376116 0.488638
vt 0.358634 0.476037
vt 0.771677 0.163716
vt 0.751671 0.179248
vt 0.737090 0.162723
vt 0.754920 0.163302
vt 0.734310 0.178585
vt 0.718744 0.161836
vt 0.716667 0.177811
vt 0.700681 0.161006
vt 0.699301 0.177046
vt 0.682898 0.160561
vt 0.682401 0.176479
vt 0.665978 0.159815
vt 0.666361 0.143401
vt 0.126751 0.493785
vt 0.111436 0.475927
vt 0.128208 0.478649
vt 0.650182 0.158951
vt 0.094351 0.489739
vt 0.094153 0.474475
vt 0.111630 0.461388
vt 0.077437 0.489676
vt 0.076496 0.474438
vt 0.060315 0.491125
vt 0.058822 0.476141
vt 0.308522 0.489903
vt 0.292707 0.506525
vt 0.292385 0.489996
vt 0.308240 0.473300
vt 0.275386 0.507033
vt 0.274625 0.490233
vt 0.256733 0.507655
vt 0.255647 0.490534
vt 0.237211 0.508011
vt 0.236008 0.490833
vt 0.217451 0.508014
vt 0.216192 0.491068
vt 0.198393 0.507934
vt 0.197097 0.491299
vt 0.180559 0.508130
vt 0.179203 0.491672
vt 0.582045 0.483419
vt 0.562680 0.466489
vt 0.582666 0.468752
vt 0.562198 0.481196
vt 0.542321 0.466430
vt 0.542618 0.452090
vt 0.542118 0.481205
vt 0.522322 0.468592
vt 0.790671 0.759205
vt 0.772060 0.776582
vt 0.753748 0.761399
vt 0.772961 0.760315
vt 0.753328 0.777661
vt 0.733564 0.762394
vt 0.733703 0.778507
vt 0.713008 0.763287
vt 0.713751 0.779412
vt 0.692765 0.763965
vt 0.694131 0.780106
vt 0.673396 0.764512
vt 0.672490 0.747852
vt 0.425038 0.720621
vt 0.405885 0.702778
vt 0.426528 0.705897
vt 0.406856 0.688459
vt 0.427705 0.691665
vt 0.385221 0.687602
vt 0.386063 0.674060
vt 0.407634 0.675089
vt 0.654501 0.731366
vt 0.654596 0.748118
vt 0.793791 0.472738
vt 0.776271 0.457047
vt 0.793915 0.455957
vt 0.365069 0.661159
vt 0.386891 0.659938
vt 0.757378 0.441384
vt 0.777121 0.440452
vt 0.777475 0.423763
vt 0.365940 0.647506
vt 0.756497 0.457980
vt 0.735284 0.458662
vt 0.756063 0.474682
vt 0.734667 0.475324
vt 0.712717 0.475674
vt 0.733796 0.491983
vt 0.711937 0.492279
vt 0.690548 0.492249
vt 0.711062 0.508623
vt 0.690035 0.508510
vt 0.670459 0.491958
vt 0.670516 0.508085
vt 0.689315 0.524855
vt 0.670118 0.524418
vt 0.432371 0.505205
vt 0.435067 0.490165
vt 0.412648 0.503031
vt 0.428345 0.520939
vt 0.409833 0.519082
vt 0.393351 0.502574
vt 0.391800 0.518848
vt 0.374760 0.503959
vt 0.374435 0.520213
vt 0.357450 0.506913
vt 0.358388 0.491624
vt 0.743857 0.210205
vt 0.731643 0.194738
vt 0.748635 0.195427
vt 0.727708 0.209660
vt 0.714456 0.193960
vt 0.711549 0.209010
vt 0.697638 0.193277
vt 0.696012 0.208379
vt 0.681515 0.192668
vt 0.136317 0.527584
vt 0.125624 0.508561
vt 0.139944 0.512310
vt 0.666258 0.175831
vt 0.123135 0.524224
vt 0.110456 0.506057
vt 0.666160 0.192029
vt 0.651198 0.175063
vt 0.094828 0.520732
vt 0.094681 0.504743
vt 0.110847 0.491183
vt 0.079946 0.520616
vt 0.078467 0.504651
vt 0.064715 0.521621
vt 0.061937 0.505928
vt 0.049240 0.523959
vt 0.045360 0.508902
vt 0.033739 0.527973
vt 0.029279 0.513835
vt 0.276445 0.523714
vt 0.293372 0.522937
vt 0.258758 0.538380
vt 0.257948 0.524788
vt 0.240105 0.538631
vt 0.238607 0.525407
vt 0.221074 0.538570
vt 0.218879 0.524767
vt 0.202676 0.538508
vt 0.199762 0.524412
vt 0.600219 0.502608
vt 0.579656 0.513280
vt 0.581384 0.498063
vt 0.182089 0.524379
vt 0.561669 0.495936
vt 0.560756 0.511477
vt 0.541907 0.496036
vt 0.542045 0.511845
vt 0.522858 0.498417
vt 0.522596 0.483524
vt 0.524277 0.514186
vt 0.504987 0.502558
vt 0.771282 0.792942
vt 0.751851 0.808636
vt 0.733909 0.794888
vt 0.753014 0.793947
vt 0.734111 0.809727
vt 0.714451 0.795843
vt 0.715796 0.810582
vt 0.695150 0.796615
vt 0.438391 0.755842
vt 0.423604 0.735523
vt 0.441913 0.740405
vt 0.674903 0.780901
vt 0.421055 0.751353
vt 0.403851 0.732748
vt 0.404817 0.717723
vt 0.402528 0.748904
vt 0.383298 0.732067
vt 0.383847 0.717054
vt 0.362832 0.718663
vt 0.362993 0.703478
vt 0.384460 0.701976
vt 0.773272 0.506957
vt 0.755105 0.491406
vt 0.774991 0.490527
vt 0.775958 0.473800
vt 0.363562 0.689020
vt 0.753726 0.507836
vt 0.732627 0.508347
vt 0.752419 0.524467
vt 0.731527 0.524950
vt 0.710072 0.525072
vt 0.729730 0.539812
vt 0.709231 0.539859
vt 0.464324 0.530660
vt 0.451653 0.509387
vt 0.469734 0.515509
vt 0.689299 0.539587
vt 0.708023 0.555175
vt 0.688496 0.554770
vt 0.442440 0.539658
vt 0.446846 0.524803
vt 0.424276 0.536120
vt 0.436930 0.555070
vt 0.419109 0.551848
vt 0.406738 0.534606
vt 0.402575 0.550573
vt 0.389766 0.534556
vt 0.387037 0.550799
vt 0.373443 0.535968
vt 0.372019 0.552258
vt 0.358213 0.538826
vt 0.358137 0.523101
vt 0.733450 0.239570
vt 0.723445 0.224086
vt 0.739023 0.224735
vt 0.718311 0.238904
vt 0.708277 0.223492
vt 0.704310 0.238284
vt 0.694055 0.222928
vt 0.691625 0.237773
vt 0.680718 0.222401
vt 0.681227 0.207763
vt 0.128570 0.557291
vt 0.120611 0.539444
vt 0.132561 0.542363
vt 0.107511 0.553004
vt 0.108284 0.537338
vt 0.109262 0.521939
vt 0.096136 0.551948
vt 0.095246 0.536230
vt 0.084029 0.551688
vt 0.081616 0.536024
vt 0.071322 0.552236
vt 0.067632 0.536852
vt 0.057835 0.553563
vt 0.053098 0.538475
vt 0.042349 0.555513
vt 0.037606 0.541105
vt 0.277412 0.551819
vt 0.261364 0.565627
vt 0.259977 0.550607
vt 0.276481 0.537855
vt 0.243176 0.565068
vt 0.241499 0.550221
vt 0.224967 0.565766
vt 0.222891 0.551216
vt 0.207412 0.567164
vt 0.204796 0.552356
vt 0.594699 0.545499
vt 0.578588 0.527536
vt 0.596462 0.530734
vt 0.597837 0.517291
vt 0.577234 0.542636
vt 0.559929 0.526167
vt 0.558939 0.541734
vt 0.541841 0.526974
vt 0.541481 0.542875
vt 0.525069 0.529292
vt 0.526154 0.545245
vt 0.509527 0.533071
vt 0.767069 0.822689
vt 0.768793 0.807531
vt 0.750252 0.838773
vt 0.734621 0.824940
vt 0.751267 0.823861
vt 0.718747 0.840502
vt 0.717046 0.825796
vt 0.699506 0.826600
vt 0.697610 0.811326
vt 0.432665 0.785824
vt 0.419284 0.766379
vt 0.435943 0.770602
vt 0.680280 0.811931
vt 0.416964 0.781941
vt 0.401630 0.764267
vt 0.400617 0.780079
vt 0.383341 0.764144
vt 0.383357 0.748481
vt 0.365865 0.781548
vt 0.364203 0.765766
vt 0.363671 0.750073
vt 0.344401 0.753681
vt 0.342416 0.737472
vt 0.362611 0.733649
vt 0.748158 0.555326
vt 0.749713 0.539201
vt 0.323882 0.743433
vt 0.728230 0.555357
vt 0.745600 0.569753
vt 0.726463 0.569907
vt 0.706977 0.569693
vt 0.724712 0.584748
vt 0.705548 0.584708
vt 0.688115 0.569318
vt 0.454065 0.560320
vt 0.459912 0.545283
vt 0.686689 0.584452
vt 0.704061 0.600170
vt 0.685849 0.600065
vt 0.427293 0.585073
vt 0.413613 0.567236
vt 0.431775 0.569841
vt 0.409108 0.582808
vt 0.397622 0.566535
vt 0.392495 0.582289
vt 0.382698 0.567056
vt 0.377308 0.582781
vt 0.368603 0.568726
vt 0.731091 0.269833
vt 0.725503 0.253658
vt 0.738935 0.254394
vt 0.357622 0.555023
vt 0.717218 0.268895
vt 0.711501 0.253026
vt 0.704621 0.268173
vt 0.699374 0.252492
vt 0.694190 0.267754
vt 0.688691 0.252065
vt 0.685120 0.267509
vt 0.679025 0.251671
vt 0.679911 0.237312
vt 0.677036 0.267346
vt 0.670334 0.251234
vt 0.123920 0.572098
vt 0.118181 0.554784
vt 0.663427 0.266721
vt 0.662150 0.250778
vt 0.106932 0.568618
vt 0.115503 0.570111
vt 0.100050 0.582545
vt 0.097867 0.567438
vt 0.091709 0.581646
vt 0.087700 0.566723
vt 0.081308 0.580451
vt 0.076209 0.566519
vt 0.068093 0.580215
vt 0.063230 0.567157
vt 0.052154 0.582677
vt 0.047916 0.569512
vt 0.279678 0.581241
vt 0.265847 0.597081
vt 0.263085 0.580925
vt 0.278408 0.566869
vt 0.247883 0.597622
vt 0.245460 0.580996
vt 0.230037 0.598288
vt 0.227762 0.581621
vt 0.212850 0.599176
vt 0.210641 0.582582
vt 0.197296 0.600152
vt 0.194986 0.583720
vt 0.592607 0.561360
vt 0.575239 0.573659
vt 0.558175 0.557329
vt 0.575770 0.558352
vt 0.557817 0.572552
vt 0.541438 0.558449
vt 0.541877 0.573642
vt 0.526823 0.560521
vt 0.761248 0.868814
vt 0.749229 0.853767
vt 0.762521 0.852890
vt 0.512261 0.548759
vt 0.748272 0.869450
vt 0.735596 0.854589
vt 0.735239 0.839779
vt 0.735740 0.869969
vt 0.720265 0.855411
vt 0.707156 0.871322
vt 0.704548 0.856088
vt 0.693172 0.871824
vt 0.689513 0.856566
vt 0.415963 0.796485
vt 0.430987 0.800425
vt 0.400697 0.808865
vt 0.400261 0.794363
vt 0.383545 0.807963
vt 0.384016 0.793573
vt 0.366294 0.795163
vt 0.383923 0.779955
vt 0.365962 0.809843
vt 0.347815 0.799237
vt 0.347127 0.784930
vt 0.741630 0.599419
vt 0.743703 0.584207
vt 0.332978 0.820607
vt 0.351429 0.829518
vt 0.337973 0.835040
vt 0.451903 0.608418
vt 0.444741 0.589336
vt 0.460089 0.595547
vt 0.723040 0.600172
vt 0.437786 0.603119
vt 0.445814 0.618216
vt 0.431959 0.613756
vt 0.421459 0.600050
vt 0.417026 0.611605
vt 0.404747 0.598242
vt 0.401627 0.610552
vt 0.389278 0.597880
vt 0.387002 0.610363
vt 0.374835 0.598061
vt 0.373144 0.611194
vt 0.360852 0.600298
vt 0.363098 0.584704
vt 0.359766 0.614731
vt 0.349160 0.604302
vt 0.350556 0.588000
vt 0.125498 0.616924
vt 0.132454 0.605039
vt 0.140934 0.609173
vt 0.707306 0.280510
vt 0.118479 0.614738
vt 0.126148 0.602880
vt 0.136004 0.590608
vt 0.144061 0.594221
vt 0.112946 0.613663
vt 0.119728 0.601528
vt 0.128306 0.588018
vt 0.108479 0.613438
vt 0.113526 0.601229
vt 0.120871 0.586128
vt 0.104571 0.613020
vt 0.113888 0.584550
vt 0.103952 0.616330
vt 0.101749 0.615054
vt 0.102482 0.611562
vt 0.099612 0.612184
vt 0.098498 0.615753
vt 0.093671 0.610375
vt 0.095565 0.599337
vt 0.087455 0.597612
vt 0.082356 0.608667
vt 0.074829 0.595919
vt 0.065355 0.609039
vt 0.059426 0.597421
vt 0.050811 0.612231
vt 0.044153 0.601897
vt 0.037799 0.617753
vt 0.031204 0.607625
vt 0.250181 0.611046
vt 0.266943 0.610805
vt 0.614332 0.603811
vt 0.597775 0.608278
vt 0.602554 0.597412
vt 0.233462 0.611774
vt 0.585908 0.604342
vt 0.589004 0.592265
vt 0.607065 0.581892
vt 0.571828 0.601323
vt 0.573370 0.588995
vt 0.592066 0.576728
vt 0.557942 0.600217
vt 0.557579 0.588231
vt 0.546177 0.602486
vt 0.543282 0.589146
vt 0.534359 0.603841
vt 0.529682 0.591212
vt 0.527391 0.575711
vt 0.522405 0.605246
vt 0.517759 0.592921
vt 0.514314 0.607394
vt 0.509305 0.595510
vt 0.504078 0.582490
vt 0.514709 0.578595
vt 0.499378 0.600821
vt 0.493560 0.587855
vt 0.431698 0.844869
vt 0.426138 0.829495
vt 0.436800 0.833531
vt 0.441913 0.820193
vt 0.421216 0.841158
vt 0.414926 0.826432
vt 0.429785 0.815050
vt 0.400210 0.836890
vt 0.400851 0.824455
vt 0.416075 0.811276
vt 0.383564 0.824142
vt 0.383449 0.836357
vt 0.367511 0.825716
vt 0.368848 0.837834
vt 0.348440 0.814291
vt 0.354190 0.840892
vt 0.369664 0.845738
vt 0.356167 0.849037
vt 0.341751 0.845958
vt 0.898252 0.497952
vt 0.902331 0.512132
vt 0.893309 0.501930
vt 0.436416 0.630999
vt 0.428090 0.621458
vt 0.441019 0.625369
vt 0.424760 0.627551
vt 0.414186 0.619421
vt 0.411725 0.625701
vt 0.399357 0.618940
vt 0.398045 0.625455
vt 0.385493 0.619494
vt 0.842909 0.488838
vt 0.830383 0.485448
vt 0.843979 0.482027
vt 0.372284 0.621451
vt 0.126500 0.628452
vt 0.136749 0.623000
vt 0.803769 0.506376
vt 0.814910 0.503865
vt 0.802268 0.513363
vt 0.799288 0.511528
vt 0.114508 0.621828
vt 0.105236 0.619394
vt 0.106400 0.617254
vt 0.108998 0.618494
vt 0.103469 0.618564
vt 0.101194 0.617460
vt 0.100373 0.622744
vt 0.095346 0.618938
vt 0.089886 0.615589
vt 0.075820 0.621368
vt 0.071559 0.616247
vt 0.058594 0.624439
vt 0.055221 0.619075
vt 0.045564 0.628452
vt 0.042140 0.623602
vt 0.169898 0.462163
vt 0.174247 0.476022
vt 0.169402 0.477188
vt 0.595744 0.615276
vt 0.609760 0.615169
vt 0.606336 0.621595
vt 0.582717 0.616847
vt 0.584138 0.611206
vt 0.175078 0.610399
vt 0.169373 0.596244
vt 0.175885 0.596085
vt 0.570328 0.614901
vt 0.570990 0.609002
vt 0.558450 0.608813
vt 0.548891 0.615372
vt 0.547915 0.609961
vt 0.538646 0.616564
vt 0.537402 0.611245
vt 0.528903 0.618686
vt 0.526152 0.613090
vt 0.520689 0.621595
vt 0.517593 0.615800
vt 0.892022 0.583818
vt 0.903716 0.580524
vt 0.895463 0.588328
vt 0.508819 0.619991
vt 0.423405 0.857883
vt 0.418191 0.848981
vt 0.427290 0.852653
vt 0.415491 0.854567
vt 0.409299 0.846544
vt 0.412038 0.838781
vt 0.407136 0.852300
vt 0.398711 0.844494
vt 0.397124 0.850371
vt 0.383398 0.844175
vt 0.383853 0.850026
vt 0.908278 0.524061
vt 0.905377 0.537912
vt 0.901915 0.525962
vt 0.370604 0.852195
vt 0.896244 0.515518
vt 0.894636 0.528299
vt 0.889253 0.519625
vt 0.888031 0.506764
vt 0.881863 0.512675
vt 0.877973 0.500287
vt 0.882319 0.494310
vt 0.872735 0.507645
vt 0.866462 0.496331
vt 0.869697 0.489347
vt 0.862262 0.505372
vt 0.854493 0.495381
vt 0.856111 0.487711
vt 0.852572 0.505977
vt 0.842847 0.497360
vt 0.832056 0.502137
vt 0.830359 0.493199
vt 0.826764 0.520005
vt 0.816672 0.515550
vt 0.818538 0.534973
vt 0.808828 0.536332
vt 0.800948 0.520382
vt 0.801692 0.540057
vt 0.810743 0.555385
vt 0.805679 0.559061
vt 0.797318 0.544712
vt 0.080862 0.626012
vt 0.816587 0.567778
vt 0.812010 0.572332
vt 0.801254 0.562290
vt 0.824900 0.576825
vt 0.821205 0.581858
vt 0.808475 0.575894
vt 0.834722 0.582903
vt 0.832314 0.588659
vt 0.818470 0.586134
vt 0.844859 0.585911
vt 0.843802 0.592214
vt 0.830529 0.593455
vt 0.854587 0.592303
vt 0.855055 0.597118
vt 0.843196 0.597118
vt 0.854357 0.586266
vt 0.863824 0.591077
vt 0.864618 0.596259
vt 0.862931 0.585004
vt 0.872826 0.588556
vt 0.874706 0.593663
vt 0.870717 0.582481
vt 0.881080 0.584344
vt 0.884159 0.589137
vt 0.877632 0.578667
vt 0.888300 0.579102
vt 0.894234 0.573089
vt 0.892785 0.562767
vt 0.899012 0.566142
vt 0.899189 0.576842
vt 0.896002 0.555923
vt 0.902920 0.558325
vt 0.904141 0.568890
vt 0.897982 0.547862
vt 0.905546 0.548991
vt 0.911958 0.550541
vt 0.908475 0.560545
vt 0.911866 0.537265
vt 0.897743 0.538412
vt 0.887753 0.546722
vt 0.887512 0.539297
vt 0.884542 0.531860
vt 0.879636 0.525695
vt 0.869344 0.532554
vt 0.873234 0.520979
vt 0.864039 0.529800
vt 0.865408 0.518576
vt 0.857500 0.528840
vt 0.856331 0.519332
vt 0.850144 0.528741
vt 0.840830 0.526721
vt 0.844445 0.535756
vt 0.833106 0.535314
vt 0.841587 0.543002
vt 0.830065 0.546160
vt 0.817962 0.550999
vt 0.822308 0.562568
vt 0.829425 0.570854
vt 0.837816 0.575875
vt 0.846283 0.578315
vt 0.849051 0.567368
vt 0.854357 0.578391
vt 0.855258 0.567257
vt 0.861701 0.576871
vt 0.861070 0.565831
vt 0.867970 0.573925
vt 0.866548 0.563569
vt 0.872985 0.569819
vt 0.861746 0.557497
vt 0.867266 0.556809
vt 0.873628 0.556298
vt 0.868421 0.551317
vt 0.875371 0.551455
vt 0.883240 0.558293
vt 0.886013 0.553172
vt 0.862613 0.551027
vt 0.859351 0.544473
vt 0.857861 0.550459
vt 0.856664 0.557531
vt 0.853265 0.549635
vt 0.852002 0.556910
vt 0.854786 0.543441
vt 0.849092 0.542674
vt 0.852010 0.536251
vt 0.862416 0.538652
vt 0.857867 0.537169
vt 0.815500 0.495266
vt 0.107187 0.583394
vt 0.771915 0.523594
vt 0.936802 0.021668
vt 0.309652 0.651773
vt 0.310250 0.675203
vt 0.049023 0.913568
vt 0.468082 0.884423
vt 0.455270 0.906096
vt 0.458250 0.307273
vt 0.435920 0.318584
vt 0.475473 0.859534
vt 0.482723 0.844151
vt 0.486580 0.851654
vt 0.497010 0.837490
vt 0.479405 0.864469
vt 0.907819 0.799783
vt 0.923147 0.804597
vt 0.920473 0.808494
vt 0.483310 0.868711
vt 0.893531 0.793676
vt 0.909595 0.795421
vt 0.068883 0.323796
vt 0.086049 0.312388
vt 0.086474 0.323916
vt 0.104740 0.312700
vt 0.104133 0.324245
vt 0.105080 0.297050
vt 0.123980 0.297548
vt 0.122682 0.313120
vt 0.510710 0.820899
vt 0.493672 0.825901
vt 0.125251 0.281220
vt 0.508735 0.806524
vt 0.527003 0.788425
vt 0.528046 0.803419
vt 0.145009 0.265288
vt 0.143729 0.281862
vt 0.547426 0.772802
vt 0.548088 0.787668
vt 0.525865 0.773869
vt 0.546258 0.757862
vt 0.569047 0.759175
vt 0.569584 0.774471
vt 0.567942 0.744376
vt 0.344810 0.244654
vt 0.366430 0.242847
vt 0.348322 0.261596
vt 0.054550 0.330544
vt 0.070210 0.330544
vt 0.304758 0.916572
vt 0.292982 0.922887
vt 0.292759 0.916865
vt 0.305009 0.911148
vt 0.195705 0.918235
vt 0.280202 0.922979
vt 0.279615 0.916658
vt 0.292700 0.911453
vt 0.952479 0.840884
vt 0.951967 0.854579
vt 0.945898 0.852546
vt 0.362423 0.870944
vt 0.375434 0.862722
vt 0.375741 0.867910
vt 0.254758 0.692874
vt 0.262156 0.705694
vt 0.256496 0.706126
vt 0.259670 0.719851
vt 0.254758 0.719751
vt 0.172130 0.947454
vt 0.172841 0.931018
vt 0.174122 0.914823
vt 0.583345 0.873172
vt 0.584953 0.890483
vt 0.578952 0.889881
vt 0.577495 0.872473
vt 0.166452 0.948427
vt 0.573041 0.889468
vt 0.577001 0.907282
vt 0.570993 0.907073
vt 0.571227 0.871882
vt 0.564368 0.906712
vt 0.570906 0.924312
vt 0.564150 0.924057
vt 0.583043 0.907410
vt 0.589283 0.923507
vt 0.588965 0.907430
vt 0.346824 0.874043
vt 0.341465 0.889350
vt 0.336337 0.885971
vt 0.590594 0.891483
vt 0.589143 0.874402
vt 0.594156 0.876653
vt 0.360347 0.865634
vt 0.350677 0.878508
vt 0.939104 0.880378
vt 0.945830 0.893540
vt 0.939104 0.894108
vt 0.335011 0.902435
vt 0.941415 0.866230
vt 0.945805 0.880733
vt 0.947842 0.867460
vt 0.952326 0.881700
vt 0.954026 0.868793
vt 0.957937 0.856223
vt 0.960537 0.870152
vt 0.267715 0.922487
vt 0.268399 0.929642
vt 0.280772 0.930232
vt 0.269075 0.938658
vt 0.293482 0.930711
vt 0.281407 0.938798
vt 0.971940 0.859169
vt 0.976856 0.873010
vt 0.968554 0.871668
vt 0.964267 0.857695
vt 0.269701 0.948301
vt 0.975799 0.885814
vt 0.967216 0.884317
vt 0.743558 0.879506
vt 0.736351 0.877499
vt 0.959050 0.882872
vt 0.982607 0.887033
vt 0.259221 0.957280
vt 0.258978 0.948848
vt 0.270051 0.956332
vt 0.259061 0.964266
vt 0.781562 0.873737
vt 0.784735 0.883795
vt 0.774672 0.873737
vt 0.258453 0.970533
vt 0.729824 0.875171
vt 0.305020 0.922997
vt 0.648579 0.824024
vt 0.284034 0.806874
vt 0.292256 0.806662
vt 0.259459 0.824567
vt 0.975806 0.235724
vt 0.635052 0.702626
vt 0.644193 0.694415
vt 0.639694 0.706049
vt 0.839266 0.815979
vt 0.341362 0.227913
vt 0.798694 0.515283
vt 0.253296 0.721060
vt 0.413017 0.988197
vt 0.479177 0.132147
vt 0.211387 0.900173
vt 0.802947 0.025352
vt 0.175265 0.490490
vt 0.057168 0.908325
vt 0.770115 0.298935
vt 0.769401 0.315528
vt 0.401901 0.082692
vt 0.578182 0.677538
vt 0.165406 0.199993
vt 0.634658 0.320230
vt 0.940604 0.480818
vt 0.928229 0.476825
vt 0.913599 0.474203
vt 0.818242 0.814026
vt 0.530902 0.623579
vt 0.768867 0.284068
vt 0.121332 0.881782
vt 0.118219 0.888687
vt 0.174354 0.489281
vt 0.443122 0.841425
vt 0.177095 0.613374
vt 0.227462 0.939074
vt 0.469125 0.856294
vt 0.590865 0.733921
vt 0.518382 0.717413
vt 0.859326 0.779705
vt 0.843108 0.788415
vt 0.829117 0.799903
vt 0.827674 0.824358
vt 0.795906 0.906882
vt 0.890132 0.416861
vt 0.665119 0.326273
vt 0.171780 0.885701
vt 0.629511 0.838343
vt 0.269907 0.968862
vt 0.316898 0.939636
vt 0.083286 0.884291
vt 0.060431 0.934028
vt 0.175331 0.915572
vt 0.175621 0.903067
vt 0.192771 0.881782
vt 0.175401 0.440851
vt 0.433044 0.196572
vt 0.533837 0.879201
vt 0.917615 0.326923
vt 0.932380 0.298930
vt 0.175401 0.380650
vt 0.906225 0.317311
vt 0.921883 0.295517
vt 0.408432 0.975501
vt 0.624513 0.892191
vt 0.171084 0.442638
vt 0.598394 0.900576
vt 0.984825 0.804538
vt 0.076179 0.959453
vt 0.189319 0.949017
vt 0.179575 0.932880
vt 0.533517 0.891113
vt 0.440585 0.936045
vt 0.950686 0.839675
vt 0.950722 0.779705
vt 0.958330 0.533370
vt 0.938091 0.287506
vt 0.466960 0.761859
vt 0.439761 0.886278
vt 0.439325 0.924132
vt 0.923696 0.531156
vt 0.932774 0.514133
vt 0.443122 0.732134
vt 0.711345 0.874666
vt 0.448956 0.862552
vt 0.718295 0.954707
vt 0.774712 0.939137
vt 0.314962 0.822301
vt 0.321920 0.838996
vt 0.917247 0.482027
vt 0.610152 0.884977
vt 0.171810 0.900625
vt 0.651236 0.809950
vt 0.390289 0.859093
vt 0.892889 0.003586
vt 0.830618 0.025155
vt 0.481445 0.197079
vt 0.897252 0.937943
vt 0.786889 0.154161
vt 0.902539 0.165884
vt 0.220880 0.320111
vt 0.649158 0.326790
vt 0.834181 0.208694
vt 0.166616 0.196067
vt 0.377959 0.320521
vt 0.599581 0.842943
vt 0.608943 0.858967
vt 0.397098 0.327067
vt 0.897205 0.144647
vt 0.869589 0.328277
vt 0.493735 0.200280
vt 0.662589 0.281719
vt 0.342448 0.001987
vt 0.457904 0.000605
vt 0.475456 0.004125
vt 0.883882 0.199379
vt 0.904090 0.205477
vt 0.183844 0.276862
vt 0.894507 0.109021
vt 0.322673 0.183624
vt 0.117009 0.956635
vt 0.913168 0.562797
vt 0.088943 0.881783
vt 0.490659 0.151909
vt 0.287272 0.789325
vt 0.939104 0.895318
vt 0.055551 0.000605
vt 0.166773 0.350594
vt 0.000605 0.350654
vt 0.610152 0.624533
vt 0.000605 0.959770
vt 0.647949 0.002247
vt 0.706671 0.000605
vt 0.508588 0.340573
vt 0.471971 0.349729
vt 0.294901 0.805453
vt 0.321266 0.005309
vt 0.605488 0.000605
vt 0.793078 0.604335
vt 0.528011 0.347426
vt 0.927744 0.149669
vt 0.291959 0.615129
vt 0.934465 0.001315
vt 0.759812 0.330541
vt 0.425917 0.352174
vt 0.362571 0.374543
vt 0.782248 0.048651
vt 0.322673 0.407111
vt 0.054548 0.403646
vt 0.905911 0.042037
vt 0.360328 0.446511
vt 0.178415 0.475069
vt 0.652531 0.474970
vt 0.439534 0.460359
vt 0.308280 0.506306
vt 0.364430 0.675349
vt 0.651698 0.191362
vt 0.043417 0.494318
vt 0.507683 0.518160
vt 0.676656 0.797287
vt 0.701952 0.841230
vt 0.682750 0.827417
vt 0.345117 0.769094
vt 0.326491 0.759374
vt 0.355571 0.571630
vt 0.669884 0.267011
vt 0.282725 0.596688
vt 0.514126 0.563884
vt 0.721818 0.870649
vt 0.349080 0.620343
vt 0.696243 0.279767
vt 0.036529 0.587445
vt 0.504613 0.612095
vt 0.344672 0.854055
vt 0.907603 0.509411
vt 0.385014 0.626172
vt 0.358399 0.626365
vt 0.174247 0.461713
vt 0.594245 0.620825
vt 0.169373 0.611774
vt 0.558496 0.614540
vt 0.358637 0.855496
vt 0.469125 0.908340
vt 0.470943 0.852597
vt 0.506975 0.791745
vt 0.278935 0.911148
vt 0.958010 0.843343
vt 0.260139 0.692107
vt 0.556350 0.923494
vt 0.266791 0.916186
vt 0.979912 0.860356
vt 0.983541 0.873941
vt 0.787769 0.873033
vt 0.337846 0.211778
s 1
usemtl tripo_mat_a8b6dceb-8722-4b96-b0ed-70b8bbf37a77
f 19/1/1 21/2/2 1/3/3
f 24/4/4 1/3/3 23/5/5
f 21/2/2 23/5/5 1/3/3
f 2/6/6 26/7/7 27/8/8
f 2/6/6 29/9/9 25/10/10
f 2/6/6 30/11/11 28/12/12
f 3/13/13 32/14/14 33/15/15
f 3/16/13 4/17/16 35/18/17
f 35/19/17 31/20/18 3/13/13
f 4/21/16 6/22/19 38/23/20
f 34/24/21 40/25/22 4/26/16
f 40/25/22 37/27/23 4/26/16
f 5/28/24 24/29/4 23/30/5
f 45/31/25 5/28/24 44/32/26
f 5/33/24 43/34/27 44/35/26
f 46/36/28 48/37/29 6/38/19
f 48/39/29 38/40/20 6/41/19
f 7/42/30 51/43/31 52/44/32
f 7/42/30 53/45/33 54/46/34
f 7/42/30 55/47/35 50/48/36
f 8/49/37 57/50/38 58/51/39
f 8/49/37 59/52/40 60/53/41
f 62/54/42 64/55/43 61/56/44
f 9/57/45 66/58/46 67/59/47
f 9/57/45 69/60/48 65/61/49
f 9/57/45 70/62/50 68/63/51
f 10/64/52 72/65/53 73/66/54
f 10/64/52 75/67/55 71/68/56
f 10/64/52 76/69/57 74/70/58
f 77/71/59 79/72/60 80/73/61
f 82/74/62 84/75/63 81/76/64
f 11/77/65 86/78/66 87/79/67
f 11/77/65 88/80/68 89/81/69
f 11/77/65 90/82/70 85/83/71
f 12/84/72 92/85/73 93/86/74
f 12/84/72 94/87/75 95/88/76
f 12/84/72 96/89/77 91/90/78
f 13/91/79 98/92/80 99/93/81
f 100/94/82 97/95/83 13/91/79
f 102/96/84 104/97/85 13/91/79
f 13/91/79 105/98/86 100/94/82
f 99/93/81 102/96/84 13/91/79
f 14/99/87 108/100/88 109/101/89
f 14/102/87 111/103/90 107/104/91
f 14/99/87 112/105/92 110/106/93
f 15/107/94 114/108/95 115/109/96
f 118/110/97 15/107/94 117/111/98
f 115/112/96 117/113/98 15/114/94
f 16/115/99 120/116/100 121/117/101
f 16/115/99 123/118/102 124/119/103
f 124/119/103 119/120/104 16/115/99
f 17/121/105 124/122/103 123/123/102
f 127/124/106 126/125/107 17/121/105
f 17/121/105 130/126/108 127/124/106
f 18/127/109 132/128/110 133/129/111
f 135/130/112 131/131/113 18/127/109
f 18/127/109 134/132/114 135/130/112
f 136/133/115 137/134/116 138/135/117
f 138/136/117 140/137/118 136/138/115
f 136/138/115 141/139/119 131/140/113
f 140/137/118 143/141/120 141/139/119
f 141/139/119 144/142/121 145/143/122
f 145/143/122 131/140/113 141/139/119
f 145/144/122 146/145/123 147/146/124
f 145/143/122 148/147/125 132/148/110
f 148/149/125 133/129/111 132/128/110
f 147/150/124 117/113/98 148/149/125
f 117/113/98 149/151/126 148/149/125
f 150/152/127 152/153/128 149/151/126
f 150/152/127 116/154/129 153/155/130
f 153/155/130 151/156/131 150/152/127
f 155/157/132 151/156/131 154/158/133
f 154/158/133 157/159/134 158/160/135
f 154/158/133 159/161/136 155/157/132
f 160/162/137 155/163/132 159/164/136
f 158/160/135 163/165/138 159/161/136
f 159/164/136 164/166/139 160/162/137
f 165/167/140 160/162/137 164/166/139
f 163/165/138 168/168/141 164/169/139
f 164/166/139 169/170/142 165/167/140
f 170/171/143 165/172/140 169/173/142
f 168/174/141 173/175/144 169/170/142
f 169/173/142 174/176/145 170/171/143
f 175/177/146 170/171/143 174/176/145
f 173/178/144 178/179/147 174/176/145
f 174/176/145 179/180/148 175/177/146
f 180/181/149 175/177/146 179/180/148
f 178/179/147 183/182/150 179/180/148
f 179/180/148 184/183/151 180/181/149
f 185/184/152 180/181/149 184/183/151
f 183/182/150 188/185/153 184/183/151
f 184/183/151 189/186/154 185/184/152
f 190/187/155 185/184/152 189/186/154
f 188/185/153 193/188/156 189/186/154
f 189/186/154 194/189/157 190/187/155
f 195/190/158 190/187/155 194/189/157
f 193/188/156 198/191/159 194/189/157
f 194/189/157 199/192/160 195/190/158
f 200/193/161 195/190/158 199/192/160
f 198/191/159 203/194/162 199/192/160
f 199/192/160 204/195/163 200/193/161
f 205/196/164 200/193/161 204/195/163
f 203/194/162 208/197/165 204/195/163
f 204/195/163 209/198/166 205/196/164
f 210/199/167 205/200/164 209/201/166
f 208/197/165 213/202/168 209/198/166
f 209/201/166 214/203/169 210/199/167
f 215/204/170 210/199/167 214/203/169
f 213/205/168 218/206/171 214/203/169
f 214/203/169 219/207/172 215/204/170
f 220/208/173 215/204/170 219/207/172
f 218/209/171 223/210/174 219/211/172
f 219/211/172 224/212/175 220/213/173
f 225/214/176 220/213/173 224/212/175
f 223/210/174 228/215/177 224/212/175
f 224/212/175 229/216/178 225/214/176
f 229/216/178 231/217/179 225/214/176
f 228/215/177 233/218/180 229/216/178
f 233/218/180 230/219/181 229/216/178
f 234/220/182 236/221/183 230/219/181
f 234/222/182 237/223/184 238/224/185
f 238/224/185 235/225/186 234/222/182
f 239/226/187 241/227/188 235/225/186
f 239/226/187 242/228/189 243/229/190
f 243/229/190 240/230/191 239/226/187
f 244/231/192 246/232/193 240/230/191
f 244/233/192 247/234/194 248/235/195
f 248/235/195 245/236/196 244/233/192
f 249/237/197 251/238/198 245/236/196
f 249/237/197 252/239/199 253/240/200
f 253/241/200 250/242/201 249/243/197
f 254/244/202 256/245/203 250/242/201
f 254/244/202 257/246/204 258/247/205
f 258/247/205 255/248/206 254/244/202
f 259/249/207 70/62/50 255/248/206
f 259/249/207 260/250/208 261/251/209
f 261/251/209 68/63/51 259/249/207
f 261/251/209 262/252/210 263/253/211
f 263/253/211 69/60/48 261/251/209
f 265/254/212 267/255/213 264/256/214
f 264/256/214 65/61/49 69/60/48
f 264/256/214 268/257/215 265/254/212
f 269/258/216 265/254/212 268/257/215
f 263/253/211 271/259/217 268/257/215
f 268/257/215 272/260/218 269/258/216
f 272/260/218 274/261/219 269/258/216
f 272/260/218 275/262/220 276/263/221
f 276/263/221 273/264/222 272/260/218
f 277/265/223 279/266/224 273/264/222
f 277/265/223 280/267/225 281/268/226
f 281/268/226 278/269/227 277/265/223
f 283/270/228 278/269/227 282/271/229
f 281/268/226 286/272/230 282/271/229
f 282/271/229 287/273/231 283/270/228
f 76/69/57 283/270/228 287/273/231
f 286/272/230 290/274/232 287/273/231
f 287/273/231 74/70/58 76/69/57
f 289/275/233 292/276/234 290/274/232
f 290/274/232 75/67/55 74/70/58
f 291/277/235 294/278/236 292/279/234
f 292/279/234 295/280/237 75/281/55
f 294/278/236 297/282/238 295/280/237
f 295/280/237 298/283/239 299/284/240
f 299/285/240 75/67/55 295/286/237
f 299/284/240 300/287/241 301/288/242
f 301/289/242 71/68/56 299/285/240
f 301/288/242 302/290/243 303/291/244
f 303/292/244 72/65/53 301/289/242
f 304/293/245 305/294/246 306/295/247
f 304/293/245 307/296/248 308/297/249
f 308/297/249 72/65/53 304/293/245
f 308/297/249 309/298/250 288/299/251
f 288/299/251 73/66/54 308/297/249
f 309/298/250 310/300/252 311/301/253
f 311/301/253 284/302/254 309/298/250
f 284/302/254 288/299/251 309/298/250
f 312/303/255 313/304/256 314/305/257
f 314/305/257 279/266/224 312/303/255
f 312/303/255 278/269/227 284/302/254
f 315/306/258 316/307/259 317/308/260
f 317/308/260 274/261/219 315/306/258
f 315/306/258 273/264/222 279/266/224
f 318/309/261 319/310/262 320/311/263
f 320/311/263 270/312/264 318/309/261
f 318/309/261 269/258/216 274/261/219
f 321/313/265 322/314/266 323/315/267
f 321/313/265 324/316/268 266/317/269
f 266/317/269 270/312/264 321/313/265
f 324/316/268 325/318/270 326/319/271
f 326/319/271 328/320/272 324/316/268
f 328/320/272 266/317/269 324/316/268
f 327/321/273 66/58/46 328/320/272
f 66/58/46 267/255/213 328/320/272
f 329/322/274 330/323/275 331/324/276
f 331/324/276 333/325/277 329/322/274
f 329/322/274 67/59/47 66/58/46
f 332/326/278 335/327/279 333/325/277
f 333/325/277 70/62/50 67/59/47
f 334/328/280 256/245/203 335/327/279
f 335/327/279 255/248/206 70/62/50
f 336/329/281 337/330/282 338/331/283
f 338/331/283 251/332/198 336/329/281
f 336/333/281 250/334/201 256/335/203
f 339/336/284 340/337/285 341/338/286
f 341/338/286 246/232/193 339/336/284
f 339/336/284 245/339/196 251/332/198
f 342/340/287 343/341/288 344/342/289
f 344/342/289 241/343/188 342/340/287
f 342/344/287 240/230/191 246/232/193
f 345/345/290 346/346/291 347/347/292
f 347/347/292 236/221/183 345/345/290
f 345/345/290 235/348/186 241/343/188
f 348/349/293 349/350/294 350/351/295
f 350/351/295 231/217/179 348/349/293
f 348/349/293 230/219/181 236/221/183
f 351/352/296 352/353/297 353/354/298
f 351/352/296 354/355/299 226/356/300
f 226/356/300 231/217/179 351/352/296
f 353/357/298 356/358/301 354/359/299
f 354/359/299 357/360/302 221/361/303
f 221/361/303 226/362/300 354/359/299
f 356/358/301 359/363/304 357/360/302
f 357/360/302 360/364/305 216/365/306
f 216/365/306 221/361/303 357/360/302
f 359/363/304 362/366/307 360/364/305
f 360/364/305 363/367/308 211/368/309
f 211/368/309 216/365/306 360/364/305
f 362/366/307 365/369/310 363/367/308
f 363/367/308 366/370/311 206/371/312
f 206/371/312 211/368/309 363/367/308
f 365/369/310 368/372/313 366/370/311
f 366/373/311 369/374/314 201/375/315
f 201/375/315 206/376/312 366/373/311
f 368/377/313 371/378/316 369/374/314
f 369/374/314 372/379/317 196/380/318
f 196/380/318 201/375/315 369/374/314
f 371/378/316 374/381/319 372/379/317
f 372/379/317 375/382/320 191/383/321
f 191/383/321 196/380/318 372/379/317
f 374/381/319 377/384/322 375/382/320
f 375/382/320 378/385/323 186/386/324
f 186/386/324 191/383/321 375/382/320
f 377/384/322 380/387/325 378/385/323
f 378/385/323 381/388/326 181/389/327
f 181/389/327 186/386/324 378/385/323
f 380/387/325 383/390/328 381/388/326
f 381/388/326 384/391/329 176/392/330
f 176/392/330 181/389/327 381/388/326
f 383/390/328 386/393/331 384/391/329
f 384/391/329 387/394/332 171/395/333
f 171/395/333 176/392/330 384/391/329
f 386/393/331 389/396/334 387/394/332
f 387/394/332 390/397/335 166/398/336
f 166/398/336 171/395/333 387/394/332
f 389/396/334 392/399/337 390/397/335
f 390/400/335 393/401/338 161/402/339
f 161/402/339 166/403/336 390/400/335
f 392/404/337 395/405/340 393/401/338
f 393/406/338 396/407/341 156/408/342
f 156/409/342 161/402/339 393/401/338
f 395/410/340 398/411/343 396/407/341
f 396/412/341 399/413/344 152/153/128
f 152/153/128 156/414/342 396/412/341
f 398/415/343 401/416/345 399/413/344
f 399/413/344 134/132/114 133/129/111
f 399/413/344 149/151/126 152/153/128
f 400/417/346 403/418/347 401/416/345
f 401/416/345 404/419/348 134/132/114
f 403/418/347 406/420/349 404/419/348
f 404/419/348 407/421/350 408/422/351
f 408/422/351 134/132/114 404/419/348
f 408/422/351 409/423/352 410/424/353
f 410/424/353 135/130/112 408/422/351
f 410/424/353 411/425/354 412/426/355
f 412/426/355 137/134/116 410/424/353
f 412/426/355 415/427/356 413/428/357
f 413/428/357 416/429/358 417/430/359
f 413/428/357 138/135/117 137/134/116
f 417/431/359 418/432/360 419/433/361
f 417/434/359 139/435/362 138/136/117
f 419/436/361 420/437/363 421/438/364
f 419/436/361 422/439/365 139/440/362
f 421/438/364 424/441/366 422/439/365
f 422/439/365 425/442/367 142/443/368
f 142/443/368 139/440/362 422/439/365
f 424/441/366 427/444/369 425/442/367
f 425/442/367 428/445/370 429/446/371
f 429/446/371 142/443/368 425/442/367
f 429/447/371 430/448/372 431/449/373
f 431/450/373 143/451/120 429/452/371
f 431/453/373 432/454/374 433/455/375
f 433/455/375 144/456/121 431/453/373
f 433/457/375 434/458/376 435/459/377
f 435/459/377 146/460/123 433/457/375
f 436/461/378 437/462/379 438/463/380
f 438/463/380 118/110/97 436/461/378
f 118/110/97 146/460/123 436/461/378
f 438/463/380 439/464/381 440/465/382
f 440/465/382 113/466/383 438/463/380
f 440/465/382 441/467/384 442/468/385
f 442/468/385 114/108/95 440/465/382
f 443/469/386 444/470/387 445/471/388
f 445/472/388 447/473/389 443/474/386
f 443/475/386 115/109/96 114/108/95
f 447/476/389 448/477/390 449/478/391
f 449/478/391 115/112/96 447/476/389
f 450/479/392 116/154/129 115/112/96
f 450/479/392 452/480/393 453/481/394
f 453/481/394 451/482/395 450/479/392
f 454/483/396 157/159/134 451/482/395
f 454/483/396 122/484/397 16/115/99
f 454/483/396 121/117/101 455/485/398
f 162/486/399 157/159/134 455/485/398
f 455/485/398 456/487/400 162/486/399
f 167/488/401 162/486/399 456/487/400
f 121/117/101 457/489/402 456/487/400
f 456/487/400 458/490/403 167/488/401
f 172/491/404 167/488/401 458/490/403
f 457/489/402 101/492/405 458/490/403
f 458/490/403 459/493/406 172/491/404
f 177/494/407 172/495/404 459/496/406
f 101/497/405 460/498/408 459/496/406
f 459/496/406 461/499/409 177/494/407
f 182/500/410 177/494/407 461/499/409
f 460/498/408 463/501/411 461/499/409
f 461/499/409 464/502/412 182/500/410
f 187/503/413 182/504/410 464/505/412
f 463/501/411 466/506/414 464/502/412
f 464/505/412 467/507/415 187/503/413
f 192/508/416 187/503/413 467/507/415
f 466/509/414 469/510/417 467/507/415
f 467/507/415 470/511/418 192/508/416
f 197/512/419 192/508/416 470/511/418
f 469/510/417 472/513/420 470/511/418
f 470/511/418 473/514/421 197/512/419
f 202/515/422 197/512/419 473/514/421
f 472/513/420 475/516/423 473/514/421
f 473/514/421 476/517/424 202/515/422
f 207/518/425 202/515/422 476/517/424
f 475/516/423 478/519/426 476/517/424
f 476/517/424 479/520/427 207/518/425
f 212/521/428 207/518/425 479/520/427
f 478/519/426 481/522/429 479/520/427
f 479/520/427 482/523/430 212/521/428
f 217/524/431 212/521/428 482/523/430
f 481/522/429 484/525/432 482/523/430
f 482/526/430 485/527/433 217/528/431
f 222/529/434 217/528/431 485/527/433
f 484/530/432 487/531/435 485/527/433
f 485/527/433 488/532/436 222/529/434
f 227/533/437 222/529/434 488/532/436
f 487/531/435 490/534/438 488/532/436
f 488/532/436 491/535/439 227/533/437
f 232/536/440 227/533/437 491/535/439
f 490/534/438 493/537/441 491/535/439
f 491/535/439 494/538/442 232/536/440
f 237/223/184 232/536/440 494/538/442
f 493/537/441 496/539/443 494/538/442
f 494/538/442 497/540/444 237/223/184
f 497/540/444 238/224/185 237/223/184
f 496/541/443 499/542/445 497/543/444
f 499/544/445 242/545/189 497/546/444
f 500/547/446 243/548/190 242/545/189
f 500/549/446 501/550/447 502/551/448
f 502/551/448 247/552/194 500/549/446
f 503/553/449 248/554/195 247/552/194
f 503/553/449 504/555/450 505/556/451
f 505/556/451 252/557/199 503/553/449
f 506/558/452 253/241/200 252/557/199
f 506/558/452 61/56/44 64/55/43
f 64/55/43 257/246/204 506/558/452
f 507/559/453 258/247/205 257/246/204
f 64/55/43 508/560/454 507/559/453
f 507/559/453 262/252/210 260/250/208
f 508/560/454 271/259/217 262/252/210
f 63/561/455 275/262/220 508/560/454
f 509/562/456 276/263/221 275/262/220
f 509/562/456 62/54/42 510/563/457
f 510/563/457 280/267/225 509/562/456
f 511/564/458 512/565/459 513/566/460
f 511/564/458 514/567/461 285/568/462
f 511/564/458 281/268/226 280/267/225
f 513/566/460 516/569/463 514/567/461
f 514/567/461 291/570/235 289/275/233
f 289/275/233 285/568/462 514/567/461
f 515/571/464 517/572/465 516/569/463
f 516/573/463 293/574/466 291/277/235
f 498/575/467 495/576/468 517/577/465
f 517/577/465 518/578/469 293/574/466
f 495/579/468 492/580/470 518/581/469
f 518/581/469 519/582/471 296/583/472
f 296/584/472 293/574/466 518/578/469
f 492/580/470 489/585/473 519/582/471
f 519/582/471 520/586/474 521/587/475
f 521/587/475 296/583/472 519/582/471
f 521/587/475 522/588/476 523/589/477
f 523/589/477 297/590/238 521/587/475
f 523/589/477 524/591/478 525/592/479
f 525/592/479 298/593/239 523/589/477
f 525/592/479 526/594/480 527/595/481
f 527/595/481 300/596/241 525/592/479
f 527/595/481 528/597/482 529/598/483
f 529/598/483 302/599/243 527/595/481
f 530/600/484 531/601/485 532/602/486
f 532/603/486 305/604/246 530/605/484
f 530/600/484 303/292/244 302/599/243
f 533/606/487 534/607/488 535/608/489
f 535/609/489 537/610/490 533/611/487
f 533/611/487 306/295/247 305/294/246
f 536/612/491 310/300/252 537/610/490
f 537/610/490 307/296/248 306/295/247
f 538/613/492 92/85/73 91/90/78
f 91/90/78 313/304/256 538/613/492
f 538/613/492 311/301/253 310/300/252
f 536/612/491 539/614/493 92/85/73
f 535/608/489 540/615/494 539/616/493
f 539/616/493 541/617/495 542/618/496
f 542/619/496 92/85/73 539/614/493
f 541/617/495 544/620/497 542/618/496
f 542/619/496 94/87/75 93/86/74
f 543/621/498 546/622/499 544/620/497
f 544/623/497 547/624/500 94/87/75
f 546/625/499 549/626/501 547/624/500
f 547/624/500 319/310/262 550/627/502
f 550/627/502 94/87/75 547/624/500
f 550/627/502 317/308/260 316/307/259
f 316/307/259 95/88/76 550/627/502
f 548/628/503 322/314/266 549/626/501
f 549/626/501 320/311/263 319/310/262
f 551/629/504 552/630/505 553/631/506
f 553/631/506 325/318/270 551/629/504
f 551/629/504 323/315/267 322/314/266
f 554/632/507 555/633/508 556/634/509
f 556/634/509 558/635/510 554/632/507
f 554/632/507 326/319/271 325/318/270
f 557/636/511 330/323/275 558/635/510
f 558/635/510 327/321/273 326/319/271
f 559/637/512 560/638/513 561/639/514
f 561/639/514 563/640/515 559/637/512
f 559/641/512 331/324/276 330/323/275
f 562/642/516 565/643/517 563/644/515
f 563/644/515 332/326/278 331/324/276
f 564/645/518 337/330/282 565/643/517
f 565/643/517 334/328/280 332/326/278
f 566/646/519 567/647/520 568/648/521
f 568/649/521 340/337/285 566/650/519
f 566/650/519 338/331/283 337/330/282
f 569/651/522 570/652/523 571/653/524
f 571/654/524 343/341/288 569/655/522
f 569/655/522 341/656/286 340/657/285
f 572/658/525 573/659/526 574/660/527
f 574/660/527 346/346/291 572/658/525
f 572/658/525 344/342/289 343/341/288
f 575/661/528 576/662/529 577/663/530
f 577/663/530 349/350/294 575/661/528
f 575/661/528 347/347/292 346/346/291
f 578/664/531 579/665/532 580/666/533
f 580/666/533 352/353/297 578/664/531
f 578/664/531 350/351/295 349/350/294
f 581/667/534 582/668/535 583/669/536
f 583/670/536 355/671/537 581/672/534
f 581/667/534 353/354/298 352/353/297
f 584/673/538 585/674/539 586/675/540
f 584/673/538 587/676/541 358/677/542
f 358/677/542 355/671/537 584/673/538
f 587/676/541 588/678/543 589/679/544
f 587/676/541 590/680/545 361/681/546
f 361/681/546 358/677/542 587/676/541
f 589/679/544 592/682/547 590/680/545
f 590/680/545 593/683/548 364/684/549
f 364/684/549 361/681/546 590/680/545
f 592/682/547 595/685/550 593/683/548
f 593/683/548 596/686/551 367/687/552
f 367/687/552 364/684/549 593/683/548
f 595/685/550 598/688/553 596/686/551
f 596/686/551 599/689/554 370/690/555
f 370/690/555 367/687/552 596/686/551
f 598/688/553 601/691/556 599/689/554
f 599/692/554 602/693/557 373/694/558
f 373/695/558 370/696/555 599/697/554
f 601/698/556 604/699/559 602/693/557
f 602/700/557 605/701/560 376/702/561
f 376/702/561 373/695/558 602/700/557
f 604/703/559 607/704/562 605/701/560
f 605/701/560 608/705/563 379/706/564
f 379/706/564 376/702/561 605/701/560
f 607/704/562 610/707/565 608/705/563
f 608/705/563 611/708/566 382/709/567
f 382/709/567 379/706/564 608/705/563
f 610/707/565 613/710/568 611/708/566
f 611/708/566 614/711/569 385/712/570
f 385/712/570 382/709/567 611/708/566
f 613/710/568 616/713/571 614/711/569
f 614/711/569 617/714/572 388/715/573
f 388/715/573 385/712/570 614/711/569
f 616/713/571 619/716/574 617/714/572
f 617/714/572 620/717/575 391/718/576
f 391/718/576 388/715/573 617/714/572
f 619/716/574 622/719/577 620/717/575
f 620/717/575 623/720/578 394/721/579
f 394/721/579 391/718/576 620/717/575
f 622/719/577 625/722/580 623/720/578
f 623/723/578 626/724/581 397/725/582
f 397/726/582 394/727/579 623/728/578
f 625/729/580 628/730/583 626/724/581
f 626/724/581 402/731/584 400/732/346
f 400/733/346 397/726/582 626/734/581
f 627/735/585 630/736/586 628/737/583
f 628/737/583 631/738/587 402/739/584
f 630/736/586 633/740/588 631/738/587
f 631/741/587 634/742/589 405/743/590
f 405/743/590 402/744/584 631/741/587
f 633/745/588 636/746/591 634/742/589
f 634/742/589 637/747/592 638/748/593
f 638/748/593 405/743/590 634/742/589
f 638/748/593 639/749/594 640/750/595
f 640/750/595 406/420/349 638/748/593
f 640/750/595 641/751/596 642/752/597
f 642/752/597 407/421/350 640/750/595
f 642/752/597 643/753/598 644/754/599
f 644/754/599 409/423/352 642/752/597
f 643/753/598 646/755/600 644/754/599
f 644/754/599 647/756/601 411/425/354
f 646/755/600 649/757/602 647/756/601
f 647/756/601 650/758/603 414/759/604
f 414/759/604 411/425/354 647/756/601
f 649/757/602 652/760/605 650/758/603
f 650/758/603 653/761/606 654/762/607
f 654/762/607 414/759/604 650/758/603
f 654/762/607 21/763/2 655/764/608
f 655/764/608 415/427/356 654/762/607
f 655/765/608 20/766/609 656/767/610
f 656/767/610 416/768/358 655/765/608
f 656/769/610 657/770/611 658/771/612
f 658/771/612 418/772/360 656/769/610
f 658/771/612 659/773/613 660/774/614
f 660/774/614 420/437/363 658/771/612
f 661/775/615 662/776/616 663/777/617
f 663/777/617 423/778/618 661/775/615
f 661/775/615 421/438/364 420/437/363
f 664/779/619 665/780/620 666/781/621
f 666/781/621 426/782/622 664/779/619
f 426/782/622 423/778/618 664/779/619
f 667/783/623 668/784/624 669/785/625
f 667/783/623 670/786/626 671/787/627
f 671/787/627 426/782/622 667/783/623
f 671/787/627 672/788/628 673/789/629
f 673/789/629 427/444/369 671/787/627
f 673/790/629 674/791/630 675/792/631
f 675/792/631 428/793/370 673/790/629
f 675/794/631 676/795/632 677/796/633
f 677/796/633 430/797/372 675/794/631
f 677/796/633 678/798/634 679/799/635
f 679/800/635 432/801/374 677/802/633
f 679/803/635 680/804/636 681/805/637
f 681/805/637 434/806/376 679/803/635
f 681/805/637 684/807/638 682/808/639
f 682/808/639 439/809/381 437/810/379
f 437/462/379 434/458/376 682/811/639
f 683/812/640 686/813/641 684/807/638
f 684/807/638 441/814/384 439/809/381
f 685/815/642 688/816/643 686/813/641
f 686/813/641 689/817/644 441/814/384
f 688/816/643 691/818/645 689/817/644
f 689/819/644 692/820/646 444/821/387
f 689/817/644 442/822/385 441/814/384
f 691/823/645 694/824/647 692/820/646
f 692/820/646 695/825/648 696/826/649
f 696/826/649 444/821/387 692/820/646
f 696/826/649 697/827/650 698/828/651
f 698/828/651 445/472/388 696/826/649
f 698/829/651 699/830/652 700/831/653
f 700/831/653 446/832/654 698/829/651
f 699/830/652 702/833/655 700/831/653
f 702/833/655 448/477/390 700/831/653
f 703/834/656 449/478/391 448/477/390
f 703/834/656 704/835/657 705/836/658
f 705/836/658 452/480/393 703/834/656
f 706/837/659 453/481/394 452/480/393
f 706/837/659 707/838/660 708/839/661
f 708/839/661 122/484/397 706/837/659
f 708/839/661 709/840/662 710/841/663
f 710/842/663 123/123/102 708/843/661
f 710/841/663 711/844/664 712/845/665
f 710/842/663 129/846/666 17/121/105
f 712/847/665 713/848/667 714/849/668
f 712/847/665 715/850/669 129/846/666
f 715/850/669 108/100/88 716/851/670
f 716/851/670 129/846/666 715/850/669
f 714/849/668 109/101/89 715/850/669
f 716/851/670 717/852/671 718/853/672
f 718/853/672 130/126/108 716/851/670
f 719/854/673 720/855/674 721/856/675
f 721/856/675 723/857/676 719/854/673
f 719/854/673 127/124/106 130/126/108
f 722/858/677 725/859/678 723/860/676
f 723/860/676 128/861/679 127/862/106
f 724/863/680 727/864/681 725/859/678
f 725/859/678 728/865/682 128/861/679
f 727/864/681 730/866/683 728/865/682
f 728/865/682 731/867/684 732/868/685
f 732/868/685 128/861/679 728/865/682
f 732/869/685 733/870/686 125/871/687
f 125/872/687 126/125/107 732/873/685
f 731/874/684 735/875/688 733/870/686
f 733/876/686 736/877/689 737/878/690
f 737/878/690 125/879/687 733/876/686
f 98/92/80 119/120/104 737/878/690
f 737/878/690 99/93/81 98/92/80
f 735/880/688 47/881/691 736/877/689
f 736/877/689 106/882/692 99/93/81
f 734/883/693 48/39/29 735/884/688
f 734/883/693 730/885/683 738/886/694
f 738/886/694 49/887/695 734/883/693
f 739/888/696 740/889/697 741/890/698
f 739/891/696 742/892/699 743/893/700
f 743/893/700 49/894/695 739/891/696
f 743/893/700 36/895/701 35/896/17
f 35/897/17 38/898/20 743/899/700
f 741/890/698 745/900/702 742/901/699
f 742/892/699 746/902/703 36/895/701
f 745/900/702 748/903/704 746/904/703
f 746/904/703 749/905/705 750/906/706
f 750/907/706 36/895/701 746/902/703
f 750/908/706 751/909/707 752/910/708
f 752/911/708 31/20/18 750/912/706
f 752/911/708 753/913/709 754/914/710
f 754/914/710 32/14/14 752/911/708
f 755/915/711 756/916/712 757/917/713
f 755/915/711 758/918/714 759/919/715
f 755/915/711 33/920/15 32/921/14
f 760/922/716 33/920/15 759/919/715
f 759/919/715 762/923/717 760/922/716
f 763/924/718 760/922/716 762/923/717
f 758/918/714 27/8/8 762/923/717
f 27/8/8 763/924/718 762/923/717
f 764/925/719 709/926/662 765/927/720
f 764/925/719 761/928/721 760/922/716
f 763/924/718 711/929/664 764/925/719
f 765/930/720 707/838/660 766/931/722
f 765/930/720 767/932/723 761/933/721
f 766/931/722 768/934/724 767/932/723
f 767/932/723 34/24/21 3/935/13
f 3/936/13 761/928/721 767/937/723
f 704/835/657 701/938/725 768/934/724
f 768/934/724 39/939/726 34/24/21
f 766/931/722 705/836/658 704/835/657
f 26/940/7 713/941/667 763/942/718
f 769/943/727 714/944/668 713/941/667
f 769/945/727 25/10/10 770/946/728
f 770/946/728 112/947/92 769/945/727
f 25/10/10 771/948/729 770/946/728
f 771/948/729 110/949/93 770/946/728
f 29/9/9 773/950/730 771/948/729
f 773/950/730 111/951/90 771/948/729
f 774/952/731 775/953/732 776/954/733
f 776/955/733 778/956/734 774/957/731
f 774/957/731 107/958/91 111/959/90
f 777/960/735 717/852/671 778/956/734
f 778/956/734 108/100/88 107/958/91
f 779/961/736 780/962/737 781/963/738
f 781/964/738 720/855/674 779/965/736
f 779/965/736 718/853/672 717/852/671
f 782/966/739 783/967/740 784/968/741
f 784/968/741 786/969/742 782/966/739
f 782/966/739 721/856/675 720/855/674
f 785/970/743 788/971/744 786/972/742
f 786/972/742 722/858/677 721/973/675
f 787/974/745 790/975/746 788/976/744
f 788/971/744 724/863/680 722/858/677
f 789/977/747 792/978/748 790/975/746
f 790/975/746 726/979/749 724/980/680
f 791/981/750 794/982/751 792/978/748
f 792/978/748 795/983/752 726/979/749
f 794/982/751 797/984/753 795/983/752
f 795/983/752 740/889/697 729/985/754
f 729/985/754 726/979/749 795/983/752
f 796/986/755 744/987/756 797/984/753
f 797/984/753 741/890/698 740/889/697
f 798/988/757 799/989/758 800/990/759
f 798/988/757 801/991/760 747/992/761
f 747/992/761 744/987/756 798/988/757
f 801/991/760 802/993/762 803/994/763
f 801/991/760 804/995/764 805/996/765
f 805/996/765 747/992/761 801/991/760
f 805/996/765 806/997/766 807/998/767
f 807/998/767 748/903/704 805/996/765
f 807/999/767 808/1000/768 809/1001/769
f 809/1002/769 749/1003/705 807/1004/767
f 809/1005/769 810/1006/770 811/1007/771
f 811/1007/771 751/1008/707 809/1005/769
f 811/1009/771 812/1010/772 813/1011/773
f 813/1011/773 753/1012/709 811/1009/771
f 814/1013/774 815/1014/775 816/1015/776
f 816/1015/776 756/1016/712 814/1013/774
f 814/1017/774 754/1018/710 753/1019/709
f 817/1020/777 818/1021/778 819/1022/779
f 819/1023/779 821/1024/780 817/1025/777
f 817/1025/777 757/917/713 756/916/712
f 821/1024/780 28/12/12 30/11/11
f 821/1024/780 758/918/714 757/917/713
f 820/1026/781 822/1027/782 772/1028/783
f 772/1028/783 28/12/12 820/1026/781
f 819/1022/779 823/1029/784 822/1030/782
f 823/1029/784 775/953/732 822/1030/782
f 775/953/732 772/1031/783 822/1030/782
f 824/1032/785 825/1033/786 826/1034/787
f 826/1034/787 828/1035/788 824/1032/785
f 824/1032/785 776/954/733 775/953/732
f 827/1036/789 780/962/737 828/1035/788
f 828/1035/788 777/1037/735 776/954/733
f 829/1038/790 830/1039/791 831/1040/792
f 831/1041/792 783/1042/740 829/1043/790
f 829/1038/790 781/963/738 780/962/737
f 831/1041/792 834/1044/793 832/1045/794
f 834/1044/793 836/1046/795 832/1045/794
f 832/1045/794 784/1047/741 783/1042/740
f 835/1048/796 838/1049/797 836/1050/795
f 836/1050/795 785/1051/743 784/1052/741
f 838/1053/797 839/1054/798 840/1055/799
f 838/1053/797 787/1056/745 785/1057/743
f 839/1054/798 842/1058/800 840/1055/799
f 840/1055/799 789/1059/747 787/1056/745
f 841/1060/801 844/1061/802 842/1058/800
f 842/1062/800 791/981/750 789/977/747
f 843/1063/803 846/1064/804 844/1065/802
f 844/1066/802 793/1067/805 791/981/750
f 845/1068/806 848/1069/807 846/1064/804
f 846/1070/804 799/989/758 793/1067/805
f 847/1071/808 802/1072/762 848/1069/807
f 848/1073/807 800/990/759 799/989/758
f 849/1074/809 850/1075/810 851/1076/811
f 851/1076/811 853/1077/812 849/1074/809
f 849/1074/809 803/1078/763 802/1072/762
f 852/1079/813 855/1080/814 853/1077/812
f 853/1077/812 804/1081/764 803/1078/763
f 854/1082/815 857/1083/816 855/1080/814
f 855/1080/814 806/1084/766 804/1081/764
f 856/1085/817 859/1086/818 857/1083/816
f 857/1083/816 808/1000/768 806/1084/766
f 858/1087/819 861/1088/820 859/1089/818
f 859/1089/818 810/1006/770 808/1090/768
f 860/1091/821 863/1092/822 861/1093/820
f 861/1093/820 812/1010/772 810/1094/770
f 862/1095/823 865/1096/824 863/1092/822
f 863/1092/822 866/1097/825 812/1010/772
f 865/1096/824 868/1098/826 866/1097/825
f 868/1099/826 815/1014/775 866/1100/825
f 866/1097/825 813/1011/773 812/1010/772
f 869/1101/827 870/1102/828 825/1033/786
f 825/1033/786 818/1021/778 869/1101/827
f 869/1101/827 816/1015/776 815/1014/775
f 870/1103/828 867/1104/829 871/1105/830
f 871/1106/830 873/1107/831 870/1108/828
f 870/1102/828 826/1034/787 825/1033/786
f 872/1109/832 830/1110/791 873/1107/831
f 873/1111/831 827/1036/789 826/1034/787
f 872/1109/832 876/1112/833 874/1113/834
f 874/1113/834 877/1114/835 833/1115/836
f 874/1113/834 831/1041/792 830/1110/791
f 876/1116/833 879/1117/837 877/1118/835
f 877/1114/835 880/1119/838 881/1120/839
f 881/1120/839 833/1115/836 877/1114/835
f 881/1120/839 882/1121/840 883/1122/841
f 883/1122/841 834/1044/793 881/1120/839
f 883/1123/841 884/1124/842 885/1125/843
f 885/1125/843 835/1048/796 883/1123/841
f 885/1126/843 886/1127/844 887/1128/845
f 887/1128/845 837/1129/846 885/1126/843
f 886/1130/844 889/1131/847 887/1132/845
f 887/1132/845 841/1133/801 839/1134/798
f 888/1135/848 891/1136/849 889/1131/847
f 889/1131/847 843/1137/803 841/1133/801
f 890/1138/850 893/1139/851 891/1136/849
f 891/1136/849 845/1140/806 843/1137/803
f 892/1141/852 850/1142/810 893/1139/851
f 893/1139/851 847/1143/808 845/1140/806
f 894/1144/853 895/1145/854 896/1146/855
f 896/1146/855 898/1147/856 894/1144/853
f 894/1144/853 851/1148/811 850/1142/810
f 897/1149/857 900/1150/858 898/1147/856
f 898/1147/856 852/1151/813 851/1148/811
f 899/1152/859 902/1153/860 900/1150/858
f 900/1150/858 854/1154/815 852/1151/813
f 901/1155/861 904/1156/862 902/1153/860
f 902/1157/860 856/1085/817 854/1082/815
f 903/1158/863 906/1159/864 904/1160/862
f 904/1160/862 858/1161/819 856/1085/817
f 905/1162/865 908/1163/866 906/1164/864
f 906/1164/864 860/1165/821 858/1087/819
f 907/1166/867 910/1167/868 908/1168/866
f 908/1168/866 862/1095/823 860/1091/821
f 909/1169/869 912/1170/870 910/1171/868
f 910/1171/868 864/1172/871 862/1173/823
f 911/1174/872 914/1175/873 912/1170/870
f 912/1170/870 915/1176/874 864/1172/871
f 914/1175/873 917/1177/875 915/1176/874
f 915/1176/874 871/1178/830 867/1179/829
f 867/1179/829 864/1172/871 915/1176/874
f 916/1180/876 875/1181/877 917/1177/875
f 917/1182/875 872/1109/832 871/1106/830
f 918/1183/878 919/1184/879 920/1185/880
f 918/1183/878 921/1186/881 878/1187/882
f 878/1187/882 875/1181/877 918/1183/878
f 921/1186/881 922/1188/883 923/1189/884
f 923/1189/884 925/1190/885 921/1186/881
f 925/1190/885 878/1187/882 921/1186/881
f 924/1191/886 927/1192/887 925/1190/885
f 927/1192/887 879/1117/837 925/1190/885
f 926/1193/888 929/1194/889 927/1195/887
f 929/1194/889 880/1119/838 927/1195/887
f 928/1196/890 931/1197/891 929/1198/889
f 931/1197/891 882/1199/840 929/1198/889
f 930/1200/892 933/1201/893 931/1202/891
f 931/1202/891 886/1130/844 884/1203/842
f 932/1204/894 935/1205/895 933/1201/893
f 933/1201/893 888/1135/848 886/1130/844
f 934/1206/896 937/1207/897 935/1205/895
f 935/1205/895 890/1138/850 888/1135/848
f 936/1208/898 895/1145/854 937/1207/897
f 937/1207/897 892/1141/852 890/1138/850
f 938/1209/899 939/1210/900 940/1211/901
f 940/1211/901 942/1212/902 938/1209/899
f 938/1209/899 896/1146/855 895/1145/854
f 941/1213/903 944/1214/904 942/1212/902
f 942/1212/902 897/1149/857 896/1146/855
f 943/1215/905 946/1216/906 944/1214/904
f 944/1214/904 899/1152/859 897/1149/857
f 945/1217/907 948/1218/908 946/1216/906
f 946/1216/906 901/1155/861 899/1152/859
f 947/1219/909 950/1220/910 948/1221/908
f 948/1218/908 903/1222/863 901/1155/861
f 949/1223/911 952/1224/912 950/1220/910
f 950/1220/910 905/1225/865 903/1226/863
f 951/1227/913 954/1228/914 952/1229/912
f 952/1229/912 907/1230/867 905/1162/865
f 953/1231/915 956/1232/916 954/1233/914
f 954/1233/914 909/1169/869 907/1234/867
f 955/1235/917 958/1236/918 956/1232/916
f 956/1232/916 911/1174/872 909/1169/869
f 957/1237/919 960/1238/920 958/1236/918
f 958/1236/918 913/1239/921 911/1174/872
f 959/1240/922 962/1241/923 960/1238/920
f 960/1238/920 919/1184/879 913/1239/921
f 961/1242/924 922/1188/883 962/1241/923
f 962/1241/923 920/1185/880 919/1184/879
f 963/1243/925 964/1244/926 965/1245/927
f 965/1245/927 967/1246/928 963/1243/925
f 963/1243/925 923/1189/884 922/1188/883
f 966/1247/929 969/1248/930 967/1246/928
f 967/1246/928 924/1191/886 923/1189/884
f 968/1249/931 971/1250/932 969/1248/930
f 969/1248/930 926/1251/888 924/1191/886
f 971/1252/932 928/1253/890 926/1193/888
f 970/1254/933 972/1255/934 971/1256/932
f 973/1257/935 975/1258/936 972/1255/934
f 973/1257/935 976/1259/937 977/1260/938
f 977/1260/938 974/1261/939 973/1257/935
f 978/1262/940 980/1263/941 974/1264/939
f 978/1265/940 676/795/632 674/1266/630
f 674/791/630 979/1267/942 978/1262/940
f 980/1268/941 982/1269/943 983/1270/944
f 983/1271/944 974/1264/939 980/1263/941
f 979/1267/942 981/1272/945 980/1263/941
f 984/1273/946 986/1274/947 981/1275/945
f 979/1267/942 670/1276/626 984/1277/946
f 984/1277/946 669/1278/625 985/1279/948
f 986/1280/947 940/1211/901 939/1210/900
f 939/1210/900 981/1281/945 986/1280/947
f 985/1282/948 987/1283/949 986/1274/947
f 988/1284/950 990/1285/951 987/1283/949
f 988/1284/950 669/1286/625 668/1287/624
f 668/1287/624 989/1288/952 988/1284/950
f 991/1289/953 993/1290/954 989/1288/952
f 991/1291/953 666/781/621 665/780/620
f 665/780/620 992/1292/955 991/1291/953
f 994/1293/956 996/1294/957 992/1292/955
f 994/1293/956 663/777/617 662/776/616
f 662/776/616 995/1295/958 994/1293/956
f 997/1296/959 999/1297/960 995/1295/958
f 997/1296/959 660/774/614 659/773/613
f 659/773/613 998/1298/961 997/1296/959
f 1000/1299/962 1002/1300/963 998/1301/961
f 1000/1299/962 657/1302/611 1003/1303/964
f 1003/1303/964 1001/1304/965 1000/1299/962
f 1004/1305/966 1006/1306/967 1001/1307/965
f 1004/1308/966 19/1309/1 24/1310/4
f 24/1311/4 1005/1312/968 1004/1305/966
f 1006/1306/967 1008/1313/969 1009/1314/970
f 1009/1314/970 1001/1307/965 1006/1306/967
f 1005/1312/968 1007/1315/971 1006/1306/967
f 1010/1316/972 1012/1317/973 1007/1318/971
f 1010/1319/972 42/1320/974 45/1321/25
f 45/31/25 1011/1322/975 1010/1316/972
f 1013/1323/976 694/824/647 1011/1322/975
f 1013/1323/976 44/32/26 1014/1324/977
f 1014/1324/977 695/825/648 1013/1323/976
f 44/1325/26 1016/1326/978 1014/1327/977
f 1014/1327/977 699/830/652 697/1328/650
f 1015/1329/979 39/939/726 1016/1326/978
f 1016/1326/978 701/938/725 699/830/652
f 1015/1330/979 43/34/27 1017/1331/980
f 1015/1330/979 41/1332/981 40/1333/22
f 1017/1331/980 1018/1334/982 1019/1335/983
f 1017/1331/980 1020/1336/984 41/1332/981
f 1019/1335/983 1022/1337/985 1020/1336/984
f 1020/1336/984 1023/1338/986 1024/1339/987
f 1024/1339/987 41/1332/981 1020/1336/984
f 1024/1339/987 1025/1340/988 1026/1341/989
f 1026/1341/989 37/1342/23 1024/1339/987
f 1026/1343/989 1027/1344/990 1028/1345/991
f 1028/1345/991 6/38/19 1026/1343/989
f 1028/1345/991 1029/1346/992 1030/1347/993
f 1030/1347/993 46/36/28 1028/1345/991
f 1031/1348/994 47/881/691 46/1349/28
f 1031/1348/994 1032/1350/995 1033/1351/996
f 1033/1351/996 106/882/692 1031/1348/994
f 1033/1351/996 1034/1352/997 1035/1353/998
f 1035/1353/998 102/96/84 1033/1351/996
f 1035/1353/998 1036/1354/999 1037/1355/1000
f 1037/1355/1000 103/1356/1001 1035/1353/998
f 1039/1357/1002 103/1356/1001 1038/1358/1003
f 1038/1358/1003 1040/1359/1004 1041/1360/1005
f 1041/1360/1005 1039/1357/1002 1038/1358/1003
f 1043/1361/1006 1039/1357/1002 1042/1362/1007
f 1042/1362/1007 1045/1363/1008 1046/1364/1009
f 1042/1362/1007 1047/1365/1010 1043/1361/1006
f 1048/1366/1011 1043/1361/1006 1047/1365/1010
f 1046/1364/1009 1051/1367/1012 1047/1365/1010
f 1047/1365/1010 1052/1368/1013 1048/1366/1011
f 1053/1369/1014 1048/1370/1011 1052/1371/1013
f 1051/1367/1012 1056/1372/1015 1052/1368/1013
f 1052/1371/1013 1057/1373/1016 1053/1369/1014
f 1058/1374/1017 1053/1369/1014 1057/1373/1016
f 1056/1375/1015 1061/1376/1018 1057/1373/1016
f 1057/1373/1016 1062/1377/1019 1058/1374/1017
f 1063/1378/1020 1058/1374/1017 1062/1377/1019
f 1061/1376/1018 1066/1379/1021 1062/1377/1019
f 1062/1377/1019 1067/1380/1022 1063/1378/1020
f 1068/1381/1023 1063/1378/1020 1067/1380/1022
f 1066/1379/1021 1071/1382/1024 1067/1380/1022
f 1067/1380/1022 1072/1383/1025 1068/1381/1023
f 1073/1384/1026 1068/1381/1023 1072/1383/1025
f 1071/1382/1024 528/1385/482 1072/1383/1025
f 1072/1383/1025 526/1386/480 1073/1384/1026
f 1075/1387/1027 1070/1388/1028 1076/1389/1029
f 1076/1389/1029 531/1390/485 1075/1387/1027
f 1075/1387/1027 529/1391/483 528/1385/482
f 1077/1392/1030 1078/1393/1031 1079/1394/1032
f 1079/1395/1032 534/1396/488 1077/1397/1030
f 1077/1397/1030 532/602/486 531/601/485
f 1079/1394/1032 1080/1398/1033 1081/1399/1034
f 1081/1400/1034 540/1401/494 1079/1395/1032
f 1080/1402/1033 1083/1403/1035 1081/1400/1034
f 1081/1400/1034 543/1404/498 541/1405/495
f 1082/1406/1036 1085/1407/1037 1083/1403/1035
f 1083/1403/1035 545/1408/1038 543/1404/498
f 1084/1409/1039 1087/1410/1040 1085/1407/1037
f 1085/1407/1037 552/630/505 545/1408/1038
f 1086/1411/1041 555/633/508 1087/1410/1040
f 1087/1410/1040 553/631/506 552/630/505
f 1088/1412/1042 1089/1413/1043 1090/1414/1044
f 1090/1414/1044 1092/1415/1045 1088/1412/1042
f 1088/1412/1042 556/1416/509 555/1417/508
f 1091/1418/1046 560/638/513 1092/1415/1045
f 1092/1415/1045 557/1419/511 556/1416/509
f 1093/1420/1047 1094/1421/1048 1095/1422/1049
f 1095/1422/1049 1097/1423/1050 1093/1420/1047
f 1093/1420/1047 561/639/514 560/638/513
f 1096/1424/1051 1099/1425/1052 1097/1423/1050
f 1097/1423/1050 562/1426/516 561/639/514
f 1098/1427/1053 567/647/520 1099/1425/1052
f 1099/1425/1052 564/1428/518 562/1426/516
f 1100/1429/1054 1101/1430/1055 1102/1431/1056
f 1102/1431/1056 570/652/523 1100/1429/1054
f 1100/1429/1054 568/648/521 567/647/520
f 1103/1432/1057 1104/1433/1058 1105/1434/1059
f 1105/1434/1059 573/1435/526 1103/1432/1057
f 1103/1432/1057 571/1436/524 570/1437/523
f 1106/1438/1060 1107/1439/1061 1108/1440/1062
f 1108/1440/1062 576/1441/529 1106/1438/1060
f 1106/1438/1060 574/1442/527 573/1435/526
f 1109/1443/1063 1110/1444/1064 1111/1445/1065
f 1111/1446/1065 579/665/532 1109/1447/1063
f 1109/1447/1063 577/663/530 576/662/529
f 1112/1448/1066 1113/1449/1067 1114/1450/1068
f 1114/1451/1068 582/668/535 1112/1452/1066
f 1112/1452/1066 580/666/533 579/665/532
f 1115/1453/1069 1116/1454/1070 1117/1455/1071
f 1117/1455/1071 585/1456/539 1115/1453/1069
f 1115/1453/1069 583/669/536 582/668/535
f 1118/1457/1072 1119/1458/1073 1120/1459/1074
f 1120/1460/1074 588/678/543 1118/1461/1072
f 1118/1461/1072 586/675/540 585/674/539
f 1121/1462/1075 1122/1463/1076 1123/1464/1077
f 1123/1464/1077 591/1465/1078 1121/1462/1075
f 1121/1462/1075 589/679/544 588/678/543
f 1124/1466/1079 1125/1467/1080 1126/1468/1081
f 1126/1468/1081 594/1469/1082 1124/1466/1079
f 1124/1466/1079 592/682/547 591/1465/1078
f 1127/1470/1083 1128/1471/1084 1129/1472/1085
f 1127/1470/1083 1130/1473/1086 597/1474/1087
f 597/1474/1087 594/1469/1082 1127/1470/1083
f 1129/1472/1085 1132/1475/1088 1130/1473/1086
f 1130/1473/1086 1133/1476/1089 600/1477/1090
f 600/1477/1090 597/1474/1087 1130/1473/1086
f 1132/1475/1088 1135/1478/1091 1133/1476/1089
f 1133/1476/1089 1136/1479/1092 603/1480/1093
f 603/1480/1093 600/1477/1090 1133/1476/1089
f 1135/1478/1091 1138/1481/1094 1136/1479/1092
f 1136/1482/1092 1139/1483/1095 606/1484/1096
f 606/1484/1096 603/1485/1093 1136/1482/1092
f 1138/1486/1094 1141/1487/1097 1139/1483/1095
f 1139/1488/1095 1142/1489/1098 609/1490/1099
f 609/1490/1099 606/1491/1096 1139/1488/1095
f 1141/1492/1097 1144/1493/1100 1142/1489/1098
f 1142/1489/1098 1145/1494/1101 612/1495/1102
f 612/1495/1102 609/1490/1099 1142/1489/1098
f 1144/1493/1100 1147/1496/1103 1145/1494/1101
f 1145/1494/1101 1148/1497/1104 615/1498/1105
f 615/1498/1105 612/1495/1102 1145/1494/1101
f 1147/1496/1103 1150/1499/1106 1148/1497/1104
f 1148/1497/1104 1151/1500/1107 618/1501/1108
f 618/1501/1108 615/1498/1105 1148/1497/1104
f 1150/1499/1106 1153/1502/1109 1151/1500/1107
f 1151/1500/1107 1154/1503/1110 621/1504/1111
f 621/1504/1111 618/1501/1108 1151/1500/1107
f 1153/1502/1109 1156/1505/1112 1154/1503/1110
f 1154/1503/1110 1157/1506/1113 624/1507/1114
f 624/1507/1114 621/1504/1111 1154/1503/1110
f 1156/1505/1112 1159/1508/1115 1157/1506/1113
f 1157/1506/1113 629/1509/1116 627/1510/585
f 627/1510/585 624/1507/1114 1157/1506/1113
f 1158/1511/1117 1161/1512/1118 1159/1508/1115
f 1159/1508/1115 1162/1513/1119 629/1509/1116
f 1161/1512/1118 1164/1514/1120 1162/1513/1119
f 1162/1515/1119 1165/1516/1121 632/1517/1122
f 632/1518/1122 629/1519/1116 1162/1520/1119
f 1164/1521/1120 1167/1522/1123 1165/1516/1121
f 1165/1516/1121 1168/1523/1124 635/1524/1125
f 635/1524/1125 632/1517/1122 1165/1516/1121
f 1167/1522/1123 1170/1525/1126 1168/1523/1124
f 1168/1526/1124 1171/1527/1127 1172/1528/1128
f 1172/1528/1128 635/1529/1125 1168/1526/1124
f 1172/1528/1128 1173/1530/1129 1174/1531/1130
f 1174/1531/1130 636/746/591 1172/1528/1128
f 1174/1531/1130 1175/1532/1131 1176/1533/1132
f 1176/1533/1132 637/747/592 1174/1531/1130
f 1176/1533/1132 1177/1534/1133 1178/1535/1134
f 1178/1535/1134 639/749/594 1176/1533/1132
f 1178/1535/1134 1179/1536/1135 1180/1537/1136
f 1180/1537/1136 641/751/596 1178/1535/1134
f 1179/1536/1135 1182/1538/1137 1180/1537/1136
f 1180/1537/1136 645/1539/1138 643/753/598
f 1181/1540/1139 1184/1541/1140 1182/1538/1137
f 1182/1538/1137 1185/1542/1141 645/1539/1138
f 1184/1541/1140 1187/1543/1142 1185/1542/1141
f 1185/1542/1141 1188/1544/1143 648/1545/1144
f 648/1545/1144 645/1539/1138 1185/1542/1141
f 1187/1546/1142 1190/1547/1145 1188/1548/1143
f 1188/1548/1143 1191/1549/1146 651/1550/1147
f 651/1551/1147 648/1545/1144 1188/1544/1143
f 1190/1547/1145 1193/1552/1148 1191/1549/1146
f 1191/1549/1146 1194/1553/1149 1195/1554/1150
f 1195/1554/1150 651/1550/1147 1191/1549/1146
f 1195/1554/1150 1196/1555/1151 1197/1556/1152
f 1197/1557/1152 652/760/605 1195/1558/1150
f 1197/1556/1152 1198/1559/1153 22/1560/1154
f 22/1560/1154 653/1561/606 1197/1556/1152
f 1196/1555/1151 1200/1562/1155 1198/1559/1153
f 1198/1559/1153 1201/1563/1156 1202/1564/1157
f 1202/1564/1157 22/1560/1154 1198/1559/1153
f 1202/1564/1157 1203/1565/1158 1018/1334/982
f 1202/1564/1157 43/34/27 23/5/5
f 1201/1566/1156 1205/1567/1159 1203/1568/1158
f 1203/1568/1158 1206/1569/1160 1021/1570/1161
f 1021/1571/1161 1018/1334/982 1203/1565/1158
f 1205/1567/1159 1208/1572/1162 1206/1569/1160
f 1206/1569/1160 1209/1573/1163 1210/1574/1164
f 1210/1574/1164 1021/1570/1161 1206/1569/1160
f 1210/1574/1164 1211/1575/1165 1212/1576/1166
f 1212/1576/1166 1022/1577/985 1210/1574/1164
f 1212/1576/1166 1213/1578/1167 1214/1579/1168
f 1214/1579/1168 1023/1580/986 1212/1576/1166
f 1214/1579/1168 1215/1581/1169 1216/1582/1170
f 1216/1582/1170 1025/1583/988 1214/1579/1168
f 1216/1582/1170 1217/1584/1171 1218/1585/1172
f 1218/1585/1172 1027/1586/990 1216/1582/1170
f 1218/1585/1172 1219/1587/1173 1220/1588/1174
f 1220/1589/1174 1029/1346/992 1218/1590/1172
f 1221/1591/1175 1030/1347/993 1029/1346/992
f 1221/1591/1175 1222/1592/1176 1223/1593/1177
f 1223/1593/1177 1032/1594/995 1221/1591/1175
f 1223/1593/1177 1224/1595/1178 1225/1596/1179
f 1225/1596/1179 1034/1597/997 1223/1593/1177
f 1225/1596/1179 1226/1598/1180 1227/1599/1181
f 1227/1599/1181 1036/1600/999 1225/1596/1179
f 1228/1601/1182 1037/1355/1000 1036/1354/999
f 1228/1602/1182 1229/1603/1183 1230/1604/1184
f 1230/1605/1184 1040/1359/1004 1228/1601/1182
f 1231/1606/1185 1041/1360/1005 1040/1359/1004
f 1231/1606/1185 1232/1607/1186 1233/1608/1187
f 1233/1608/1187 1045/1363/1008 1231/1606/1185
f 1234/1609/1188 1046/1364/1009 1045/1363/1008
f 1234/1609/1188 1235/1610/1189 1236/1611/1190
f 1236/1611/1190 1050/1612/1191 1234/1609/1188
f 1237/1613/1192 1051/1367/1012 1050/1612/1191
f 1237/1613/1192 1238/1614/1193 1239/1615/1194
f 1239/1615/1194 1055/1616/1195 1237/1613/1192
f 1060/1617/1196 1055/1618/1195 1240/1619/1197
f 1240/1619/1197 1241/1620/1198 1242/1621/1199
f 1240/1619/1197 1243/1622/1200 1060/1617/1196
f 1065/1623/1201 1060/1617/1196 1243/1622/1200
f 1243/1622/1200 1244/1624/1202 1245/1625/1203
f 1243/1622/1200 1246/1626/1204 1065/1623/1201
f 1070/1388/1028 1065/1623/1201 1246/1626/1204
f 1245/1625/1203 1078/1393/1031 1246/1626/1204
f 1246/1626/1204 1076/1389/1029 1070/1388/1028
f 1245/1625/1203 1082/1627/1036 1080/1398/1033
f 1242/1621/1199 1247/1628/1205 1244/1624/1202
f 1244/1624/1202 1084/1629/1039 1082/1627/1036
f 1241/1620/1198 1089/1630/1043 1247/1628/1205
f 1247/1628/1205 1086/1631/1041 1084/1629/1039
f 1248/1632/1206 1239/1615/1194 1238/1614/1193
f 1238/1633/1193 1250/1634/1207 1248/1635/1206
f 1248/1635/1206 1090/1414/1044 1089/1413/1043
f 1249/1636/1208 1094/1421/1048 1250/1634/1207
f 1250/1634/1207 1091/1418/1046 1090/1414/1044
f 1251/1637/1209 1235/1638/1189 1252/1639/1210
f 1252/1639/1210 1254/1640/1211 1251/1637/1209
f 1251/1637/1209 1095/1422/1049 1094/1421/1048
f 1253/1641/1212 1256/1642/1213 1254/1640/1211
f 1254/1640/1211 1096/1424/1051 1095/1422/1049
f 1255/1643/1214 1101/1430/1055 1256/1642/1213
f 1256/1642/1213 1098/1427/1053 1096/1424/1051
f 1257/1644/1215 1258/1645/1216 1259/1646/1217
f 1259/1647/1217 1104/1433/1058 1257/1648/1215
f 1257/1644/1215 1102/1431/1056 1101/1430/1055
f 1260/1649/1218 1261/1650/1219 1262/1651/1220
f 1262/1651/1220 1107/1439/1061 1260/1649/1218
f 1260/1649/1218 1105/1434/1059 1104/1433/1058
f 1263/1652/1221 1264/1653/1222 1265/1654/1223
f 1265/1654/1223 1110/1444/1064 1263/1652/1221
f 1263/1652/1221 1108/1440/1062 1107/1439/1061
f 1266/1655/1224 1267/1656/1225 1268/1657/1226
f 1268/1657/1226 1113/1449/1067 1266/1655/1224
f 1266/1655/1224 1111/1445/1065 1110/1444/1064
f 1269/1658/1227 1270/1659/1228 1271/1660/1229
f 1271/1660/1229 1116/1661/1070 1269/1658/1227
f 1269/1662/1227 1114/1451/1068 1113/1663/1067
f 1272/1664/1230 1273/1665/1231 1274/1666/1232
f 1274/1667/1232 1119/1458/1073 1272/1668/1230
f 1272/1668/1230 1117/1455/1071 1116/1454/1070
f 1275/1669/1233 1276/1670/1234 1277/1671/1235
f 1277/1671/1235 1122/1672/1076 1275/1669/1233
f 1275/1669/1233 1120/1459/1074 1119/1458/1073
f 1278/1673/1236 1279/1674/1237 1280/1675/1238
f 1280/1675/1238 1125/1467/1080 1278/1673/1236
f 1278/1673/1236 1123/1464/1077 1122/1463/1076
f 1281/1676/1239 1282/1677/1240 1283/1678/1241
f 1283/1678/1241 1128/1471/1084 1281/1676/1239
f 1281/1676/1239 1126/1468/1081 1125/1467/1080
f 1284/1679/1242 1285/1680/1243 1286/1681/1244
f 1284/1679/1242 1287/1682/1245 1131/1683/1246
f 1284/1679/1242 1129/1472/1085 1128/1471/1084
f 1287/1682/1245 1288/1684/1247 1289/1685/1248
f 1289/1685/1248 1134/1686/1249 1287/1682/1245
f 1134/1686/1249 1131/1683/1246 1287/1682/1245
f 1290/1687/1250 1291/1688/1251 1292/1689/1252
f 1292/1689/1252 1137/1690/1253 1290/1687/1250
f 1137/1690/1253 1134/1686/1249 1290/1687/1250
f 1293/1691/1254 1294/1692/1255 1295/1693/1256
f 1295/1693/1256 1140/1694/1257 1293/1691/1254
f 1140/1694/1257 1137/1690/1253 1293/1691/1254
f 1296/1695/1258 1297/1696/1259 1298/1697/1260
f 1296/1698/1258 1299/1699/1261 1143/1700/1262
f 1143/1700/1262 1140/1701/1257 1296/1698/1258
f 1298/1702/1260 1301/1703/1263 1299/1699/1261
f 1299/1704/1261 1302/1705/1264 1146/1706/1265
f 1146/1706/1265 1143/1707/1262 1299/1704/1261
f 1301/1708/1263 1304/1709/1266 1302/1705/1264
f 1302/1705/1264 1305/1710/1267 1149/1711/1268
f 1149/1711/1268 1146/1706/1265 1302/1705/1264
f 1304/1709/1266 1307/1712/1269 1305/1710/1267
f 1305/1710/1267 1308/1713/1270 1152/1714/1271
f 1152/1714/1271 1149/1711/1268 1305/1710/1267
f 1307/1712/1269 1310/1715/1272 1308/1713/1270
f 1308/1713/1270 1311/1716/1273 1155/1717/1274
f 1155/1717/1274 1152/1714/1271 1308/1713/1270
f 1310/1715/1272 1313/1718/1275 1311/1716/1273
f 1311/1716/1273 1160/1719/1276 1158/1511/1117
f 1158/1511/1117 1155/1717/1274 1311/1716/1273
f 1312/1720/1277 1315/1721/1278 1313/1718/1275
f 1313/1718/1275 1316/1722/1279 1160/1719/1276
f 1315/1721/1278 1318/1723/1280 1316/1722/1279
f 1316/1722/1279 1319/1724/1281 1163/1725/1282
f 1163/1725/1282 1160/1719/1276 1316/1722/1279
f 1318/1723/1280 1321/1726/1283 1319/1724/1281
f 1319/1724/1281 1322/1727/1284 1166/1728/1285
f 1166/1728/1285 1163/1725/1282 1319/1724/1281
f 1321/1726/1283 1324/1729/1286 1322/1727/1284
f 1322/1730/1284 1325/1731/1287 1169/1732/1288
f 1169/1732/1288 1166/1733/1285 1322/1730/1284
f 1324/1734/1286 1327/1735/1289 1325/1736/1287
f 1325/1736/1287 1328/1737/1290 1329/1738/1291
f 1329/1739/1291 1169/1732/1288 1325/1731/1287
f 1329/1738/1291 1330/1740/1292 1331/1741/1293
f 1331/1742/1293 1170/1743/1126 1329/1744/1291
f 1331/1742/1293 1332/1745/1294 1333/1746/1295
f 1333/1746/1295 1171/1527/1127 1331/1742/1293
f 1333/1746/1295 1334/1747/1296 1335/1748/1297
f 1335/1748/1297 1173/1530/1129 1333/1746/1295
f 1335/1748/1297 1336/1749/1298 1337/1750/1299
f 1337/1750/1299 1175/1532/1131 1335/1748/1297
f 1337/1750/1299 1338/1751/1300 1339/1752/1301
f 1339/1752/1301 1177/1534/1133 1337/1750/1299
f 1338/1751/1300 1341/1753/1302 1339/1752/1301
f 1339/1752/1301 1181/1540/1139 1179/1536/1135
f 1340/1754/1303 1343/1755/1304 1341/1753/1302
f 1341/1753/1302 1183/1756/1305 1181/1540/1139
f 1342/1757/1306 1345/1758/1307 1343/1759/1304
f 1343/1755/1304 1346/1760/1308 1183/1756/1305
f 1345/1761/1307 1348/1762/1309 1346/1763/1308
f 1346/1763/1308 1349/1764/1310 1186/1765/1311
f 1186/1766/1311 1183/1756/1305 1346/1760/1308
f 1348/1762/1309 1351/1767/1312 1349/1764/1310
f 1349/1768/1310 1352/1769/1313 1189/1770/1314
f 1189/1770/1314 1186/1771/1311 1349/1768/1310
f 1351/1772/1312 1354/1773/1315 1352/1774/1313
f 1352/1769/1313 1355/1775/1316 1192/1776/1317
f 1192/1776/1317 1189/1770/1314 1352/1769/1313
f 1354/1773/1315 1357/1777/1318 1355/1778/1316
f 1355/1778/1316 1358/1779/1319 1359/1780/1320
f 1359/1781/1320 1192/1776/1317 1355/1775/1316
f 1359/1780/1320 1360/1782/1321 1361/1783/1322
f 1361/1784/1322 1193/1552/1148 1359/1781/1320
f 1361/1783/1322 1362/1785/1323 1199/1786/1324
f 1199/1787/1324 1194/1553/1149 1361/1784/1322
f 1360/1782/1321 1364/1788/1325 1362/1785/1323
f 1362/1785/1323 1365/1789/1326 1366/1790/1327
f 1366/1790/1327 1199/1786/1324 1362/1785/1323
f 1366/1790/1327 1367/1791/1328 1204/1792/1329
f 1204/1792/1329 1200/1793/1155 1366/1790/1327
f 1365/1789/1326 1369/1794/1330 1367/1791/1328
f 1367/1791/1328 1370/1795/1331 1207/1796/1332
f 1207/1796/1332 1204/1792/1329 1367/1791/1328
f 1369/1794/1330 1372/1797/1333 1370/1795/1331
f 1370/1795/1331 1373/1798/1334 1374/1799/1335
f 1374/1799/1335 1207/1796/1332 1370/1795/1331
f 1374/1799/1335 1375/1800/1336 1376/1801/1337
f 1376/1801/1337 1208/1572/1162 1374/1799/1335
f 1376/1801/1337 1377/1802/1338 1378/1803/1339
f 1378/1803/1339 1209/1573/1163 1376/1801/1337
f 1378/1803/1339 1379/1804/1340 1380/1805/1341
f 1380/1805/1341 1211/1575/1165 1378/1803/1339
f 1380/1805/1341 1381/1806/1342 1382/1807/1343
f 1382/1807/1343 1213/1578/1167 1380/1805/1341
f 1382/1807/1343 1383/1808/1344 1384/1809/1345
f 1384/1809/1345 1215/1581/1169 1382/1807/1343
f 1384/1809/1345 1385/1810/1346 1386/1811/1347
f 1386/1811/1347 1217/1584/1171 1384/1809/1345
f 1386/1811/1347 1387/1812/1348 1388/1813/1349
f 1388/1813/1349 1219/1587/1173 1386/1811/1347
f 1389/1814/1350 1220/1588/1174 1219/1587/1173
f 1389/1814/1350 1390/1815/1351 1391/1816/1352
f 1391/1816/1352 1222/1817/1176 1389/1814/1350
f 1391/1816/1352 1264/1653/1222 1392/1818/1353
f 1392/1818/1353 1224/1819/1178 1391/1816/1352
f 1392/1818/1353 1262/1651/1220 1261/1650/1219
f 1261/1650/1219 1226/1820/1180 1392/1818/1353
f 1393/1821/1354 1227/1599/1181 1226/1598/1180
f 1393/1821/1354 1259/1646/1217 1258/1645/1216
f 1258/1645/1216 1229/1603/1183 1393/1821/1354
f 1394/1822/1355 1230/1604/1184 1229/1603/1183
f 1394/1822/1355 1255/1643/1214 1253/1641/1212
f 1253/1641/1212 1232/1823/1186 1394/1822/1355
f 1388/1813/1349 1267/1656/1225 1390/1815/1351
f 1390/1815/1351 1265/1654/1223 1264/1653/1222
f 1385/1810/1346 1270/1659/1228 1387/1812/1348
f 1387/1812/1348 1268/1657/1226 1267/1656/1225
f 1395/1824/1356 1383/1808/1344 1396/1825/1357
f 1396/1825/1357 1273/1665/1231 1395/1824/1356
f 1395/1824/1356 1271/1660/1229 1270/1659/1228
f 1397/1826/1358 1398/1827/1359 1399/1828/1360
f 1399/1828/1360 1276/1829/1234 1397/1826/1358
f 1397/1826/1358 1274/1666/1232 1273/1665/1231
f 1400/1830/1361 1401/1831/1362 1402/1832/1363
f 1402/1832/1363 1279/1833/1237 1400/1830/1361
f 1400/1834/1361 1277/1835/1235 1276/1836/1234
f 1403/1837/1364 1404/1838/1365 1405/1839/1366
f 1405/1839/1366 1282/1840/1240 1403/1837/1364
f 1403/1837/1364 1280/1841/1238 1279/1833/1237
f 1406/1842/1367 1407/1843/1368 1408/1844/1369
f 1408/1844/1369 1285/1680/1243 1406/1842/1367
f 1406/1842/1367 1283/1678/1241 1282/1677/1240
f 1409/1845/1370 1410/1846/1371 1411/1847/1372
f 1411/1847/1372 1288/1684/1247 1409/1845/1370
f 1409/1845/1370 1286/1681/1244 1285/1680/1243
f 1412/1848/1373 1413/1849/1374 1414/1850/1375
f 1414/1850/1375 1291/1688/1251 1412/1848/1373
f 1412/1848/1373 1289/1685/1248 1288/1684/1247
f 1415/1851/1376 1416/1852/1377 1417/1853/1378
f 1417/1853/1378 1294/1692/1255 1415/1851/1376
f 1415/1851/1376 1292/1689/1252 1291/1688/1251
f 1418/1854/1379 1419/1855/1380 1420/1856/1381
f 1420/1856/1381 1297/1696/1259 1418/1854/1379
f 1418/1854/1379 1295/1693/1256 1294/1692/1255
f 1421/1857/1382 1422/1858/1383 1423/1859/1384
f 1423/1859/1384 1300/1860/1385 1421/1857/1382
f 1421/1857/1382 1298/1697/1260 1297/1696/1259
f 1424/1861/1386 1425/1862/1387 1426/1863/1388
f 1426/1864/1388 1303/1865/1389 1424/1866/1386
f 1424/1866/1386 1301/1703/1263 1300/1867/1385
f 1427/1868/1390 1428/1869/1391 1429/1870/1392
f 1427/1871/1390 1430/1872/1393 1306/1873/1394
f 1306/1873/1394 1303/1874/1389 1427/1871/1390
f 1429/1875/1392 1432/1876/1395 1430/1872/1393
f 1430/1872/1393 1433/1877/1396 1309/1878/1397
f 1309/1878/1397 1306/1873/1394 1430/1872/1393
f 1432/1876/1395 1435/1879/1398 1433/1877/1396
f 1433/1877/1396 1314/1880/1399 1312/1720/1277
f 1312/1720/1277 1309/1878/1397 1433/1877/1396
f 1434/1881/1400 1437/1882/1401 1435/1879/1398
f 1435/1879/1398 1438/1883/1402 1314/1880/1399
f 1437/1882/1401 1440/1884/1403 1438/1883/1402
f 1438/1883/1402 1441/1885/1404 1317/1886/1405
f 1317/1886/1405 1314/1880/1399 1438/1883/1402
f 1440/1884/1403 1443/1887/1406 1441/1885/1404
f 1441/1885/1404 1444/1888/1407 1320/1889/1408
f 1320/1889/1408 1317/1886/1405 1441/1885/1404
f 1443/1887/1406 1446/1890/1409 1444/1888/1407
f 1444/1888/1407 1447/1891/1410 1323/1892/1411
f 1323/1892/1411 1320/1889/1408 1444/1888/1407
f 1446/1893/1409 1449/1894/1412 1447/1895/1410
f 1447/1895/1410 1450/1896/1413 1326/1897/1414
f 1326/1897/1414 1323/1898/1411 1447/1895/1410
f 1449/1899/1412 1452/1900/1415 1450/1901/1413
f 1450/1901/1413 1453/1902/1416 1454/1903/1417
f 1454/1904/1417 1326/1897/1414 1450/1896/1413
f 1454/1903/1417 1455/1905/1418 1456/1906/1419
f 1456/1907/1419 1327/1735/1289 1454/1904/1417
f 1456/1906/1419 1457/1908/1420 1458/1909/1421
f 1458/1910/1421 1328/1737/1290 1456/1907/1419
f 1458/1909/1421 1459/1911/1422 1460/1912/1423
f 1460/1913/1423 1330/1740/1292 1458/1910/1421
f 1460/1912/1423 1461/1914/1424 1462/1915/1425
f 1462/1916/1425 1332/1917/1294 1460/1913/1423
f 1462/1915/1425 1463/1918/1426 1464/1919/1427
f 1464/1920/1427 1334/1921/1296 1462/1916/1425
f 1464/1919/1427 1465/1922/1428 1466/1923/1429
f 1466/1924/1429 1336/1925/1298 1464/1926/1427
f 1465/1922/1428 1468/1927/1430 1466/1923/1429
f 1466/1924/1429 1340/1928/1303 1338/1929/1300
f 1467/1930/1431 1470/1931/1432 1468/1927/1430
f 1468/1932/1430 1342/1757/1306 1340/1928/1303
f 1469/1933/1433 1472/1934/1434 1470/1931/1432
f 1470/1935/1432 1344/1936/1435 1342/1757/1306
f 1471/1937/1436 1474/1938/1437 1472/1934/1434
f 1472/1939/1434 1475/1940/1438 1344/1936/1435
f 1474/1941/1437 1477/1942/1439 1475/1940/1438
f 1475/1940/1438 1478/1943/1440 1347/1944/1441
f 1347/1944/1441 1344/1936/1435 1475/1940/1438
f 1477/1942/1439 1480/1945/1442 1478/1943/1440
f 1478/1946/1440 1481/1947/1443 1350/1948/1444
f 1350/1949/1444 1347/1950/1441 1478/1951/1440
f 1480/1952/1442 1483/1953/1445 1481/1947/1443
f 1481/1947/1443 1484/1954/1446 1353/1955/1447
f 1353/1955/1447 1350/1948/1444 1481/1947/1443
f 1483/1953/1445 1486/1956/1448 1484/1954/1446
f 1484/1954/1446 1487/1957/1449 1356/1958/1450
f 1356/1958/1450 1353/1955/1447 1484/1954/1446
f 1486/1956/1448 1489/1959/1451 1487/1957/1449
f 1487/1957/1449 1490/1960/1452 1491/1961/1453
f 1491/1961/1453 1356/1958/1450 1487/1957/1449
f 1491/1961/1453 1492/1962/1454 1493/1963/1455
f 1493/1963/1455 1357/1777/1318 1491/1961/1453
f 1493/1963/1455 1494/1964/1456 1363/1965/1457
f 1363/1965/1457 1358/1779/1319 1493/1963/1455
f 1492/1962/1454 1496/1966/1458 1494/1964/1456
f 1494/1964/1456 1497/1967/1459 1498/1968/1460
f 1498/1968/1460 1363/1965/1457 1494/1964/1456
f 1498/1968/1460 1499/1969/1461 1368/1970/1462
f 1368/1970/1462 1364/1788/1325 1498/1968/1460
f 1497/1967/1459 1501/1971/1463 1499/1969/1461
f 1499/1969/1461 1502/1972/1464 1371/1973/1465
f 1371/1973/1465 1368/1970/1462 1499/1969/1461
f 1501/1971/1463 1504/1974/1466 1502/1972/1464
f 1502/1972/1464 1505/1975/1467 1506/1976/1468
f 1506/1976/1468 1371/1973/1465 1502/1972/1464
f 1506/1976/1468 1507/1977/1469 1508/1978/1470
f 1508/1978/1470 1372/1797/1333 1506/1976/1468
f 1508/1978/1470 1509/1979/1471 1510/1980/1472
f 1510/1980/1472 1373/1798/1334 1508/1978/1470
f 1510/1980/1472 1511/1981/1473 1512/1982/1474
f 1512/1982/1474 1375/1800/1336 1510/1980/1472
f 1512/1982/1474 1401/1983/1362 1513/1984/1475
f 1513/1984/1475 1377/1802/1338 1512/1982/1474
f 1513/1984/1475 1399/1828/1360 1398/1827/1359
f 1398/1827/1359 1379/1804/1340 1513/1984/1475
f 1509/1985/1471 1404/1986/1365 1511/1987/1473
f 1511/1988/1473 1402/1832/1363 1401/1831/1362
f 1514/1989/1476 1507/1990/1469 1515/1991/1477
f 1515/1991/1477 1407/1992/1368 1514/1989/1476
f 1514/1989/1476 1405/1993/1366 1404/1986/1365
f 1516/1994/1478 1517/1995/1479 1518/1996/1480
f 1518/1997/1480 1410/1846/1371 1516/1998/1478
f 1516/1998/1478 1408/1844/1369 1407/1843/1368
f 1519/1999/1481 1520/2000/1482 1521/2001/1483
f 1521/2001/1483 1413/1849/1374 1519/1999/1481
f 1519/1999/1481 1411/1847/1372 1410/1846/1371
f 1522/2002/1484 1523/2003/1485 1524/2004/1486
f 1524/2004/1486 1416/1852/1377 1522/2002/1484
f 1522/2002/1484 1414/1850/1375 1413/1849/1374
f 1525/2005/1487 1526/2006/1488 1527/2007/1489
f 1527/2007/1489 1419/1855/1380 1525/2005/1487
f 1525/2005/1487 1417/1853/1378 1416/1852/1377
f 1528/2008/1490 1529/2009/1491 1530/2010/1492
f 1530/2010/1492 1422/1858/1383 1528/2008/1490
f 1528/2008/1490 1420/1856/1381 1419/1855/1380
f 1531/2011/1493 1532/2012/1494 1533/2013/1495
f 1533/2013/1495 1425/1862/1387 1531/2011/1493
f 1531/2011/1493 1423/1859/1384 1422/1858/1383
f 1534/2014/1496 1535/2015/1497 1536/2016/1498
f 1536/2016/1498 1428/2017/1391 1534/2014/1496
f 1534/2014/1496 1426/1863/1388 1425/1862/1387
f 1537/2018/1499 1538/2019/1500 1539/2020/1501
f 1539/2021/1501 1431/2022/1502 1537/2023/1499
f 1537/2023/1499 1429/1870/1392 1428/1869/1391
f 1540/2024/1503 1541/2025/1504 1542/2026/1505
f 1540/2027/1503 1436/2028/1506 1434/1881/1400
f 1434/1881/1400 1431/2029/1502 1540/2027/1503
f 1542/2026/1505 1543/2030/1507 1544/2031/1508
f 1544/2032/1508 1436/2028/1506 1542/2033/1505
f 1545/2034/1509 1546/2035/1510 1547/2036/1511
f 1545/2034/1509 1548/2037/1512 1439/2038/1513
f 1439/2038/1513 1436/2028/1506 1545/2034/1509
f 1547/2039/1511 1550/2040/1514 1548/2041/1512
f 1548/2037/1512 1551/2042/1515 1442/2043/1516
f 1442/2043/1516 1439/2038/1513 1548/2037/1512
f 1550/2040/1514 1553/2044/1517 1551/2045/1515
f 1551/2045/1515 1554/2046/1518 1445/2047/1519
f 1445/2048/1519 1442/2043/1516 1551/2042/1515
f 1553/2049/1517 1556/2050/1520 1554/2051/1518
f 1554/2051/1518 1557/2052/1521 1448/2053/1522
f 1448/2054/1522 1445/2055/1519 1554/2056/1518
f 1556/2057/1520 1559/2058/1523 1557/2059/1521
f 1557/2059/1521 1560/2060/1524 1451/2061/1525
f 1451/2062/1525 1448/2053/1522 1557/2052/1521
f 1559/2063/1523 1562/2064/1526 1560/2065/1524
f 1560/2060/1524 1563/2066/1527 1564/2067/1528
f 1564/2067/1528 1451/2061/1525 1560/2060/1524
f 1564/2067/1528 1565/2068/1529 1566/2069/1530
f 1566/2069/1530 1452/2070/1415 1564/2067/1528
f 1566/2069/1530 1567/2071/1531 1568/2072/1532
f 1568/2072/1532 1453/2073/1416 1566/2069/1530
f 1568/2072/1532 1569/2074/1533 1570/2075/1534
f 1570/2075/1534 1455/2076/1418 1568/2072/1532
f 1570/2075/1534 1571/2077/1535 1572/2078/1536
f 1572/2078/1536 1457/2079/1420 1570/2075/1534
f 1572/2080/1536 1573/2081/1537 1574/2082/1538
f 1574/2083/1538 1459/2084/1422 1572/2078/1536
f 1574/2082/1538 1575/2085/1539 1576/2086/1540
f 1576/2087/1540 1461/2088/1424 1574/2083/1538
f 1576/2086/1540 1577/2089/1541 1578/2090/1542
f 1578/2091/1542 1463/2092/1426 1576/2093/1540
f 1577/2089/1541 1580/2094/1543 1578/2090/1542
f 1578/2091/1542 1467/2095/1431 1465/2096/1428
f 1579/2097/1544 1582/2098/1545 1580/2094/1543
f 1580/2099/1543 1469/2100/1433 1467/2095/1431
f 1581/2101/1546 1584/2102/1547 1582/2103/1545
f 1582/2103/1545 1471/2104/1436 1469/2100/1433
f 1583/2105/1548 1586/2106/1549 1584/2102/1547
f 1584/2102/1547 1473/2107/1550 1471/2104/1436
f 1585/2108/1551 1588/2109/1552 1586/2106/1549
f 1586/2106/1549 1589/2110/1553 1473/2107/1550
f 1588/2109/1552 1591/2111/1554 1589/2110/1553
f 1589/2112/1553 1592/2113/1555 1476/2114/1556
f 1476/2114/1556 1473/2115/1550 1589/2112/1553
f 1591/2116/1554 1594/2117/1557 1592/2113/1555
f 1592/2118/1555 1595/2119/1558 1479/2120/1559
f 1479/2120/1559 1476/2121/1556 1592/2118/1555
f 1594/2122/1557 1597/2123/1560 1595/2119/1558
f 1595/2124/1558 1598/2125/1561 1482/2126/1562
f 1482/2127/1562 1479/2120/1559 1595/2119/1558
f 1597/2128/1560 1600/2129/1563 1598/2125/1561
f 1598/2125/1561 1601/2130/1564 1485/2131/1565
f 1485/2131/1565 1482/2126/1562 1598/2125/1561
f 1600/2129/1563 1603/2132/1566 1601/2130/1564
f 1601/2130/1564 1604/2133/1567 1488/2134/1568
f 1488/2134/1568 1485/2131/1565 1601/2130/1564
f 1603/2132/1566 1606/2135/1569 1604/2133/1567
f 1604/2133/1567 1607/2136/1570 1608/2137/1571
f 1608/2137/1571 1488/2134/1568 1604/2133/1567
f 1608/2137/1571 1609/2138/1572 1610/2139/1573
f 1610/2139/1573 1489/1959/1451 1608/2137/1571
f 1610/2139/1573 1611/2140/1574 1495/2141/1575
f 1495/2141/1575 1490/1960/1452 1610/2139/1573
f 1609/2138/1572 1613/2142/1576 1611/2140/1574
f 1611/2140/1574 1614/2143/1577 1615/2144/1578
f 1615/2144/1578 1495/2141/1575 1611/2140/1574
f 1615/2144/1578 1616/2145/1579 1500/2146/1580
f 1500/2146/1580 1496/1966/1458 1615/2144/1578
f 1614/2147/1577 1618/2148/1581 1616/2149/1579
f 1616/2149/1579 1619/2150/1582 1503/2151/1583
f 1503/2152/1583 1500/2146/1580 1616/2145/1579
f 1618/2148/1581 1621/2153/1584 1619/2150/1582
f 1619/2150/1582 1520/2154/1482 1622/2155/1585
f 1622/2155/1585 1503/2151/1583 1619/2150/1582
f 1622/2155/1585 1518/2156/1480 1517/2157/1479
f 1517/2157/1479 1504/2158/1466 1622/2155/1585
f 1620/2159/1586 1523/2003/1485 1621/2160/1584
f 1621/2160/1584 1521/2001/1483 1520/2000/1482
f 1623/2161/1587 1624/2162/1588 1625/2163/1589
f 1625/2163/1589 1526/2006/1488 1623/2161/1587
f 1623/2161/1587 1524/2004/1486 1523/2003/1485
f 1626/2164/1590 1627/2165/1591 1628/2166/1592
f 1628/2166/1592 1529/2009/1491 1626/2164/1590
f 1626/2164/1590 1527/2007/1489 1526/2006/1488
f 1629/2167/1593 1630/2168/1594 1631/2169/1595
f 1631/2169/1595 1532/2012/1494 1629/2167/1593
f 1629/2167/1593 1530/2010/1492 1529/2009/1491
f 1632/2170/1596 1633/2171/1597 1634/2172/1598
f 1634/2172/1598 1535/2015/1497 1632/2170/1596
f 1632/2170/1596 1533/2013/1495 1532/2012/1494
f 1635/2173/1599 1636/2174/1600 1637/2175/1601
f 1637/2175/1601 1538/2019/1500 1635/2173/1599
f 1635/2173/1599 1536/2016/1498 1535/2015/1497
f 1638/2176/1602 1639/2177/1603 1640/2178/1604
f 1640/2178/1604 1541/2179/1504 1638/2176/1602
f 1638/2176/1602 1539/2020/1501 1538/2019/1500
f 1640/2178/1604 1641/2180/1605 1642/2181/1606
f 1642/2181/1606 1543/2182/1507 1640/2178/1604
f 1643/2183/1607 1644/2184/1608 1645/2185/1609
f 1645/2185/1609 1546/2186/1510 1643/2183/1607
f 1643/2183/1607 1544/2031/1508 1543/2030/1507
f 1646/2187/1610 1647/2188/1611 1648/2189/1612
f 1648/2189/1612 1549/2190/1613 1646/2187/1610
f 1549/2190/1613 1546/2186/1510 1646/2187/1610
f 1649/2191/1614 1650/2192/1615 1651/2193/1616
f 1649/2191/1614 1652/2194/1617 1552/2195/1618
f 1552/2196/1618 1549/2190/1613 1649/2197/1614
f 1651/2198/1616 1654/2199/1619 1652/2200/1617
f 1652/2200/1617 1655/2201/1620 1555/2202/1621
f 1555/2203/1621 1552/2195/1618 1652/2194/1617
f 1654/2204/1619 1657/2205/1622 1655/2206/1620
f 1655/2206/1620 1658/2207/1623 1558/2208/1624
f 1558/2208/1624 1555/2209/1621 1655/2206/1620
f 1657/2205/1622 1660/2210/1625 1658/2207/1623
f 1658/2207/1623 1661/2211/1626 1561/2212/1627
f 1561/2212/1627 1558/2208/1624 1658/2207/1623
f 1660/2210/1625 1663/2213/1628 1661/2211/1626
f 1661/2211/1626 1664/2214/1629 1665/2215/1630
f 1665/2215/1630 1561/2212/1627 1661/2211/1626
f 1665/2215/1630 1666/2216/1631 1667/2217/1632
f 1667/2218/1632 1562/2219/1526 1665/2220/1630
f 1667/2218/1632 1668/2221/1633 1669/2222/1634
f 1669/2222/1634 1563/2066/1527 1667/2218/1632
f 1669/2222/1634 1670/2223/1635 1671/2224/1636
f 1671/2224/1636 1565/2068/1529 1669/2222/1634
f 1671/2224/1636 1672/2225/1637 1673/2226/1638
f 1673/2226/1638 1567/2071/1531 1671/2224/1636
f 1673/2227/1638 1674/2228/1639 1675/2229/1640
f 1675/2229/1640 1569/2230/1533 1673/2227/1638
f 1675/2229/1640 1676/2231/1641 1677/2232/1642
f 1677/2232/1642 1571/2233/1535 1675/2229/1640
f 1677/2232/1642 1678/2234/1643 1679/2235/1644
f 1679/2235/1644 1573/2081/1537 1677/2232/1642
f 1679/2235/1644 1680/2236/1645 1681/2237/1646
f 1681/2237/1646 1575/2085/1539 1679/2235/1644
f 1681/2237/1646 1682/2238/1647 1683/2239/1648
f 1681/2237/1646 1579/2097/1544 1577/2089/1541
f 1682/2238/1647 1685/2240/1649 1683/2239/1648
f 1683/2239/1648 1581/2241/1546 1579/2097/1544
f 1684/2242/1650 1687/2243/1651 1685/2240/1649
f 1685/2240/1649 1583/2244/1548 1581/2241/1546
f 1686/2245/1652 1689/2246/1653 1687/2247/1651
f 1687/2247/1651 1585/2108/1551 1583/2105/1548
f 1688/2248/1654 1691/2249/1655 1689/2246/1653
f 1689/2246/1653 1587/2250/1656 1585/2108/1551
f 1690/2251/1657 1693/2252/1658 1691/2249/1655
f 1691/2249/1655 1694/2253/1659 1587/2250/1656
f 1693/2254/1658 1696/2255/1660 1694/2256/1659
f 1694/2253/1659 1697/2257/1661 1590/2258/1662
f 1590/2258/1662 1587/2250/1656 1694/2253/1659
f 1696/2255/1660 1699/2259/1663 1697/2260/1661
f 1697/2257/1661 1700/2261/1664 1593/2262/1665
f 1593/2262/1665 1590/2258/1662 1697/2257/1661
f 1699/2263/1663 1702/2264/1666 1700/2261/1664
f 1700/2265/1664 1703/2266/1667 1596/2267/1668
f 1596/2267/1668 1593/2268/1665 1700/2265/1664
f 1702/2269/1666 1705/2270/1669 1703/2266/1667
f 1703/2271/1667 1706/2272/1670 1599/2273/1671
f 1599/2273/1671 1596/2274/1668 1703/2271/1667
f 1705/2275/1669 1708/2276/1672 1706/2272/1670
f 1706/2272/1670 1709/2277/1673 1602/2278/1674
f 1602/2279/1674 1599/2280/1671 1706/2281/1670
f 1708/2276/1672 1711/2282/1675 1709/2277/1673
f 1709/2283/1673 1712/2284/1676 1605/2285/1677
f 1605/2285/1677 1602/2279/1674 1709/2283/1673
f 1711/2282/1675 1714/2286/1678 1712/2287/1676
f 1712/2288/1676 1715/2289/1679 1716/2290/1680
f 1716/2291/1680 1605/2285/1677 1712/2284/1676
f 1716/2292/1680 1717/2293/1681 1718/2294/1682
f 1718/2295/1682 1606/2135/1569 1716/2291/1680
f 1718/2294/1682 1719/2296/1683 1612/2297/1684
f 1612/2298/1684 1607/2136/1570 1718/2295/1682
f 1717/2293/1681 1721/2299/1685 1719/2296/1683
f 1719/2296/1683 1722/2300/1686 1723/2301/1687
f 1723/2301/1687 1612/2297/1684 1719/2296/1683
f 1723/2301/1687 1624/2302/1588 1617/2303/1688
f 1617/2303/1688 1613/2304/1576 1723/2301/1687
f 1721/2305/1685 1627/2165/1591 1722/2306/1686
f 1722/2306/1686 1625/2163/1589 1624/2162/1588
f 1724/2307/1689 1720/2308/1690 1725/2309/1691
f 1725/2309/1691 1630/2168/1594 1724/2307/1689
f 1724/2307/1689 1628/2166/1592 1627/2165/1591
f 1726/2310/1692 1727/2311/1693 1728/2312/1694
f 1728/2312/1694 1633/2171/1597 1726/2310/1692
f 1726/2310/1692 1631/2169/1595 1630/2168/1594
f 1729/2313/1695 1730/2314/1696 1731/2315/1697
f 1731/2315/1697 1636/2174/1600 1729/2313/1695
f 1729/2313/1695 1634/2172/1598 1633/2171/1597
f 1732/2316/1698 1733/2317/1699 1734/2318/1700
f 1734/2318/1700 1639/2177/1603 1732/2316/1698
f 1732/2316/1698 1637/2175/1601 1636/2174/1600
f 1734/2318/1700 1735/2319/1701 1736/2320/1702
f 1736/2320/1702 1641/2180/1605 1734/2318/1700
f 1737/2321/1703 1738/2322/1704 1739/2323/1705
f 1739/2323/1705 1644/2184/1608 1737/2321/1703
f 1737/2321/1703 1642/2324/1606 1641/2325/1605
f 1740/2326/1706 1741/2327/1707 1742/2328/1708
f 1742/2328/1708 1647/2329/1611 1740/2326/1706
f 1740/2330/1706 1645/2185/1609 1644/2184/1608
f 1743/2331/1709 1744/2332/1710 1745/2333/1711
f 1745/2333/1711 1650/2334/1615 1743/2331/1709
f 1743/2335/1709 1648/2336/1612 1647/2329/1611
f 1746/2337/1712 1747/2338/1713 1748/2339/1714
f 1746/2337/1712 1749/2340/1715 1653/2341/1716
f 1653/2341/1716 1650/2334/1615 1746/2337/1712
f 1748/2339/1714 1751/2342/1717 1749/2340/1715
f 1749/2343/1715 1752/2344/1718 1656/2345/1719
f 1656/2346/1719 1653/2341/1716 1749/2340/1715
f 1751/2347/1717 1754/2348/1720 1752/2344/1718
f 1752/2344/1718 1755/2349/1721 1659/2350/1722
f 1659/2350/1722 1656/2345/1719 1752/2344/1718
f 1754/2348/1720 1757/2351/1723 1755/2349/1721
f 1755/2349/1721 1758/2352/1724 1662/2353/1725
f 1662/2353/1725 1659/2350/1722 1755/2349/1721
f 1757/2351/1723 1760/2354/1726 1758/2352/1724
f 1758/2352/1724 1761/2355/1727 1762/2356/1728
f 1762/2356/1728 1662/2353/1725 1758/2352/1724
f 1762/2356/1728 1763/2357/1729 1764/2358/1730
f 1764/2358/1730 1663/2213/1628 1762/2356/1728
f 1764/2358/1730 1765/2359/1731 1766/2360/1732
f 1766/2360/1732 1664/2214/1629 1764/2358/1730
f 1766/2361/1732 1767/2362/1733 1768/2363/1734
f 1768/2363/1734 1666/2364/1631 1766/2361/1732
f 1768/2363/1734 1769/2365/1735 1770/2366/1736
f 1770/2366/1736 1668/2221/1633 1768/2363/1734
f 1770/2366/1736 1771/2367/1737 1772/2368/1738
f 1772/2368/1738 1670/2223/1635 1770/2366/1736
f 1772/2369/1738 1773/2370/1739 1774/2371/1740
f 1774/2371/1740 1672/2372/1637 1772/2369/1738
f 1774/2371/1740 1775/2373/1741 1776/2374/1742
f 1776/2374/1742 1674/2228/1639 1774/2371/1740
f 1776/2374/1742 1777/2375/1743 1778/2376/1744
f 1778/2376/1744 1676/2231/1641 1776/2374/1742
f 1778/2376/1744 1779/2377/1745 1780/2378/1746
f 1780/2378/1746 1678/2234/1643 1778/2376/1744
f 1780/2378/1746 1781/2379/1747 1782/2380/1748
f 1782/2380/1748 1680/2236/1645 1780/2378/1746
f 1781/2379/1747 1784/2381/1749 1782/2380/1748
f 1782/2380/1748 1684/2242/1650 1682/2238/1647
f 1783/2382/1750 1786/2383/1751 1784/2381/1749
f 1784/2381/1749 1686/2384/1652 1684/2242/1650
f 1785/2385/1752 1788/2386/1753 1786/2387/1751
f 1786/2387/1751 1688/2248/1654 1686/2245/1652
f 1787/2388/1754 1790/2389/1755 1788/2386/1753
f 1788/2386/1753 1690/2251/1657 1688/2248/1654
f 1789/2390/1756 1792/2391/1757 1790/2392/1755
f 1790/2389/1755 1692/2393/1758 1690/2251/1657
f 1791/2394/1759 1794/2395/1760 1792/2391/1757
f 1792/2391/1757 1795/2396/1761 1692/2397/1758
f 1794/2395/1760 1797/2398/1762 1795/2396/1761
f 1795/2396/1761 1798/2399/1763 1695/2400/1764
f 1695/2400/1764 1692/2397/1758 1795/2396/1761
f 1797/2398/1762 1800/2401/1765 1798/2399/1763
f 1798/2399/1763 1801/2402/1766 1698/2403/1767
f 1698/2403/1767 1695/2400/1764 1798/2399/1763
f 1800/2401/1765 1803/2404/1768 1801/2402/1766
f 1801/2402/1766 1804/2405/1769 1701/2406/1770
f 1701/2406/1770 1698/2403/1767 1801/2402/1766
f 1803/2404/1768 1806/2407/1771 1804/2405/1769
f 1804/2408/1769 1807/2409/1772 1704/2410/1773
f 1704/2410/1773 1701/2411/1770 1804/2408/1769
f 1806/2412/1771 1809/2413/1774 1807/2409/1772
f 1807/2414/1772 1810/2415/1775 1707/2416/1776
f 1707/2416/1776 1704/2417/1773 1807/2414/1772
f 1809/2418/1774 1812/2419/1777 1810/2415/1775
f 1810/2420/1775 1813/2421/1778 1710/2422/1779
f 1710/2422/1779 1707/2423/1776 1810/2420/1775
f 1812/2424/1777 1815/2425/1780 1813/2421/1778
f 1813/2421/1778 1816/2426/1781 1713/2427/1782
f 1713/2427/1782 1710/2422/1779 1813/2421/1778
f 1815/2425/1780 1818/2428/1783 1816/2426/1781
f 1816/2429/1781 1819/2430/1784 1820/2431/1785
f 1820/2432/1785 1713/2427/1782 1816/2426/1781
f 1820/2431/1785 1727/2311/1693 1821/2433/1786
f 1821/2434/1786 1714/2435/1678 1820/2436/1785
f 1821/2433/1786 1725/2309/1691 1720/2308/1690
f 1720/2437/1690 1715/2438/1679 1821/2439/1786
f 1818/2440/1783 1730/2314/1696 1819/2430/1784
f 1819/2430/1784 1728/2312/1694 1727/2311/1693
f 1822/2441/1787 1817/2442/1788 1823/2443/1789
f 1823/2443/1789 1733/2317/1699 1822/2441/1787
f 1822/2441/1787 1731/2315/1697 1730/2314/1696
f 1823/2444/1789 1824/2445/1790 1825/2446/1791
f 1825/2446/1791 1735/2447/1701 1823/2444/1789
f 1826/2448/1792 1827/2449/1793 1828/2450/1794
f 1828/2450/1794 1738/2451/1704 1826/2448/1792
f 1826/2448/1792 1736/2452/1702 1735/2453/1701
f 1829/2454/1795 1830/2455/1796 1831/2456/1797
f 1831/2457/1797 1741/2458/1707 1829/2459/1795
f 1829/2460/1795 1739/2461/1705 1738/2451/1704
f 1832/2462/1798 1833/2463/1799 1834/2464/1800
f 1834/2465/1800 1744/2332/1710 1832/2466/1798
f 1832/2466/1798 1742/2467/1708 1741/2458/1707
f 1835/2468/1801 1836/2469/1802 1837/2470/1803
f 1837/2470/1803 1747/2338/1713 1835/2468/1801
f 1835/2468/1801 1745/2333/1711 1744/2332/1710
f 1838/2471/1804 1839/2472/1805 1840/2473/1806
f 1838/2471/1804 1841/2474/1807 1750/2475/1808
f 1838/2471/1804 1748/2339/1714 1747/2338/1713
f 1841/2474/1807 1842/2476/1809 1843/2477/1810
f 1843/2477/1810 1753/2478/1811 1841/2474/1807
f 1753/2478/1811 1750/2475/1808 1841/2474/1807
f 1844/2479/1812 1845/2480/1813 1846/2481/1814
f 1846/2482/1814 1756/2483/1815 1844/2484/1812
f 1756/2483/1815 1753/2485/1811 1844/2484/1812
f 1846/2482/1814 1849/2486/1816 1847/2487/1817
f 1847/2487/1817 1850/2488/1818 1759/2489/1819
f 1759/2489/1819 1756/2483/1815 1847/2487/1817
f 1849/2486/1816 1852/2490/1820 1850/2488/1818
f 1850/2488/1818 1853/2491/1821 1854/2492/1822
f 1854/2492/1822 1759/2489/1819 1850/2488/1818
f 1854/2492/1822 1855/2493/1823 1856/2494/1824
f 1856/2494/1824 1760/2354/1726 1854/2492/1822
f 1856/2494/1824 1857/2495/1825 1858/2496/1826
f 1858/2496/1826 1761/2355/1727 1856/2494/1824
f 1858/2496/1826 1859/2497/1827 1860/2498/1828
f 1860/2498/1828 1763/2357/1729 1858/2496/1826
f 1860/2499/1828 1861/2500/1829 1862/2501/1830
f 1862/2501/1830 1765/2502/1731 1860/2499/1828
f 1862/2501/1830 1863/2503/1831 1864/2504/1832
f 1864/2504/1832 1767/2362/1733 1862/2501/1830
f 1864/2504/1832 1865/2505/1833 1866/2506/1834
f 1866/2506/1834 1769/2365/1735 1864/2504/1832
f 1866/2507/1834 1867/2508/1835 1868/2509/1836
f 1868/2509/1836 1771/2510/1737 1866/2507/1834
f 1868/2509/1836 1869/2511/1837 1870/2512/1838
f 1870/2512/1838 1773/2370/1739 1868/2509/1836
f 1870/2512/1838 1871/2513/1839 1872/2514/1840
f 1872/2514/1840 1775/2373/1741 1870/2512/1838
f 1872/2514/1840 1873/2515/1841 1874/2516/1842
f 1874/2516/1842 1777/2375/1743 1872/2514/1840
f 1874/2516/1842 1875/2517/1843 1876/2518/1844
f 1876/2518/1844 1779/2377/1745 1874/2516/1842
f 1875/2517/1843 1878/2519/1845 1876/2518/1844
f 1876/2518/1844 1783/2382/1750 1781/2379/1747
f 1877/2520/1846 1880/2521/1847 1878/2519/1845
f 1878/2519/1845 1785/2522/1752 1783/2382/1750
f 1879/2523/1848 1882/2524/1849 1880/2525/1847
f 1880/2525/1847 1787/2388/1754 1785/2385/1752
f 1881/2526/1850 1884/2527/1851 1882/2524/1849
f 1882/2524/1849 1789/2528/1756 1787/2388/1754
f 1883/2529/1852 1886/2530/1853 1884/2531/1851
f 1884/2531/1851 1791/2394/1759 1789/2390/1756
f 1885/2532/1854 1888/2533/1855 1886/2530/1853
f 1886/2530/1853 1793/2534/1856 1791/2394/1759
f 1887/2535/1857 1890/2536/1858 1888/2533/1855
f 1888/2533/1855 1891/2537/1859 1793/2534/1856
f 1890/2536/1858 1893/2538/1860 1891/2537/1859
f 1891/2537/1859 1894/2539/1861 1796/2540/1862
f 1796/2540/1862 1793/2534/1856 1891/2537/1859
f 1893/2538/1860 1896/2541/1863 1894/2539/1861
f 1894/2539/1861 1897/2542/1864 1799/2543/1865
f 1799/2543/1865 1796/2540/1862 1894/2539/1861
f 1896/2541/1863 1899/2544/1866 1897/2542/1864
f 1897/2542/1864 1900/2545/1867 1802/2546/1868
f 1802/2546/1868 1799/2543/1865 1897/2542/1864
f 1899/2544/1866 1902/2547/1869 1900/2545/1867
f 1900/2548/1867 1903/2549/1870 1805/2550/1871
f 1805/2551/1871 1802/2546/1868 1900/2545/1867
f 1902/2552/1869 1905/2553/1872 1903/2549/1870
f 1903/2549/1870 1906/2554/1873 1808/2555/1874
f 1808/2555/1874 1805/2550/1871 1903/2549/1870
f 1905/2553/1872 1908/2556/1875 1906/2554/1873
f 1906/2554/1873 1909/2557/1876 1811/2558/1877
f 1811/2558/1877 1808/2555/1874 1906/2554/1873
f 1908/2556/1875 1911/2559/1878 1909/2557/1876
f 1909/2560/1876 1824/2561/1790 1814/2562/1879
f 1814/2562/1879 1811/2563/1877 1909/2560/1876
f 1910/2564/1880 1827/2565/1793 1911/2559/1878
f 1911/2566/1878 1825/2567/1791 1824/2561/1790
f 1912/2568/1881 1913/2569/1882 1914/2570/1883
f 1914/2570/1883 1830/2455/1796 1912/2568/1881
f 1912/2568/1881 1828/2571/1794 1827/2572/1793
f 1915/2573/1884 1916/2574/1885 1917/2575/1886
f 1917/2575/1886 1833/2463/1799 1915/2573/1884
f 1915/2573/1884 1831/2456/1797 1830/2455/1796
f 1918/2576/1887 1919/2577/1888 1920/2578/1889
f 1920/2578/1889 1836/2579/1802 1918/2576/1887
f 1918/2576/1887 1834/2464/1800 1833/2463/1799
f 1921/2580/1890 1922/2581/1891 1923/2582/1892
f 1923/2582/1892 1839/2583/1805 1921/2580/1890
f 1921/2580/1890 1837/2584/1803 1836/2579/1802
f 1924/2585/1893 1925/2586/1894 1926/2587/1895
f 1924/2588/1893 1927/2589/1896 1842/2476/1809
f 1924/2588/1893 1840/2473/1806 1839/2472/1805
f 1927/2589/1896 1928/2590/1897 1929/2591/1898
f 1929/2591/1898 1845/2480/1813 1927/2589/1896
f 1845/2480/1813 1842/2476/1809 1927/2589/1896
f 1930/2592/1899 1931/2593/1900 1932/2594/1901
f 1932/2594/1901 1848/2595/1902 1930/2592/1899
f 1848/2595/1902 1845/2480/1813 1930/2592/1899
f 1933/2596/1903 1934/2597/1904 1935/2598/1905
f 1935/2598/1905 1851/2599/1906 1933/2596/1903
f 1851/2599/1906 1848/2600/1902 1933/2596/1903
f 1936/2601/1907 1937/2602/1908 1938/2603/1909
f 1938/2603/1909 1940/2604/1910 1936/2601/1907
f 1940/2604/1910 1851/2599/1906 1936/2601/1907
f 1940/2604/1910 1941/2605/1911 1942/2606/1912
f 1942/2606/1912 1852/2490/1820 1940/2604/1910
f 1942/2606/1912 1943/2607/1913 1944/2608/1914
f 1944/2608/1914 1853/2491/1821 1942/2606/1912
f 1944/2608/1914 1945/2609/1915 1946/2610/1916
f 1946/2610/1916 1855/2493/1823 1944/2608/1914
f 1946/2610/1916 1947/2611/1917 1948/2612/1918
f 1948/2612/1918 1857/2495/1825 1946/2610/1916
f 1948/2613/1918 1949/2614/1919 1950/2615/1920
f 1950/2615/1920 1859/2616/1827 1948/2613/1918
f 1950/2615/1920 1951/2617/1921 1952/2618/1922
f 1952/2618/1922 1861/2500/1829 1950/2615/1920
f 1952/2619/1922 1953/2620/1923 1954/2621/1924
f 1954/2621/1924 1863/2622/1831 1952/2619/1922
f 1954/2621/1924 1955/2623/1925 1956/2624/1926
f 1956/2624/1926 1865/2625/1833 1954/2621/1924
f 1956/2624/1926 1957/2626/1927 1958/2627/1928
f 1958/2627/1928 1867/2508/1835 1956/2624/1926
f 1958/2627/1928 1959/2628/1929 1960/2629/1930
f 1960/2629/1930 1869/2511/1837 1958/2627/1928
f 1960/2629/1930 1961/2630/1931 1962/2631/1932
f 1962/2631/1932 1871/2513/1839 1960/2629/1930
f 1962/2631/1932 1963/2632/1933 1964/2633/1934
f 1964/2633/1934 1873/2515/1841 1962/2631/1932
f 1963/2632/1933 1966/2634/1935 1964/2633/1934
f 1964/2633/1934 1877/2520/1846 1875/2517/1843
f 1965/2635/1936 1968/2636/1937 1966/2634/1935
f 1966/2634/1935 1879/2637/1848 1877/2520/1846
f 1967/2638/1938 1970/2639/1939 1968/2640/1937
f 1968/2640/1937 1881/2526/1850 1879/2523/1848
f 1969/2641/1940 1972/2642/1941 1970/2639/1939
f 1970/2639/1939 1883/2643/1852 1881/2526/1850
f 1971/2644/1942 1974/2645/1943 1972/2646/1941
f 1972/2646/1941 1885/2532/1854 1883/2529/1852
f 1973/2647/1944 1976/2648/1945 1974/2645/1943
f 1974/2645/1943 1887/2535/1857 1885/2532/1854
f 1975/2649/1946 1978/2650/1947 1976/2648/1945
f 1976/2648/1945 1889/2651/1948 1887/2535/1857
f 1977/2652/1949 1980/2653/1950 1978/2650/1947
f 1978/2650/1947 1981/2654/1951 1889/2651/1948
f 1980/2653/1950 1983/2655/1952 1981/2654/1951
f 1981/2654/1951 1984/2656/1953 1892/2657/1954
f 1892/2657/1954 1889/2651/1948 1981/2654/1951
f 1983/2655/1952 1986/2658/1955 1984/2656/1953
f 1984/2656/1953 1987/2659/1956 1895/2660/1957
f 1895/2660/1957 1892/2657/1954 1984/2656/1953
f 1986/2658/1955 1989/2661/1958 1987/2659/1956
f 1987/2659/1956 1990/2662/1959 1898/2663/1960
f 1898/2663/1960 1895/2660/1957 1987/2659/1956
f 1989/2664/1958 1992/2665/1961 1990/2666/1959
f 1990/2666/1959 1993/2667/1962 1901/2668/1963
f 1901/2669/1963 1898/2663/1960 1990/2662/1959
f 1992/2665/1961 1995/2670/1964 1993/2667/1962
f 1993/2667/1962 1996/2671/1965 1904/2672/1966
f 1904/2672/1966 1901/2668/1963 1993/2667/1962
f 1995/2673/1964 1998/2674/1967 1996/2675/1965
f 1996/2675/1965 1913/2569/1882 1907/2676/1968
f 1907/2677/1968 1904/2672/1966 1996/2671/1965
f 1997/2678/1969 1916/2574/1885 1998/2674/1967
f 1998/2674/1967 1914/2570/1883 1913/2569/1882
f 1999/2679/1970 2000/2680/1971 2001/2681/1972
f 2001/2681/1972 1919/2577/1888 1999/2679/1970
f 1999/2679/1970 1917/2575/1886 1916/2574/1885
f 2002/2682/1973 2003/2683/1974 2004/2684/1975
f 2004/2684/1975 1922/2581/1891 2002/2682/1973
f 2002/2682/1973 1920/2578/1889 1919/2577/1888
f 2005/2685/1976 2006/2686/1977 2007/2687/1978
f 2007/2687/1978 1925/2586/1894 2005/2685/1976
f 2005/2685/1976 1923/2582/1892 1922/2581/1891
f 2008/2688/1979 2009/2689/1980 2010/2690/1981
f 2010/2690/1981 1928/2691/1897 2008/2688/1979
f 2008/2688/1979 1926/2587/1895 1925/2586/1894
f 2011/2692/1982 2012/2693/1983 2013/2694/1984
f 2013/2695/1984 1931/2593/1900 2011/2696/1982
f 2011/2696/1982 1929/2591/1898 1928/2590/1897
f 2014/2697/1985 2015/2698/1986 2016/2699/1987
f 2016/2699/1987 1934/2700/1904 2014/2697/1985
f 2014/2697/1985 1932/2594/1901 1931/2593/1900
f 2017/2701/1988 2018/2702/1989 2019/2703/1990
f 2019/2703/1990 1937/2704/1908 2017/2701/1988
f 2017/2705/1988 1935/2598/1905 1934/2597/1904
f 2020/2706/1991 2021/2707/1992 2022/2708/1993
f 2022/2709/1993 2024/2710/1994 2020/2711/1991
f 2020/2711/1991 1938/2603/1909 1937/2602/1908
f 2023/2712/1995 2026/2713/1996 2024/2710/1994
f 2024/2710/1994 1939/2714/1997 1938/2603/1909
f 2025/2715/1998 2028/2716/1999 2026/2713/1996
f 2026/2713/1996 1941/2605/1911 1939/2714/1997
f 2027/2717/2000 2030/2718/2001 2028/2716/1999
f 2030/2718/2001 1941/2605/1911 2028/2716/1999
f 2030/2718/2001 2031/2719/2002 2032/2720/2003
f 2032/2720/2003 1943/2607/1913 2030/2718/2001
f 2032/2720/2003 2033/2721/2004 2034/2722/2005
f 2034/2722/2005 1945/2609/1915 2032/2720/2003
f 2034/2723/2005 2035/2724/2006 2036/2725/2007
f 2036/2725/2007 1947/2726/1917 2034/2723/2005
f 2036/2725/2007 2037/2727/2008 2038/2728/2009
f 2038/2728/2009 1949/2614/1919 2036/2725/2007
f 2038/2728/2009 2039/2729/2010 2040/2730/2011
f 2040/2730/2011 1951/2617/1921 2038/2728/2009
f 2040/2731/2011 2041/2732/2012 2042/2733/2013
f 2042/2733/2013 1953/2620/1923 2040/2731/2011
f 2042/2733/2013 2043/2734/2014 2044/2735/2015
f 2044/2735/2015 1955/2623/1925 2042/2733/2013
f 2044/2735/2015 2045/2736/2016 2046/2737/2017
f 2046/2737/2017 1957/2626/1927 2044/2735/2015
f 2046/2737/2017 2047/2738/2018 2048/2739/2019
f 2048/2739/2019 1959/2628/1929 2046/2737/2017
f 2048/2739/2019 2049/2740/2020 2050/2741/2021
f 2050/2741/2021 1961/2630/1931 2048/2739/2019
f 2049/2740/2020 2052/2742/2022 2050/2741/2021
f 2050/2741/2021 1965/2635/1936 1963/2632/1933
f 2051/2743/2023 2054/2744/2024 2052/2742/2022
f 2052/2742/2022 1967/2745/1938 1965/2635/1936
f 2053/2746/2025 2056/2747/2026 2054/2748/2024
f 2054/2748/2024 1969/2641/1940 1967/2638/1938
f 2055/2749/2027 2058/2750/2028 2056/2747/2026
f 2056/2747/2026 1971/2751/1942 1969/2641/1940
f 2057/2752/2029 2060/2753/2030 2058/2754/2028
f 2058/2754/2028 1973/2647/1944 1971/2644/1942
f 2059/2755/2031 2062/2756/2032 2060/2753/2030
f 2060/2753/2030 1975/2649/1946 1973/2647/1944
f 2061/2757/2033 2064/2758/2034 2062/2756/2032
f 2062/2756/2032 1977/2652/1949 1975/2649/1946
f 2063/2759/2035 2066/2760/2036 2064/2758/2034
f 2064/2758/2034 1979/2761/2037 1977/2652/1949
f 2065/2762/2038 2068/2763/2039 2066/2760/2036
f 2066/2760/2036 2069/2764/2040 1979/2761/2037
f 2068/2763/2039 2071/2765/2041 2069/2764/2040
f 2069/2764/2040 2072/2766/2042 1982/2767/2043
f 1982/2767/2043 1979/2761/2037 2069/2764/2040
f 2071/2765/2041 2074/2768/2044 2072/2766/2042
f 2072/2766/2042 2075/2769/2045 1985/2770/2046
f 1985/2770/2046 1982/2767/2043 2072/2766/2042
f 2074/2771/2044 2077/2772/2047 2075/2773/2045
f 2075/2774/2045 2078/2775/2048 1988/2776/2049
f 1988/2777/2049 1985/2770/2046 2075/2769/2045
f 2077/2778/2047 2080/2779/2050 2078/2775/2048
f 2078/2775/2048 2081/2780/2051 1991/2781/2052
f 1991/2781/2052 1988/2776/2049 2078/2775/2048
f 2080/2782/2050 2083/2783/2053 2081/2784/2051
f 2081/2784/2051 2000/2680/1971 1994/2785/2054
f 1994/2786/2054 1991/2781/2052 2081/2780/2051
f 2082/2787/2055 2003/2683/1974 2083/2783/2053
f 2083/2783/2053 2001/2681/1972 2000/2680/1971
f 2084/2788/2056 2085/2789/2057 2086/2790/2058
f 2086/2790/2058 2006/2686/1977 2084/2788/2056
f 2084/2788/2056 2004/2684/1975 2003/2683/1974
f 2087/2791/2059 2088/2792/2060 2089/2793/2061
f 2089/2793/2061 2009/2689/1980 2087/2791/2059
f 2087/2791/2059 2007/2687/1978 2006/2686/1977
f 2090/2794/2062 2091/2795/2063 2092/2796/2064
f 2092/2796/2064 2012/2693/1983 2090/2794/2062
f 2090/2794/2062 2010/2690/1981 2009/2689/1980
f 2093/2797/2065 2094/2798/2066 2095/2799/2067
f 2095/2799/2067 2015/2800/1986 2093/2797/2065
f 2093/2797/2065 2013/2694/1984 2012/2693/1983
f 2096/2801/2068 2097/2802/2069 2098/2803/2070
f 2098/2804/2070 2018/2702/1989 2096/2805/2068
f 2096/2805/2068 2016/2699/1987 2015/2698/1986
f 2099/2806/2071 2100/2807/2072 2101/2808/2073
f 2101/2808/2073 2021/2707/1992 2099/2806/2071
f 2099/2806/2071 2019/2703/1990 2018/2702/1989
f 2102/2809/2074 2103/2810/2075 2104/2811/2076
f 2104/2812/2076 2106/2813/2077 2102/2814/2074
f 2102/2809/2074 2022/2708/1993 2021/2707/1992
f 2105/2815/2078 2108/2816/2079 2106/2813/2077
f 2106/2813/2077 2023/2712/1995 2022/2709/1993
f 2107/2817/2080 2110/2818/2081 2108/2816/2079
f 2108/2816/2079 2025/2715/1998 2023/2712/1995
f 2109/2819/2082 2112/2820/2083 2110/2818/2081
f 2110/2818/2081 2027/2717/2000 2025/2715/1998
f 2111/2821/2084 2114/2822/2085 2112/2820/2083
f 2112/2820/2083 2029/2823/2086 2027/2717/2000
f 2113/2824/2087 2116/2825/2088 2114/2822/2085
f 2114/2822/2085 2031/2719/2002 2029/2823/2086
f 2116/2825/2088 2117/2826/2089 2118/2827/2090
f 2118/2827/2090 2031/2719/2002 2116/2825/2088
f 2118/2828/2090 2119/2829/2091 2120/2830/2092
f 2120/2830/2092 2033/2831/2004 2118/2828/2090
f 2120/2830/2092 2121/2832/2093 2122/2833/2094
f 2122/2833/2094 2035/2724/2006 2120/2830/2092
f 2122/2833/2094 2123/2834/2095 2124/2835/2096
f 2124/2835/2096 2037/2727/2008 2122/2833/2094
f 2124/2836/2096 2125/2837/2097 2126/2838/2098
f 2126/2838/2098 2039/2839/2010 2124/2836/2096
f 2126/2838/2098 2127/2840/2099 2128/2841/2100
f 2128/2841/2100 2041/2732/2012 2126/2838/2098
f 2128/2841/2100 2129/2842/2101 2130/2843/2102
f 2130/2843/2102 2043/2734/2014 2128/2841/2100
f 2130/2843/2102 2131/2844/2103 2132/2845/2104
f 2132/2845/2104 2045/2736/2016 2130/2843/2102
f 2132/2845/2104 2133/2846/2105 2134/2847/2106
f 2134/2847/2106 2047/2738/2018 2132/2845/2104
f 2134/2847/2106 2135/2848/2107 2136/2849/2108
f 2136/2849/2108 2049/2740/2020 2134/2847/2106
f 2135/2848/2107 2138/2850/2109 2136/2849/2108
f 2136/2849/2108 2053/2851/2025 2051/2743/2023
f 2137/2852/2110 2140/2853/2111 2138/2854/2109
f 2138/2854/2109 2055/2749/2027 2053/2746/2025
f 2139/2855/2112 2142/2856/2113 2140/2853/2111
f 2140/2853/2111 2057/2857/2029 2055/2749/2027
f 2141/2858/2114 2144/2859/2115 2142/2860/2113
f 2142/2860/2113 2059/2755/2031 2057/2752/2029
f 2143/2861/2116 2146/2862/2117 2144/2859/2115
f 2144/2859/2115 2061/2757/2033 2059/2755/2031
f 2145/2863/2118 2148/2864/2119 2146/2862/2117
f 2146/2862/2117 2063/2759/2035 2061/2757/2033
f 2147/2865/2120 2150/2866/2121 2148/2864/2119
f 2148/2864/2119 2065/2762/2038 2063/2759/2035
f 2149/2867/2122 2152/2868/2123 2150/2866/2121
f 2150/2866/2121 2067/2869/2124 2065/2762/2038
f 2151/2870/2125 2154/2871/2126 2152/2868/2123
f 2152/2868/2123 2155/2872/2127 2067/2869/2124
f 2154/2871/2126 2157/2873/2128 2155/2872/2127
f 2155/2872/2127 2158/2874/2129 2070/2875/2130
f 2070/2875/2130 2067/2869/2124 2155/2872/2127
f 2157/2876/2128 2160/2877/2131 2158/2878/2129
f 2158/2878/2129 2161/2879/2132 2073/2880/2133
f 2073/2881/2133 2070/2875/2130 2158/2874/2129
f 2160/2877/2131 2163/2882/2134 2161/2879/2132
f 2161/2883/2132 2164/2884/2135 2076/2885/2136
f 2076/2886/2136 2073/2887/2133 2161/2888/2132
f 2163/2889/2134 2166/2890/2137 2164/2884/2135
f 2164/2884/2135 2085/2789/2057 2079/2891/2138
f 2079/2892/2138 2076/2886/2136 2164/2893/2135
f 2165/2894/2139 2088/2792/2060 2166/2890/2137
f 2166/2890/2137 2086/2790/2058 2085/2789/2057
f 2167/2895/2140 2168/2896/2141 2169/2897/2142
f 2169/2897/2142 2091/2795/2063 2167/2895/2140
f 2167/2895/2140 2089/2793/2061 2088/2792/2060
f 2170/2898/2143 2171/2899/2144 2172/2900/2145
f 2172/2900/2145 2094/2798/2066 2170/2898/2143
f 2170/2898/2143 2092/2796/2064 2091/2795/2063
f 2173/2901/2146 2174/2902/2147 2175/2903/2148
f 2175/2903/2148 2097/2802/2069 2173/2901/2146
f 2173/2901/2146 2095/2799/2067 2094/2798/2066
f 2176/2904/2149 2177/2905/2150 2178/2906/2151
f 2178/2906/2151 2100/2907/2072 2176/2904/2149
f 2176/2904/2149 2098/2803/2070 2097/2802/2069
f 2179/2908/2152 2180/2909/2153 2181/2910/2154
f 2181/2910/2154 2103/2810/2075 2179/2908/2152
f 2179/2908/2152 2101/2808/2073 2100/2807/2072
f 2182/2911/2155 2183/2912/2156 2184/2913/2157
f 2184/2913/2157 2186/2914/2158 2182/2911/2155
f 2182/2911/2155 2104/2811/2076 2103/2810/2075
f 2185/2915/2159 2188/2916/2160 2186/2914/2158
f 2186/2917/2158 2105/2815/2078 2104/2812/2076
f 2187/2918/2161 2190/2919/2162 2188/2920/2160
f 2188/2920/2160 2107/2817/2080 2105/2815/2078
f 2189/2921/2163 2192/2922/2164 2190/2919/2162
f 2190/2919/2162 2109/2819/2082 2107/2817/2080
f 2191/2923/2165 2194/2924/2166 2192/2922/2164
f 2192/2922/2164 2111/2821/2084 2109/2819/2082
f 2193/2925/2167 2196/2926/2168 2194/2924/2166
f 2194/2924/2166 2113/2824/2087 2111/2821/2084
f 2195/2927/2169 2198/2928/2170 2196/2926/2168
f 2196/2926/2168 2115/2929/2171 2113/2824/2087
f 2197/2930/2172 2200/2931/2173 2198/2932/2170
f 2200/2933/2173 2115/2929/2171 2198/2928/2170
f 2200/2931/2173 2201/2934/2174 2202/2935/2175
f 2202/2935/2175 2117/2936/2089 2200/2931/2173
f 2202/2935/2175 2203/2937/2176 2204/2938/2177
f 2204/2938/2177 2119/2829/2091 2202/2935/2175
f 2204/2938/2177 2205/2939/2178 2206/2940/2179
f 2206/2940/2179 2121/2832/2093 2204/2938/2177
f 2206/2941/2179 2207/2942/2180 2208/2943/2181
f 2208/2943/2181 2123/2944/2095 2206/2941/2179
f 2208/2943/2181 2209/2945/2182 2210/2946/2183
f 2210/2946/2183 2125/2837/2097 2208/2943/2181
f 2210/2946/2183 2211/2947/2184 2212/2948/2185
f 2212/2948/2185 2127/2840/2099 2210/2946/2183
f 2212/2948/2185 2213/2949/2186 2214/2950/2187
f 2214/2950/2187 2129/2842/2101 2212/2948/2185
f 2214/2950/2187 2215/2951/2188 2216/2952/2189
f 2216/2952/2189 2131/2844/2103 2214/2950/2187
f 2216/2952/2189 2217/2953/2190 2218/2954/2191
f 2218/2954/2191 2133/2846/2105 2216/2952/2189
f 2218/2954/2191 2219/2955/2192 2220/2956/2193
f 2220/2956/2193 2135/2848/2107 2218/2954/2191
f 2219/2957/2192 2222/2958/2194 2220/2959/2193
f 2220/2959/2193 2139/2855/2112 2137/2852/2110
f 2221/2960/2195 2224/2961/2196 2222/2958/2194
f 2222/2958/2194 2141/2962/2114 2139/2855/2112
f 2223/2963/2197 2226/2964/2198 2224/2961/2196
f 2224/2965/2196 2143/2861/2116 2141/2858/2114
f 2225/2966/2199 2228/2967/2200 2226/2968/2198
f 2226/2968/2198 2145/2863/2118 2143/2861/2116
f 2227/2969/2201 2230/2970/2202 2228/2967/2200
f 2228/2967/2200 2147/2865/2120 2145/2863/2118
f 2229/2971/2203 2232/2972/2204 2230/2970/2202
f 2230/2970/2202 2149/2867/2122 2147/2865/2120
f 2231/2973/2205 2234/2974/2206 2232/2972/2204
f 2232/2972/2204 2151/2870/2125 2149/2867/2122
f 2233/2975/2207 2236/2976/2208 2234/2974/2206
f 2234/2974/2206 2153/2977/2209 2151/2870/2125
f 2235/2978/2210 2238/2979/2211 2236/2980/2208
f 2236/2980/2208 2239/2981/2212 2153/2982/2209
f 2238/2979/2211 2241/2983/2213 2239/2981/2212
f 2239/2981/2212 2242/2984/2214 2156/2985/2215
f 2156/2986/2215 2153/2977/2209 2239/2987/2212
f 2241/2988/2213 2244/2989/2216 2242/2990/2214
f 2242/2984/2214 2245/2991/2217 2159/2992/2218
f 2159/2992/2218 2156/2985/2215 2242/2984/2214
f 2244/2989/2216 2247/2993/2219 2245/2994/2217
f 2245/2994/2217 2168/2896/2141 2162/2995/2220
f 2162/2996/2220 2159/2992/2218 2245/2991/2217
f 2246/2997/2221 2171/2899/2144 2247/2993/2219
f 2247/2993/2219 2169/2897/2142 2168/2896/2141
f 2248/2998/2222 2249/2999/2223 2250/3000/2224
f 2250/3000/2224 2174/2902/2147 2248/2998/2222
f 2248/2998/2222 2172/2900/2145 2171/2899/2144
f 2251/3001/2225 2252/3002/2226 2253/3003/2227
f 2253/3003/2227 2177/2905/2150 2251/3001/2225
f 2251/3001/2225 2175/2903/2148 2174/2902/2147
f 2254/3004/2228 2255/3005/2229 2256/3006/2230
f 2256/3006/2230 2180/3007/2153 2254/3004/2228
f 2254/3004/2228 2178/2906/2151 2177/2905/2150
f 2257/3008/2231 2258/3009/2232 2259/3010/2233
f 2259/3011/2233 2183/2912/2156 2257/3012/2231
f 2257/3012/2231 2181/2910/2154 2180/2909/2153
f 2260/3013/2234 2261/3014/2235 2262/3015/2236
f 2262/3015/2236 2264/3016/2237 2260/3013/2234
f 2260/3013/2234 2184/2913/2157 2183/2912/2156
f 2263/3017/2238 2266/3018/2239 2264/3016/2237
f 2264/3016/2237 2185/2915/2159 2184/2913/2157
f 2265/3019/2240 2268/3020/2241 2266/3018/2239
f 2266/3018/2239 2187/3021/2161 2185/2915/2159
f 2267/3022/2242 2270/3023/2243 2268/3024/2241
f 2268/3024/2241 2189/2921/2163 2187/2918/2161
f 2269/3025/2244 2272/3026/2245 2270/3023/2243
f 2270/3023/2243 2191/2923/2165 2189/2921/2163
f 2271/3027/2246 2274/3028/2247 2272/3026/2245
f 2272/3026/2245 2193/2925/2167 2191/2923/2165
f 2273/3029/2248 2276/3030/2249 2274/3028/2247
f 2274/3028/2247 2195/2927/2169 2193/2925/2167
f 2275/3031/2250 2278/3032/2251 2276/3033/2249
f 2276/3030/2249 2197/3034/2172 2195/2927/2169
f 2277/3035/2252 2280/3036/2253 2278/3032/2251
f 2278/3037/2251 2199/3038/2254 2197/3034/2172
f 2280/3036/2253 2281/3039/2255 2282/3040/2256
f 2282/3040/2256 2199/3041/2254 2280/3036/2253
f 2282/3040/2256 2283/3042/2257 2284/3043/2258
f 2284/3043/2258 2201/2934/2174 2282/3040/2256
f 2284/3043/2258 2285/3044/2259 2286/3045/2260
f 2286/3045/2260 2203/2937/2176 2284/3043/2258
f 2286/3045/2260 2287/3046/2261 2288/3047/2262
f 2288/3047/2262 2205/2939/2178 2286/3045/2260
f 2288/3047/2262 2289/3048/2263 2290/3049/2264
f 2290/3050/2264 2207/2942/2180 2288/3051/2262
f 2290/3050/2264 2291/3052/2265 2292/3053/2266
f 2292/3053/2266 2209/2945/2182 2290/3050/2264
f 2292/3053/2266 2293/3054/2267 2294/3055/2268
f 2294/3055/2268 2211/2947/2184 2292/3053/2266
f 2294/3055/2268 2295/3056/2269 2296/3057/2270
f 2296/3057/2270 2213/2949/2186 2294/3055/2268
f 2296/3057/2270 2297/3058/2271 2298/3059/2272
f 2298/3059/2272 2215/2951/2188 2296/3057/2270
f 2298/3060/2272 2299/3061/2273 2300/3062/2274
f 2300/3063/2274 2217/2953/2190 2298/3059/2272
f 2299/3061/2273 2302/3064/2275 2300/3062/2274
f 2300/3062/2274 2221/2960/2195 2219/2957/2192
f 2301/3065/2276 2304/3066/2277 2302/3064/2275
f 2302/3064/2275 2223/2963/2197 2221/2960/2195
f 2303/3067/2278 2306/3068/2279 2304/3066/2277
f 2304/3066/2277 2225/3069/2199 2223/2963/2197
f 2305/3070/2280 2308/3071/2281 2306/3068/2279
f 2306/3072/2279 2227/2969/2201 2225/2966/2199
f 2307/3073/2282 2310/3074/2283 2308/3075/2281
f 2308/3075/2281 2229/2971/2203 2227/2969/2201
f 2309/3076/2284 2312/3077/2285 2310/3074/2283
f 2310/3074/2283 2231/2973/2205 2229/2971/2203
f 2311/3078/2286 2314/3079/2287 2312/3077/2285
f 2312/3077/2285 2233/2975/2207 2231/2973/2205
f 2313/3080/2288 2316/3081/2289 2314/3082/2287
f 2314/3079/2287 2235/3083/2210 2233/2975/2207
f 2315/3084/2290 2318/3085/2291 2316/3081/2289
f 2316/3081/2289 2237/3086/2292 2235/2978/2210
f 2317/3087/2293 2320/3088/2294 2318/3085/2291
f 2318/3085/2291 2321/3089/2295 2237/3086/2292
f 2320/3088/2294 2323/3090/2296 2321/3089/2295
f 2321/3089/2295 2324/3091/2297 2240/3092/2298
f 2240/3092/2298 2237/3086/2292 2321/3089/2295
f 2323/3093/2296 2326/3094/2299 2324/3095/2297
f 2324/3095/2297 2249/2999/2223 2243/3096/2300
f 2243/3097/2300 2240/3092/2298 2324/3091/2297
f 2325/3098/2301 2252/3002/2226 2326/3094/2299
f 2326/3094/2299 2250/3000/2224 2249/2999/2223
f 2327/3099/2302 2328/3100/2303 2329/3101/2304
f 2329/3101/2304 2255/3005/2229 2327/3099/2302
f 2327/3099/2302 2253/3003/2227 2252/3002/2226
f 2330/3102/2305 2331/3103/2306 2332/3104/2307
f 2332/3105/2307 2258/3106/2232 2330/3107/2305
f 2330/3102/2305 2256/3006/2230 2255/3005/2229
f 2333/3108/2308 2334/3109/2309 2335/3110/2310
f 2335/3111/2310 2261/3014/2235 2333/3112/2308
f 2333/3112/2308 2259/3011/2233 2258/3106/2232
f 2336/3113/2311 2337/3114/2312 2338/3115/2313
f 2338/3115/2313 2340/3116/2314 2336/3113/2311
f 2336/3113/2311 2262/3015/2236 2261/3014/2235
f 2339/3117/2315 2342/3118/2316 2340/3116/2314
f 2340/3116/2314 2263/3017/2238 2262/3015/2236
f 2341/3119/2317 2344/3120/2318 2342/3118/2316
f 2342/3118/2316 2265/3019/2240 2263/3017/2238
f 2343/3121/2319 2346/3122/2320 2344/3120/2318
f 2344/3120/2318 2267/3123/2242 2265/3019/2240
f 2345/3124/2321 2348/3125/2322 2346/3126/2320
f 2346/3126/2320 2269/3025/2244 2267/3022/2242
f 2347/3127/2323 2350/3128/2324 2348/3125/2322
f 2348/3125/2322 2271/3027/2246 2269/3025/2244
f 2349/3129/2325 2352/3130/2326 2350/3128/2324
f 2350/3128/2324 2273/3029/2248 2271/3027/2246
f 2351/3131/2327 2354/3132/2328 2352/3130/2326
f 2352/3130/2326 2275/3133/2250 2273/3029/2248
f 2353/3134/2329 2356/3135/2330 2354/3136/2328
f 2354/3136/2328 2277/3035/2252 2275/3031/2250
f 2356/3135/2330 2357/3137/2331 2358/3138/2332
f 2356/3135/2330 2279/3139/2333 2277/3035/2252
f 2358/3138/2332 2359/3140/2334 2360/3141/2335
f 2360/3141/2335 2279/3139/2333 2358/3138/2332
f 2360/3141/2335 2361/3142/2336 2362/3143/2337
f 2362/3143/2337 2281/3039/2255 2360/3141/2335
f 2362/3143/2337 2363/3144/2338 2364/3145/2339
f 2364/3145/2339 2283/3042/2257 2362/3143/2337
f 2364/3145/2339 2365/3146/2340 2366/3147/2341
f 2366/3147/2341 2285/3044/2259 2364/3145/2339
f 2366/3147/2341 2367/3148/2342 2368/3149/2343
f 2368/3149/2343 2287/3046/2261 2366/3147/2341
f 2368/3150/2343 2369/3151/2344 2370/3152/2345
f 2370/3152/2345 2289/3153/2263 2368/3150/2343
f 2370/3152/2345 2371/3154/2346 2372/3155/2347
f 2372/3155/2347 2291/3052/2265 2370/3152/2345
f 2372/3155/2347 2373/3156/2348 2374/3157/2349
f 2374/3157/2349 2293/3054/2267 2372/3155/2347
f 2374/3157/2349 2375/3158/2350 2376/3159/2351
f 2376/3159/2351 2295/3056/2269 2374/3157/2349
f 2375/3160/2350 2378/3161/2352 2376/3162/2351
f 2378/3161/2352 2297/3163/2271 2376/3162/2351
f 2377/3164/2353 2380/3165/2354 2378/3161/2352
f 2378/3161/2352 2301/3065/2276 2299/3061/2273
f 2379/3166/2355 2382/3167/2356 2380/3165/2354
f 2380/3165/2354 2303/3067/2278 2301/3065/2276
f 2381/3168/2357 2384/3169/2358 2382/3167/2356
f 2382/3167/2356 2305/3070/2280 2303/3067/2278
f 2383/3170/2359 2386/3171/2360 2384/3169/2358
f 2384/3172/2358 2307/3073/2282 2305/3173/2280
f 2385/3174/2361 2388/3175/2362 2386/3176/2360
f 2386/3176/2360 2309/3076/2284 2307/3073/2282
f 2388/3175/2362 2389/3177/2363 2390/3178/2364
f 2388/3175/2362 2311/3078/2286 2309/3076/2284
f 2389/3177/2363 2392/3179/2365 2390/3178/2364
f 2390/3178/2364 2313/3180/2288 2311/3078/2286
f 2391/3181/2366 2394/3182/2367 2392/3183/2365
f 2392/3179/2365 2315/3184/2290 2313/3180/2288
f 2393/3185/2368 2396/3186/2369 2394/3182/2367
f 2394/3182/2367 2317/3087/2293 2315/3084/2290
f 2395/3187/2370 2398/3188/2371 2396/3186/2369
f 2396/3186/2369 2319/3189/2372 2317/3087/2293
f 2398/3188/2371 2399/3190/2373 2400/3191/2374
f 2398/3188/2371 2401/3192/2375 2319/3189/2372
f 2400/3191/2374 2403/3193/2376 2401/3192/2375
f 2401/3192/2375 2328/3194/2303 2322/3195/2377
f 2322/3195/2377 2319/3189/2372 2401/3192/2375
f 2402/3196/2378 2331/3103/2306 2403/3197/2376
f 2403/3193/2376 2329/3198/2304 2328/3194/2303
f 2404/3199/2379 2405/3200/2380 2406/3201/2381
f 2406/3201/2381 2334/3109/2309 2404/3199/2379
f 2404/3199/2379 2332/3104/2307 2331/3103/2306
f 2407/3202/2382 2408/3203/2383 2409/3204/2384
f 2409/3204/2384 2337/3205/2312 2407/3202/2382
f 2407/3206/2382 2335/3111/2310 2334/3207/2309
f 2410/3208/2385 2411/3209/2386 2412/3210/2387
f 2412/3211/2387 2414/3212/2388 2410/3213/2385
f 2410/3213/2385 2338/3115/2313 2337/3114/2312
f 2413/3214/2389 2416/3215/2390 2414/3212/2388
f 2414/3212/2388 2339/3117/2315 2338/3115/2313
f 2415/3216/2391 2418/3217/2392 2416/3215/2390
f 2416/3215/2390 2341/3119/2317 2339/3117/2315
f 2417/3218/2393 2420/3219/2394 2418/3217/2392
f 2418/3217/2392 2343/3121/2319 2341/3119/2317
f 2419/3220/2395 2422/3221/2396 2420/3222/2394
f 2420/3219/2394 2345/3223/2321 2343/3121/2319
f 2421/3224/2397 2424/3225/2398 2422/3221/2396
f 2422/3221/2396 2347/3127/2323 2345/3124/2321
f 2423/3226/2399 2426/3227/2400 2424/3225/2398
f 2424/3225/2398 2349/3129/2325 2347/3127/2323
f 2425/3228/2401 2428/3229/2402 2426/3227/2400
f 2426/3227/2400 2351/3131/2327 2349/3129/2325
f 2427/3230/2403 2430/3231/2404 2428/3229/2402
f 2428/3229/2402 2353/3232/2329 2351/3131/2327
f 2429/3233/2405 2432/3234/2406 2430/3231/2404
f 2430/3235/2404 2355/3236/2407 2353/3134/2329
f 2432/3234/2406 2433/3237/2408 2434/3238/2409
f 2434/3239/2409 2355/3236/2407 2432/3240/2406
f 2434/3239/2409 2435/3241/2410 2436/3242/2411
f 2436/3242/2411 2357/3137/2331 2434/3239/2409
f 2436/3242/2411 2437/3243/2412 2438/3244/2413
f 2438/3244/2413 2359/3140/2334 2436/3242/2411
f 2438/3244/2413 2439/3245/2414 2440/3246/2415
f 2440/3246/2415 2361/3142/2336 2438/3244/2413
f 2440/3246/2415 2441/3247/2416 2442/3248/2417
f 2442/3248/2417 2363/3144/2338 2440/3246/2415
f 2442/3248/2417 2443/3249/2418 2444/3250/2419
f 2444/3250/2419 2365/3146/2340 2442/3248/2417
f 2444/3251/2419 2445/3252/2420 2446/3253/2421
f 2446/3253/2421 2367/3254/2342 2444/3251/2419
f 2446/3253/2421 2447/3255/2422 2448/3256/2423
f 2448/3256/2423 2369/3151/2344 2446/3253/2421
f 2448/3256/2423 2449/3257/2424 2450/3258/2425
f 2450/3258/2425 2371/3154/2346 2448/3256/2423
f 2450/3258/2425 2451/3259/2426 2452/3260/2427
f 2452/3260/2427 2373/3156/2348 2450/3258/2425
f 2452/3260/2427 2453/3261/2428 2454/3262/2429
f 2452/3263/2427 2377/3164/2353 2375/3160/2350
f 2453/3264/2428 2456/3265/2430 2454/3266/2429
f 2454/3266/2429 2379/3166/2355 2377/3164/2353
f 2455/3267/2431 2458/3268/2432 2456/3265/2430
f 2456/3265/2430 2381/3168/2357 2379/3166/2355
f 2457/3269/2433 2460/3270/2434 2458/3268/2432
f 2458/3268/2432 2383/3170/2359 2381/3168/2357
f 2459/3271/2435 2462/3272/2436 2460/3273/2434
f 2460/3270/2434 2385/3274/2361 2383/3170/2359
f 2461/3275/2437 2464/3276/2438 2462/3272/2436
f 2462/3272/2436 2387/3277/2439 2385/3174/2361
f 2463/3278/2440 2466/3279/2441 2464/3276/2438
f 2466/3279/2441 2387/3277/2439 2464/3276/2438
f 2466/3279/2441 2467/3280/2442 2468/3281/2443
f 2468/3281/2443 2389/3177/2363 2466/3279/2441
f 2468/3281/2443 2469/3282/2444 2470/3283/2445
f 2470/3284/2445 2391/3181/2366 2468/3285/2443
f 2470/3284/2445 2471/3286/2446 2472/3287/2447
f 2472/3287/2447 2393/3185/2368 2470/3284/2445
f 2472/3287/2447 2473/3288/2448 2474/3289/2449
f 2474/3289/2449 2395/3187/2370 2472/3287/2447
f 2473/3288/2448 2476/3290/2450 2474/3289/2449
f 2474/3289/2449 2399/3190/2373 2397/3291/2451
f 2475/3292/2452 2478/3293/2453 2476/3290/2450
f 2476/3290/2450 2405/3294/2380 2399/3190/2373
f 2477/3295/2454 2408/3203/2383 2478/3296/2453
f 2478/3296/2453 2406/3201/2381 2405/3200/2380
f 2479/3297/2455 2480/3298/2456 2481/3299/2457
f 2481/3300/2457 2411/3301/2386 2479/3302/2455
f 2479/3303/2455 2409/3204/2384 2408/3203/2383
f 2482/3304/2458 2483/3305/2459 2484/3306/2460
f 2484/3306/2460 2486/3307/2461 2482/3304/2458
f 2482/3304/2458 2412/3211/2387 2411/3301/2386
f 2485/3308/2462 2488/3309/2463 2486/3307/2461
f 2486/3307/2461 2413/3214/2389 2412/3211/2387
f 2487/3310/2464 2490/3311/2465 2488/3309/2463
f 2488/3309/2463 2415/3216/2391 2413/3214/2389
f 2489/3312/2466 2492/3313/2467 2490/3311/2465
f 2490/3311/2465 2417/3218/2393 2415/3216/2391
f 2491/3314/2468 2494/3315/2469 2492/3313/2467
f 2492/3313/2467 2419/3316/2395 2417/3218/2393
f 2493/3317/2470 2496/3318/2471 2494/3315/2469
f 2494/3315/2469 2421/3319/2397 2419/3316/2395
f 2495/3320/2472 2498/3321/2473 2496/3322/2471
f 2496/3323/2471 2423/3226/2399 2421/3224/2397
f 2497/3324/2474 2500/3325/2475 2498/3321/2473
f 2498/3321/2473 2425/3326/2401 2423/3327/2399
f 2499/3328/2476 2502/3329/2477 2500/3325/2475
f 2500/3325/2475 2427/3330/2403 2425/3326/2401
f 2501/3331/2478 2504/3332/2479 2502/3329/2477
f 2502/3329/2477 2429/3333/2405 2427/3330/2403
f 2503/3334/2480 82/74/62 2504/3332/2479
f 2504/3332/2479 2431/3335/2481 2429/3333/2405
f 2503/3334/2480 2505/3336/2482 2506/3337/2483
f 2506/3337/2483 83/3338/2484 2503/3334/2480
f 2507/3339/2485 2508/3340/2486 2509/3341/2487
f 2509/3341/2487 2511/3342/2488 2507/3339/2485
f 2507/3339/2485 84/75/63 83/3338/2484
f 2510/3343/2489 2437/3243/2412 2511/3342/2488
f 2511/3342/2488 2435/3241/2410 84/75/63
f 2510/3343/2489 2512/3344/2490 2513/3345/2491
f 2513/3345/2491 2439/3245/2414 2510/3343/2489
f 2513/3345/2491 2514/3346/2492 2515/3347/2493
f 2515/3347/2493 2441/3247/2416 2513/3345/2491
f 2515/3347/2493 2516/3348/2494 2517/3349/2495
f 2517/3349/2495 2443/3249/2418 2515/3347/2493
f 2517/3349/2495 2518/3350/2496 2519/3351/2497
f 2519/3352/2497 2445/3252/2420 2517/3353/2495
f 2519/3354/2497 2520/3355/2498 2521/3356/2499
f 2521/3357/2499 2447/3255/2422 2519/3352/2497
f 2521/3356/2499 2522/3358/2500 2523/3359/2501
f 2523/3359/2501 2449/3360/2424 2521/3356/2499
f 2523/3359/2501 2524/3361/2502 2525/3362/2503
f 2525/3362/2503 2451/3363/2426 2523/3359/2501
f 2525/3362/2503 2526/3364/2504 2527/3365/2505
f 2525/3362/2503 2455/3267/2431 2453/3264/2428
f 2527/3365/2505 2528/3366/2506 2529/3367/2507
f 2527/3365/2505 2457/3269/2433 2455/3267/2431
f 2529/3367/2507 2530/3368/2508 2531/3369/2509
f 2529/3367/2507 2459/3370/2435 2457/3269/2433
f 2531/3369/2509 2532/3371/2510 2533/3372/2511
f 2533/3372/2511 2459/3370/2435 2531/3369/2509
f 2533/3372/2511 2534/3373/2512 2535/3374/2513
f 2533/3372/2511 2463/3375/2440 2461/3376/2437
f 2534/3373/2512 2537/3377/2514 2535/3374/2513
f 2535/3374/2513 2465/3378/2515 2463/3375/2440
f 2536/3379/2516 2539/3380/2517 2537/3381/2514
f 2539/3380/2517 2465/3382/2515 2537/3381/2514
f 2538/3383/2518 2541/3384/2519 2539/3380/2517
f 2541/3384/2519 2467/3385/2442 2539/3380/2517
f 2541/3384/2519 2542/3386/2520 2543/3387/2521
f 2543/3387/2521 2469/3388/2444 2541/3384/2519
f 2542/3386/2520 2545/3389/2522 2543/3387/2521
f 2545/3389/2522 2471/3286/2446 2543/3387/2521
f 2544/3390/2523 2547/3391/2524 2545/3389/2522
f 2545/3389/2522 2475/3292/2452 2473/3288/2448
f 2546/3392/2525 2480/3298/2456 2547/3391/2524
f 2547/3391/2524 2477/3393/2454 2475/3292/2452
f 2548/3394/2526 2549/3395/2527 2550/3396/2528
f 2550/3396/2528 2483/3397/2459 2548/3394/2526
f 2548/3394/2526 2481/3299/2457 2480/3298/2456
f 2551/3398/2529 2552/3399/2530 2553/3400/2531
f 2553/3401/2531 2555/3402/2532 2551/3403/2529
f 2551/3403/2529 2484/3306/2460 2483/3305/2459
f 2554/3404/2533 2557/3405/2534 2555/3402/2532
f 2555/3402/2532 2485/3308/2462 2484/3306/2460
f 2556/3406/2535 2559/3407/2536 2557/3405/2534
f 2557/3405/2534 2487/3310/2464 2485/3308/2462
f 2558/3408/2537 2561/3409/2538 2559/3407/2536
f 2559/3407/2536 2489/3312/2466 2487/3310/2464
f 2560/3410/2539 2563/3411/2540 2561/3412/2538
f 2561/3409/2538 2491/3314/2468 2489/3312/2466
f 2563/3413/2540 2493/3317/2470 2491/3314/2468
f 2564/3414/2541 2495/3320/2472 2493/3415/2470
f 2565/3416/2542 2566/3417/2543 2567/3418/2544
f 2567/3418/2544 2569/3419/2545 2565/3416/2542
f 2565/3420/2542 2497/3324/2474 2495/3320/2472
f 2568/3421/2546 2571/3422/2547 2569/3423/2545
f 2569/3423/2545 2499/3328/2476 2497/3324/2474
f 2570/3424/2548 2505/3336/2482 2571/3422/2547
f 2571/3422/2547 2501/3331/2478 2499/3328/2476
f 2572/3425/2549 2573/3426/2550 2574/3427/2551
f 2574/3427/2551 2508/3340/2486 2572/3425/2549
f 2572/3425/2549 2506/3337/2483 2505/3336/2482
f 2575/3428/2552 2576/3429/2553 2577/3430/2554
f 2577/3430/2554 2512/3344/2490 2575/3428/2552
f 2575/3428/2552 2509/3341/2487 2508/3340/2486
f 2577/3430/2554 2578/3431/2555 2579/3432/2556
f 2579/3432/2556 2514/3346/2492 2577/3430/2554
f 2579/3432/2556 2580/3433/2557 2581/3434/2558
f 2581/3434/2558 2516/3348/2494 2579/3432/2556
f 2581/3435/2558 2582/3436/2559 2583/3437/2560
f 2583/3438/2560 2518/3439/2496 2581/3440/2558
f 2583/3438/2560 2584/3441/2561 2585/3442/2562
f 2585/3443/2562 2520/3444/2498 2583/3445/2560
f 2585/3442/2562 2586/3446/2563 2587/3447/2564
f 2587/3447/2564 2522/3358/2500 2585/3442/2562
f 2586/3446/2563 2589/3448/2565 2587/3447/2564
f 2589/3448/2565 2524/3361/2502 2587/3447/2564
f 2589/3448/2565 2590/3449/2566 2591/3450/2567
f 2591/3450/2567 2526/3364/2504 2589/3448/2565
f 2591/3450/2567 2592/3451/2568 2593/3452/2569
f 2593/3452/2569 2528/3366/2506 2591/3450/2567
f 2593/3452/2569 2594/3453/2570 2595/3454/2571
f 2595/3454/2571 2530/3368/2508 2593/3452/2569
f 2595/3454/2571 2596/3455/2572 2597/3456/2573
f 2597/3456/2573 2532/3371/2510 2595/3454/2571
f 2596/3457/2572 2599/3458/2574 2597/3459/2573
f 2599/3460/2574 2534/3373/2512 2597/3456/2573
f 2598/3461/2575 2601/3462/2576 2599/3463/2574
f 2599/3463/2574 2538/3383/2518 2536/3379/2516
f 2600/3464/2577 2603/3465/2578 2601/3462/2576
f 2601/3462/2576 2540/3466/2579 2538/3383/2518
f 2602/3467/2580 2605/3468/2581 2603/3465/2578
f 2603/3465/2578 2542/3386/2520 2540/3466/2579
f 2604/3469/2582 2607/3470/2583 2605/3468/2581
f 2605/3468/2581 2544/3390/2523 2542/3386/2520
f 2606/3471/2584 2549/3395/2527 2607/3470/2583
f 2607/3470/2583 2546/3392/2525 2544/3390/2523
f 2608/3472/2585 2609/3473/2586 2610/3474/2587
f 2610/3474/2587 2552/3399/2530 2608/3472/2585
f 2608/3475/2585 2550/3396/2528 2549/3395/2527
f 2611/3476/2588 2612/3477/2589 2613/3478/2590
f 2613/3478/2590 2615/3479/2591 2611/3476/2588
f 2611/3476/2588 2553/3400/2531 2552/3399/2530
f 2614/3480/2592 2617/3481/2593 2615/3479/2591
f 2615/3479/2591 2554/3482/2533 2553/3400/2531
f 2616/3483/2594 2619/3484/2595 2617/3481/2593
f 2617/3481/2593 2556/3485/2535 2554/3482/2533
f 2618/3486/2596 2620/3487/2597 2619/3484/2595
f 2619/3484/2595 2558/3488/2537 2556/3485/2535
f 78/3489/2598 2621/3490/2599 2620/3487/2597
f 2620/3487/2597 2560/3410/2539 2558/3488/2537
f 77/71/59 2622/3491/2600 2621/3490/2599
f 2621/3490/2599 2562/3492/2601 2560/3410/2539
f 2622/3491/2600 2623/3493/2602 2624/3494/2603
f 2622/3491/2600 2566/3417/2543 2562/3492/2601
f 2624/3494/2603 2625/3495/2604 2626/3496/2605
f 2626/3496/2605 2573/3497/2550 2624/3494/2603
f 2624/3494/2603 2567/3418/2544 2566/3417/2543
f 2627/3498/2606 2628/3499/2607 2629/3500/2608
f 2629/3500/2608 2576/3501/2553 2627/3498/2606
f 2627/3502/2606 2574/3427/2551 2573/3426/2550
f 2629/3500/2608 2630/3503/2609 2631/3504/2610
f 2631/3504/2610 2578/3505/2555 2629/3500/2608
f 2631/3504/2610 2632/3506/2611 2633/3507/2612
f 2633/3507/2612 2580/3508/2557 2631/3504/2610
f 2633/3507/2612 2634/3509/2613 2635/3510/2614
f 2635/3510/2614 2582/3511/2559 2633/3507/2612
f 2635/3510/2614 2636/3512/2615 2637/3513/2616
f 2637/3513/2616 2584/3514/2561 2635/3510/2614
f 2636/3512/2615 2639/3515/2617 2637/3513/2616
f 2637/3513/2616 2588/3516/2618 2586/3517/2563
f 2638/3518/2619 2641/3519/2620 2639/3515/2617
f 2639/3515/2617 2590/3520/2566 2588/3516/2618
f 2640/3521/2621 2643/3522/2622 2641/3519/2620
f 2641/3519/2620 2592/3523/2568 2590/3520/2566
f 2642/3524/2623 2645/3525/2624 2643/3522/2622
f 2643/3522/2622 2594/3526/2570 2592/3523/2568
f 2644/3527/2625 2646/3528/2626 2645/3525/2624
f 2645/3525/2624 2596/3457/2572 2594/3526/2570
f 2646/3528/2626 59/52/40 2647/3529/2627
f 2647/3529/2627 2596/3457/2572 2646/3528/2626
f 2647/3529/2627 2648/3530/2628 2649/3531/2629
f 2649/3531/2629 2598/3532/2575 2647/3529/2627
f 2649/3531/2629 2650/3533/2630 2651/3534/2631
f 2651/3534/2631 2600/3535/2577 2649/3531/2629
f 2651/3534/2631 2652/3536/2632 2653/3537/2633
f 2651/3534/2631 2604/3538/2582 2602/3539/2580
f 2652/3536/2632 2609/3473/2586 2653/3537/2633
f 2653/3537/2633 2606/3540/2584 2604/3538/2582
f 2654/3541/2634 2655/3542/2635 2656/3543/2636
f 2656/3543/2636 2612/3477/2589 2654/3541/2634
f 2654/3541/2634 2610/3474/2587 2609/3473/2586
f 2657/3544/2637 52/44/32 51/43/31
f 51/43/31 2659/3545/2638 2657/3544/2637
f 2657/3544/2637 2613/3478/2590 2612/3477/2589
f 2658/3546/2639 2661/3547/2640 2659/3545/2638
f 2659/3545/2638 2614/3480/2592 2613/3478/2590
f 2660/3548/2641 2663/3549/2642 2661/3547/2640
f 2661/3547/2640 2616/3483/2594 2614/3480/2592
f 2662/3550/2643 2665/3551/2644 2663/3549/2642
f 2663/3549/2642 2618/3486/2596 2616/3483/2594
f 2664/3552/2645 79/72/60 2665/3551/2644
f 2665/3551/2644 78/3489/2598 2618/3486/2596
f 2666/3553/2646 2667/3554/2647 2668/3555/2648
f 2668/3555/2648 2623/3493/2602 2666/3553/2646
f 2666/3553/2646 80/73/61 79/72/60
f 2668/3555/2648 2669/3556/2649 2670/3557/2650
f 2670/3557/2650 2625/3495/2604 2668/3555/2648
f 2671/3558/2651 90/82/70 2672/3559/2652
f 2672/3559/2652 2628/3499/2607 2671/3558/2651
f 2671/3558/2651 2626/3496/2605 2625/3495/2604
f 2672/3559/2652 89/81/69 2673/3560/2653
f 2673/3560/2653 2630/3503/2609 2672/3559/2652
f 89/81/69 2674/3561/2654 2673/3560/2653
f 2674/3561/2654 2632/3506/2611 2673/3560/2653
f 88/80/68 2676/3562/2655 2674/3561/2654
f 2674/3561/2654 2636/3512/2615 2634/3509/2613
f 2675/3563/2656 2678/3564/2657 2676/3562/2655
f 2676/3562/2655 2638/3518/2619 2636/3512/2615
f 2677/3565/2658 2680/3566/2659 2678/3564/2657
f 2678/3564/2657 2640/3521/2621 2638/3518/2619
f 2679/3567/2660 2682/3568/2661 2680/3566/2659
f 2680/3566/2659 2642/3524/2623 2640/3521/2621
f 2681/3569/2662 56/3570/2663 2682/3568/2661
f 2682/3568/2661 2644/3527/2625 2642/3524/2623
f 2681/3569/2662 2683/3571/2664 2684/3572/2665
f 2684/3572/2665 57/50/38 2681/3569/2662
f 2685/3573/2666 2686/3574/2667 2687/3575/2668
f 2687/3575/2668 2689/3576/2669 2685/3573/2666
f 2685/3573/2666 58/51/39 57/50/38
f 2688/3577/2670 2648/3530/2628 2689/3576/2669
f 2689/3576/2669 59/52/40 58/51/39
f 2688/3577/2670 53/45/33 2655/3542/2635
f 2655/3542/2635 2650/3533/2630 2688/3577/2670
f 2687/3575/2668 54/46/34 53/45/33
f 2686/3574/2667 55/47/35 54/46/34
f 2684/3572/2665 2690/3578/2671 2686/3574/2667
f 2690/3578/2671 2692/3579/2672 55/47/35
f 2683/3571/2664 2691/3580/2673 2690/3578/2671
f 2693/3581/2674 2695/3582/2675 2691/3580/2673
f 2693/3581/2674 2679/3567/2660 2677/3565/2658
f 2677/3565/2658 2694/3583/2676 2693/3581/2674
f 2696/3584/2677 2691/3580/2673 2695/3582/2675
f 2695/3582/2675 87/79/67 86/78/66
f 2695/3582/2675 2697/3585/2678 2696/3584/2677
f 2698/3586/2679 2696/3584/2677 2697/3585/2678
f 86/78/66 2669/3556/2649 2697/3585/2678
f 2697/3585/2678 2667/3554/2647 2698/3586/2679
f 2660/3548/2641 2700/3587/2680 2699/3588/2681
f 2699/3588/2681 2692/3579/2672 2696/3584/2677
f 2699/3588/2681 2662/3550/2643 2660/3548/2641
f 2658/3546/2639 50/48/36 2700/3587/2680
f 2700/3587/2680 55/47/35 2692/3579/2672
f 2698/3586/2679 2664/3552/2645 2662/3550/2643
f 2675/3563/2656 87/79/67 2694/3583/2676
f 2670/3557/2650 85/83/71 90/82/70
f 2655/3542/2635 52/44/32 2656/3543/2636
f 56/3570/2663 60/53/41 2644/3527/2625
f 2564/3589/2541 2562/3492/2601 2566/3417/2543
f 2435/3241/2410 81/76/64 84/75/63
f 2431/3335/2481 81/76/64 2433/3590/2408
f 2405/3294/2380 2400/3191/2374 2399/3190/2373
f 2325/3098/2301 2322/3591/2377 2328/3100/2303
f 2246/2997/2221 2243/3096/2300 2249/2999/2223
f 2165/2894/2139 2162/2995/2220 2168/2896/2141
f 2082/2787/2055 2079/2891/2138 2085/2789/2057
f 1997/2678/1969 1994/2785/2054 2000/2680/1971
f 1910/2564/1880 1907/2677/1968 1913/3592/1882
f 1817/3593/1788 1814/3594/1879 1824/2445/1790
f 1620/3595/1586 1617/2303/1688 1624/2302/1588
f 1515/3596/1477 1505/3597/1467 1517/1995/1479
f 1396/1825/1357 1381/1806/1342 1398/1827/1359
f 1252/3598/1210 1233/1608/1187 1232/1607/1186
f 1249/3599/1208 1236/1611/1190 1235/1610/1189
f 2701/3600/2682 2702/3601/2683 1074/3602/2684
f 1074/3602/2684 1069/3603/2685 1068/1381/1023
f 1074/3602/2684 2703/3604/2686 2701/3600/2682
f 2704/3605/2687 2701/3606/2682 2703/3607/2686
f 1073/1384/1026 524/3608/478 2703/3604/2686
f 2703/3607/2686 522/588/476 2704/3605/2687
f 486/3609/2688 483/3610/2689 2704/3605/2687
f 2704/3605/2687 520/586/474 486/3609/2688
f 480/3611/2690 477/3612/2691 2702/3613/2683
f 2702/3613/2683 2705/3614/2692 1069/3615/2685
f 477/3612/2691 474/3616/2693 2705/3614/2692
f 2705/3614/2692 2706/3617/2694 1064/3618/2695
f 1064/3619/2695 1069/3603/2685 2705/3620/2692
f 474/3616/2693 471/3621/2696 2706/3617/2694
f 2706/3622/2694 2707/3623/2697 1059/3624/2698
f 1059/3624/2698 1064/3619/2695 2706/3622/2694
f 471/3621/2696 468/3625/2699 2707/3626/2697
f 2707/3623/2697 2708/3627/2700 1054/3628/2701
f 1054/3628/2701 1059/3624/2698 2707/3623/2697
f 468/3629/2699 465/3630/2702 2708/3627/2700
f 2708/3627/2700 2709/3631/2703 1049/3632/2704
f 1049/3632/2704 1054/3628/2701 2708/3627/2700
f 465/3630/2702 462/3633/2705 2709/3631/2703
f 2709/3634/2703 105/98/86 1044/3635/2706
f 1044/3635/2706 1049/3636/2704 2709/3634/2703
f 483/3637/2689 480/3611/2690 2701/3638/2682
f 1044/3635/2706 104/97/85 1039/1357/1002
f 1012/3639/973 2710/3640/2707 2711/3641/2708
f 2711/3641/2708 1007/3642/971 1012/3639/973
f 1011/1322/975 693/3643/2709 1012/1317/973
f 2711/3641/2708 2712/3644/2710 2713/3645/2711
f 2713/3645/2711 1008/3646/969 2711/3641/2708
f 2714/3647/2712 2715/3648/2713 2716/3649/2714
f 2716/3650/2714 2718/3651/2715 2714/3652/2712
f 2714/3652/2712 1009/1314/970 1008/1313/969
f 2717/3653/2716 2720/3654/2717 2718/3655/2715
f 2718/3655/2715 1002/3656/963 1009/3657/970
f 2719/3658/2718 999/1297/960 2720/3659/2717
f 2720/3659/2717 998/1298/961 1002/3660/963
f 2721/3661/2719 2722/3662/2720 2723/3663/2721
f 2723/3663/2721 996/3664/957 2721/3661/2719
f 2721/3665/2719 995/1295/958 999/1297/960
f 2724/3666/2722 2725/3667/2723 2726/3668/2724
f 2726/3668/2724 993/1290/954 2724/3666/2722
f 2724/3666/2722 992/3669/955 996/3664/957
f 2727/3670/2725 945/3671/907 943/3672/905
f 943/3672/905 990/1285/951 2727/3670/2725
f 2727/3670/2725 989/1288/952 993/1290/954
f 2726/3668/2724 947/1219/909 945/3671/907
f 2725/3667/2723 949/1223/911 947/1219/909
f 2723/3663/2721 2728/3673/2726 2725/3667/2723
f 2728/3673/2726 951/3674/913 949/1223/911
f 2722/3662/2720 2729/3675/2727 2728/3673/2726
f 2730/3676/2728 2732/3677/2729 2729/3678/2727
f 2730/3679/2728 2719/3680/2718 2717/3681/2716
f 2717/3682/2716 2731/3683/2730 2730/3676/2728
f 2732/3684/2729 955/3685/917 953/3686/915
f 953/3687/915 2729/3678/2727 2732/3677/2729
f 2731/3688/2730 2733/3689/2731 2732/3684/2729
f 2734/3690/2732 2736/3691/2733 2733/3689/2731
f 2734/3690/2732 2716/3649/2714 2715/3648/2713
f 2715/3648/2713 2735/3692/2734 2734/3690/2732
f 2737/3693/2735 2739/3694/2736 2735/3692/2734
f 2737/3695/2735 2713/3645/2711 2712/3644/2710
f 2712/3644/2710 2738/3696/2737 2737/3695/2735
f 2740/3697/2738 2741/3698/2739 2738/3696/2737
f 2740/3697/2738 2710/3640/2707 690/3699/2740
f 690/3699/2740 687/3700/2741 2740/3697/2738
f 2741/3701/2739 2743/3702/2742 2744/3703/2743
f 2744/3703/2743 2738/3704/2737 2741/3701/2739
f 687/3700/2741 2742/3705/2744 2741/3698/2739
f 2744/3703/2743 965/3706/927 964/3707/926
f 964/3707/926 2739/3694/2736 2744/3703/2743
f 2745/3708/2745 961/1242/924 959/1240/922
f 959/1240/922 2736/3709/2733 2745/3708/2745
f 2745/3710/2745 2735/3692/2734 2739/3694/2736
f 2743/3702/2742 966/3711/929 965/3706/927
f 2742/3705/2744 2746/3712/2746 2743/3713/2742
f 2747/3714/2747 2748/3715/2748 2746/3712/2746
f 2747/3714/2747 685/815/642 683/812/640
f 2747/3714/2747 681/805/637 680/804/636
f 2748/3716/2748 970/3717/933 968/1249/931
f 968/1249/931 2746/3718/2746 2748/3716/2748
f 680/804/636 976/3719/937 2748/3715/2748
f 957/1237/919 2733/3720/2731 2736/3709/2733
f 693/3721/2709 690/3699/2740 2710/3640/2707
f 1003/1303/964 20/3722/609 19/1309/1
f 941/1213/903 987/3723/949 990/3724/951
f 983/1270/944 934/1206/896 932/1204/894
f 932/1204/894 975/3725/936 983/1270/944
f 982/1269/943 936/1208/898 934/1206/896
f 977/1260/938 678/798/634 676/795/632
f 930/3726/892 972/1255/934 975/1258/936
f 916/1180/876 913/1239/921 919/1184/879
f 796/986/755 793/1067/805 799/989/758
f 738/886/694 729/985/754 740/889/697
f 548/3727/503 545/3728/1038 552/3729/505
f 489/585/473 486/3609/2688 520/586/474
f 501/550/447 498/3730/467 515/571/464
f 513/566/460 501/550/447 515/571/464
f 512/565/459 502/551/448 501/550/447
f 510/563/457 504/555/450 512/565/459
f 504/555/450 61/56/44 505/556/451
f 462/3731/2705 100/94/82 105/98/86
f 120/116/100 97/95/83 457/489/402
f 451/482/395 153/155/130 116/154/129
f 314/305/257 96/89/77 316/307/259
f 2568/3732/2546 2567/3418/2544 2573/3497/2550
f 2573/3426/2550 2570/3424/2548 2568/3421/2546
f 19/1/1 20/766/609 21/2/2
f 24/4/4 19/1/1 1/3/3
f 21/2/2 22/1560/1154 23/5/5
f 2/6/6 25/10/10 26/7/7
f 2/6/6 28/12/12 29/9/9
f 2/6/6 27/8/8 30/11/11
f 3/13/13 31/20/18 32/14/14
f 3/16/13 34/3733/21 4/17/16
f 35/19/17 36/3734/701 31/20/18
f 4/21/16 37/1342/23 6/22/19
f 34/24/21 39/939/726 40/25/22
f 40/25/22 41/3735/981 37/27/23
f 5/28/24 42/3736/974 24/29/4
f 45/31/25 42/3736/974 5/28/24
f 5/33/24 23/5/5 43/34/27
f 46/36/28 47/3737/691 48/37/29
f 48/39/29 49/887/695 38/40/20
f 7/42/30 50/48/36 51/43/31
f 7/42/30 52/44/32 53/45/33
f 7/42/30 54/46/34 55/47/35
f 8/49/37 56/3570/2663 57/50/38
f 8/49/37 58/51/39 59/52/40
f 62/54/42 63/561/455 64/55/43
f 9/57/45 65/61/49 66/58/46
f 9/57/45 68/63/51 69/60/48
f 9/57/45 67/59/47 70/62/50
f 10/64/52 71/68/56 72/65/53
f 10/64/52 74/70/58 75/67/55
f 10/64/52 73/66/54 76/69/57
f 77/71/59 78/3489/2598 79/72/60
f 82/74/62 83/3338/2484 84/75/63
f 11/77/65 85/83/71 86/78/66
f 11/77/65 87/79/67 88/80/68
f 11/77/65 89/81/69 90/82/70
f 12/84/72 91/90/78 92/85/73
f 12/84/72 93/86/74 94/87/75
f 12/84/72 95/88/76 96/89/77
f 13/91/79 97/95/83 98/92/80
f 100/94/82 101/492/405 97/95/83
f 102/96/84 103/1356/1001 104/97/85
f 13/91/79 104/97/85 105/98/86
f 99/93/81 106/882/692 102/96/84
f 14/99/87 107/958/91 108/100/88
f 14/102/87 110/3738/93 111/103/90
f 14/99/87 109/101/89 112/105/92
f 15/107/94 113/466/383 114/108/95
f 118/110/97 113/466/383 15/107/94
f 115/112/96 116/154/129 117/113/98
f 16/115/99 119/120/104 120/116/100
f 16/115/99 122/484/397 123/118/102
f 124/119/103 125/879/687 119/120/104
f 17/121/105 126/125/107 124/122/103
f 127/124/106 128/3739/679 126/125/107
f 17/121/105 129/846/666 130/126/108
f 18/127/109 131/131/113 132/128/110
f 135/130/112 136/133/115 131/131/113
f 18/127/109 133/129/111 134/132/114
f 136/133/115 135/130/112 137/134/116
f 138/136/117 139/435/362 140/137/118
f 136/138/115 140/137/118 141/139/119
f 140/137/118 142/3740/368 143/141/120
f 141/139/119 143/141/120 144/142/121
f 145/143/122 132/148/110 131/140/113
f 145/144/122 144/456/121 146/145/123
f 145/143/122 147/3741/124 148/147/125
f 148/149/125 149/151/126 133/129/111
f 147/150/124 118/3742/97 117/113/98
f 117/113/98 150/152/127 149/151/126
f 150/152/127 151/156/131 152/153/128
f 150/152/127 117/113/98 116/154/129
f 153/155/130 154/158/133 151/156/131
f 155/157/132 156/414/342 151/156/131
f 154/158/133 153/155/130 157/159/134
f 154/158/133 158/160/135 159/161/136
f 160/162/137 161/402/339 155/163/132
f 158/160/135 162/486/399 163/165/138
f 159/164/136 163/3743/138 164/166/139
f 165/167/140 166/403/336 160/162/137
f 163/165/138 167/488/401 168/168/141
f 164/166/139 168/174/141 169/170/142
f 170/171/143 171/395/333 165/172/140
f 168/174/141 172/495/404 173/175/144
f 169/173/142 173/178/144 174/176/145
f 175/177/146 176/392/330 170/171/143
f 173/178/144 177/3744/407 178/179/147
f 174/176/145 178/179/147 179/180/148
f 180/181/149 181/389/327 175/177/146
f 178/179/147 182/504/410 183/182/150
f 179/180/148 183/182/150 184/183/151
f 185/184/152 186/386/324 180/181/149
f 183/182/150 187/503/413 188/185/153
f 184/183/151 188/185/153 189/186/154
f 190/187/155 191/383/321 185/184/152
f 188/185/153 192/508/416 193/188/156
f 189/186/154 193/188/156 194/189/157
f 195/190/158 196/380/318 190/187/155
f 193/188/156 197/512/419 198/191/159
f 194/189/157 198/191/159 199/192/160
f 200/193/161 201/375/315 195/190/158
f 198/191/159 202/515/422 203/194/162
f 199/192/160 203/194/162 204/195/163
f 205/196/164 206/376/312 200/193/161
f 203/194/162 207/518/425 208/197/165
f 204/195/163 208/197/165 209/198/166
f 210/199/167 211/368/309 205/200/164
f 208/197/165 212/521/428 213/202/168
f 209/201/166 213/205/168 214/203/169
f 215/204/170 216/365/306 210/199/167
f 213/205/168 217/3745/431 218/206/171
f 214/203/169 218/206/171 219/207/172
f 220/208/173 221/361/303 215/204/170
f 218/209/171 222/3746/434 223/210/174
f 219/211/172 223/210/174 224/212/175
f 225/214/176 226/356/300 220/213/173
f 223/210/174 227/3747/437 228/215/177
f 224/212/175 228/215/177 229/216/178
f 229/216/178 230/219/181 231/217/179
f 228/215/177 232/3748/440 233/218/180
f 233/218/180 234/220/182 230/219/181
f 234/220/182 235/348/186 236/221/183
f 234/222/182 233/3749/180 237/223/184
f 238/224/185 239/226/187 235/225/186
f 239/226/187 240/230/191 241/227/188
f 239/226/187 238/224/185 242/228/189
f 243/229/190 244/231/192 240/230/191
f 244/231/192 245/339/196 246/232/193
f 244/233/192 243/548/190 247/234/194
f 248/235/195 249/237/197 245/236/196
f 249/237/197 250/334/201 251/238/198
f 249/237/197 248/235/195 252/239/199
f 253/241/200 254/244/202 250/242/201
f 254/244/202 255/248/206 256/245/203
f 254/244/202 253/241/200 257/246/204
f 258/247/205 259/249/207 255/248/206
f 259/249/207 68/63/51 70/62/50
f 259/249/207 258/247/205 260/250/208
f 261/251/209 69/60/48 68/63/51
f 261/251/209 260/250/208 262/252/210
f 263/253/211 264/256/214 69/60/48
f 265/254/212 266/317/269 267/255/213
f 264/256/214 267/255/213 65/61/49
f 264/256/214 263/253/211 268/257/215
f 269/258/216 270/312/264 265/254/212
f 263/253/211 262/252/210 271/259/217
f 268/257/215 271/259/217 272/260/218
f 272/260/218 273/264/222 274/261/219
f 272/260/218 271/259/217 275/262/220
f 276/263/221 277/265/223 273/264/222
f 277/265/223 278/269/227 279/266/224
f 277/265/223 276/263/221 280/267/225
f 281/268/226 282/271/229 278/269/227
f 283/270/228 284/302/254 278/269/227
f 281/268/226 285/568/462 286/272/230
f 282/271/229 286/272/230 287/273/231
f 76/69/57 288/299/251 283/270/228
f 286/272/230 289/275/233 290/274/232
f 287/273/231 290/274/232 74/70/58
f 289/275/233 291/570/235 292/276/234
f 290/274/232 292/276/234 75/67/55
f 291/277/235 293/574/466 294/278/236
f 292/279/234 294/278/236 295/280/237
f 294/278/236 296/584/472 297/282/238
f 295/280/237 297/282/238 298/283/239
f 299/285/240 71/68/56 75/67/55
f 299/284/240 298/283/239 300/287/241
f 301/289/242 72/65/53 71/68/56
f 301/288/242 300/287/241 302/290/243
f 303/292/244 304/293/245 72/65/53
f 304/293/245 303/292/244 305/294/246
f 304/293/245 306/295/247 307/296/248
f 308/297/249 73/66/54 72/65/53
f 308/297/249 307/296/248 309/298/250
f 288/299/251 76/69/57 73/66/54
f 309/298/250 307/296/248 310/300/252
f 311/301/253 312/303/255 284/302/254
f 284/302/254 283/270/228 288/299/251
f 312/303/255 311/301/253 313/304/256
f 314/305/257 315/306/258 279/266/224
f 312/303/255 279/266/224 278/269/227
f 315/306/258 314/305/257 316/307/259
f 317/308/260 318/309/261 274/261/219
f 315/306/258 274/261/219 273/264/222
f 318/309/261 317/308/260 319/310/262
f 320/311/263 321/313/265 270/312/264
f 318/309/261 270/312/264 269/258/216
f 321/313/265 320/311/263 322/314/266
f 321/313/265 323/315/267 324/316/268
f 266/317/269 265/254/212 270/312/264
f 324/316/268 323/315/267 325/318/270
f 326/319/271 327/321/273 328/320/272
f 328/320/272 267/255/213 266/317/269
f 327/321/273 329/322/274 66/58/46
f 66/58/46 65/61/49 267/255/213
f 329/322/274 327/321/273 330/323/275
f 331/324/276 332/326/278 333/325/277
f 329/322/274 333/325/277 67/59/47
f 332/326/278 334/328/280 335/327/279
f 333/325/277 335/327/279 70/62/50
f 334/328/280 336/329/281 256/245/203
f 335/327/279 256/245/203 255/248/206
f 336/329/281 334/328/280 337/330/282
f 338/331/283 339/336/284 251/332/198
f 336/333/281 251/238/198 250/334/201
f 339/336/284 338/331/283 340/337/285
f 341/338/286 342/344/287 246/232/193
f 339/336/284 246/232/193 245/339/196
f 342/340/287 341/656/286 343/341/288
f 344/342/289 345/345/290 241/343/188
f 342/344/287 241/227/188 240/230/191
f 345/345/290 344/342/289 346/346/291
f 347/347/292 348/349/293 236/221/183
f 345/345/290 236/221/183 235/348/186
f 348/349/293 347/347/292 349/350/294
f 350/351/295 351/352/296 231/217/179
f 348/349/293 231/217/179 230/219/181
f 351/352/296 350/351/295 352/353/297
f 351/352/296 353/354/298 354/355/299
f 226/356/300 225/214/176 231/217/179
f 353/357/298 355/671/537 356/358/301
f 354/359/299 356/358/301 357/360/302
f 221/361/303 220/208/173 226/362/300
f 356/358/301 358/677/542 359/363/304
f 357/360/302 359/363/304 360/364/305
f 216/365/306 215/204/170 221/361/303
f 359/363/304 361/681/546 362/366/307
f 360/364/305 362/366/307 363/367/308
f 211/368/309 210/199/167 216/365/306
f 362/366/307 364/684/549 365/369/310
f 363/367/308 365/369/310 366/370/311
f 206/371/312 205/200/164 211/368/309
f 365/369/310 367/687/552 368/372/313
f 366/373/311 368/377/313 369/374/314
f 201/375/315 200/193/161 206/376/312
f 368/377/313 370/696/555 371/378/316
f 369/374/314 371/378/316 372/379/317
f 196/380/318 195/190/158 201/375/315
f 371/378/316 373/695/558 374/381/319
f 372/379/317 374/381/319 375/382/320
f 191/383/321 190/187/155 196/380/318
f 374/381/319 376/702/561 377/384/322
f 375/382/320 377/384/322 378/385/323
f 186/386/324 185/184/152 191/383/321
f 377/384/322 379/706/564 380/387/325
f 378/385/323 380/387/325 381/388/326
f 181/389/327 180/181/149 186/386/324
f 380/387/325 382/709/567 383/390/328
f 381/388/326 383/390/328 384/391/329
f 176/392/330 175/177/146 181/389/327
f 383/390/328 385/712/570 386/393/331
f 384/391/329 386/393/331 387/394/332
f 171/395/333 170/171/143 176/392/330
f 386/393/331 388/715/573 389/396/334
f 387/394/332 389/396/334 390/397/335
f 166/398/336 165/172/140 171/395/333
f 389/396/334 391/718/576 392/399/337
f 390/400/335 392/404/337 393/401/338
f 161/402/339 160/162/137 166/403/336
f 392/404/337 394/3750/579 395/405/340
f 393/406/338 395/410/340 396/407/341
f 156/409/342 155/163/132 161/402/339
f 395/410/340 397/726/582 398/411/343
f 396/412/341 398/415/343 399/413/344
f 152/153/128 151/156/131 156/414/342
f 398/415/343 400/417/346 401/416/345
f 399/413/344 401/416/345 134/132/114
f 399/413/344 133/129/111 149/151/126
f 400/417/346 402/744/584 403/418/347
f 401/416/345 403/418/347 404/419/348
f 403/418/347 405/743/590 406/420/349
f 404/419/348 406/420/349 407/421/350
f 408/422/351 135/130/112 134/132/114
f 408/422/351 407/421/350 409/423/352
f 410/424/353 137/134/116 135/130/112
f 410/424/353 409/423/352 411/425/354
f 412/426/355 413/428/357 137/134/116
f 412/426/355 414/759/604 415/427/356
f 413/428/357 415/427/356 416/429/358
f 413/428/357 417/430/359 138/135/117
f 417/431/359 416/768/358 418/432/360
f 417/434/359 419/3751/361 139/435/362
f 419/436/361 418/772/360 420/437/363
f 419/436/361 421/438/364 422/439/365
f 421/438/364 423/778/618 424/441/366
f 422/439/365 424/441/366 425/442/367
f 142/443/368 140/3752/118 139/440/362
f 424/441/366 426/782/622 427/444/369
f 425/442/367 427/444/369 428/445/370
f 429/446/371 143/3753/120 142/443/368
f 429/447/371 428/793/370 430/448/372
f 431/450/373 144/3754/121 143/451/120
f 431/453/373 430/797/372 432/454/374
f 433/455/375 146/145/123 144/456/121
f 433/457/375 432/801/374 434/458/376
f 435/459/377 436/461/378 146/460/123
f 436/461/378 435/459/377 437/462/379
f 438/463/380 113/466/383 118/110/97
f 118/110/97 147/3755/124 146/460/123
f 438/463/380 437/462/379 439/464/381
f 440/465/382 114/108/95 113/466/383
f 440/465/382 439/464/381 441/467/384
f 442/468/385 443/475/386 114/108/95
f 443/469/386 442/3756/385 444/470/387
f 445/472/388 446/3757/654 447/473/389
f 443/475/386 447/3758/389 115/109/96
f 447/476/389 446/832/654 448/477/390
f 449/478/391 450/479/392 115/112/96
f 450/479/392 451/482/395 116/154/129
f 450/479/392 449/478/391 452/480/393
f 453/481/394 454/483/396 451/482/395
f 454/483/396 455/485/398 157/159/134
f 454/483/396 453/481/394 122/484/397
f 454/483/396 16/115/99 121/117/101
f 162/486/399 158/160/135 157/159/134
f 455/485/398 121/117/101 456/487/400
f 167/488/401 163/165/138 162/486/399
f 121/117/101 120/116/100 457/489/402
f 456/487/400 457/489/402 458/490/403
f 172/491/404 168/168/141 167/488/401
f 457/489/402 97/95/83 101/492/405
f 458/490/403 101/492/405 459/493/406
f 177/494/407 173/175/144 172/495/404
f 101/497/405 100/3759/82 460/498/408
f 459/496/406 460/498/408 461/499/409
f 182/500/410 178/3760/147 177/494/407
f 460/498/408 462/3633/2705 463/501/411
f 461/499/409 463/501/411 464/502/412
f 187/503/413 183/182/150 182/504/410
f 463/501/411 465/3630/2702 466/506/414
f 464/505/412 466/509/414 467/507/415
f 192/508/416 188/185/153 187/503/413
f 466/509/414 468/3625/2699 469/510/417
f 467/507/415 469/510/417 470/511/418
f 197/512/419 193/188/156 192/508/416
f 469/510/417 471/3621/2696 472/513/420
f 470/511/418 472/513/420 473/514/421
f 202/515/422 198/191/159 197/512/419
f 472/513/420 474/3616/2693 475/516/423
f 473/514/421 475/516/423 476/517/424
f 207/518/425 203/194/162 202/515/422
f 475/516/423 477/3612/2691 478/519/426
f 476/517/424 478/519/426 479/520/427
f 212/521/428 208/197/165 207/518/425
f 478/519/426 480/3611/2690 481/522/429
f 479/520/427 481/522/429 482/523/430
f 217/524/431 213/202/168 212/521/428
f 481/522/429 483/3637/2689 484/525/432
f 482/526/430 484/530/432 485/527/433
f 222/529/434 218/3761/171 217/528/431
f 484/530/432 486/3609/2688 487/531/435
f 485/527/433 487/531/435 488/532/436
f 227/533/437 223/3762/174 222/529/434
f 487/531/435 489/585/473 490/534/438
f 488/532/436 490/534/438 491/535/439
f 232/536/440 228/3763/177 227/533/437
f 490/534/438 492/580/470 493/537/441
f 491/535/439 493/537/441 494/538/442
f 237/223/184 233/3749/180 232/536/440
f 493/537/441 495/579/468 496/539/443
f 494/538/442 496/539/443 497/540/444
f 497/540/444 242/228/189 238/224/185
f 496/541/443 498/575/467 499/542/445
f 499/544/445 500/547/446 242/545/189
f 500/547/446 247/234/194 243/548/190
f 500/549/446 499/3764/445 501/550/447
f 502/551/448 503/553/449 247/552/194
f 503/553/449 252/557/199 248/554/195
f 503/553/449 502/551/448 504/555/450
f 505/556/451 506/558/452 252/557/199
f 506/558/452 257/246/204 253/241/200
f 506/558/452 505/556/451 61/56/44
f 64/55/43 507/559/453 257/246/204
f 507/559/453 260/250/208 258/247/205
f 64/55/43 63/561/455 508/560/454
f 507/559/453 508/560/454 262/252/210
f 508/560/454 275/262/220 271/259/217
f 63/561/455 509/562/456 275/262/220
f 509/562/456 280/267/225 276/263/221
f 509/562/456 63/561/455 62/54/42
f 510/563/457 511/564/458 280/267/225
f 511/564/458 510/563/457 512/565/459
f 511/564/458 513/566/460 514/567/461
f 511/564/458 285/568/462 281/268/226
f 513/566/460 515/571/464 516/569/463
f 514/567/461 516/569/463 291/570/235
f 289/275/233 286/272/230 285/568/462
f 515/571/464 498/3730/467 517/572/465
f 516/573/463 517/577/465 293/574/466
f 498/575/467 496/541/443 495/576/468
f 517/577/465 495/576/468 518/578/469
f 495/579/468 493/537/441 492/580/470
f 518/581/469 492/580/470 519/582/471
f 296/584/472 294/278/236 293/574/466
f 492/580/470 490/534/438 489/585/473
f 519/582/471 489/585/473 520/586/474
f 521/587/475 297/590/238 296/583/472
f 521/587/475 520/586/474 522/588/476
f 523/589/477 298/593/239 297/590/238
f 523/589/477 522/588/476 524/591/478
f 525/592/479 300/596/241 298/593/239
f 525/592/479 524/591/478 526/594/480
f 527/595/481 302/599/243 300/596/241
f 527/595/481 526/594/480 528/597/482
f 529/598/483 530/600/484 302/599/243
f 530/600/484 529/598/483 531/601/485
f 532/603/486 533/606/487 305/604/246
f 530/600/484 305/294/246 303/292/244
f 533/606/487 532/603/486 534/607/488
f 535/609/489 536/612/491 537/610/490
f 533/611/487 537/610/490 306/295/247
f 536/612/491 538/613/492 310/300/252
f 537/610/490 310/300/252 307/296/248
f 538/613/492 536/612/491 92/85/73
f 91/90/78 96/89/77 313/304/256
f 538/613/492 313/304/256 311/301/253
f 536/612/491 535/609/489 539/614/493
f 535/608/489 534/607/488 540/615/494
f 539/616/493 540/615/494 541/617/495
f 542/619/496 93/86/74 92/85/73
f 541/617/495 543/621/498 544/620/497
f 542/619/496 544/623/497 94/87/75
f 543/621/498 545/3728/1038 546/622/499
f 544/623/497 546/625/499 547/624/500
f 546/625/499 548/628/503 549/626/501
f 547/624/500 549/626/501 319/310/262
f 550/627/502 95/88/76 94/87/75
f 550/627/502 319/310/262 317/308/260
f 316/307/259 96/89/77 95/88/76
f 548/628/503 551/629/504 322/314/266
f 549/626/501 322/314/266 320/311/263
f 551/629/504 548/628/503 552/630/505
f 553/631/506 554/632/507 325/318/270
f 551/629/504 325/318/270 323/315/267
f 554/632/507 553/631/506 555/633/508
f 556/634/509 557/636/511 558/635/510
f 554/632/507 558/635/510 326/319/271
f 557/636/511 559/641/512 330/323/275
f 558/635/510 330/323/275 327/321/273
f 559/637/512 557/1419/511 560/638/513
f 561/639/514 562/1426/516 563/640/515
f 559/641/512 563/644/515 331/324/276
f 562/642/516 564/645/518 565/643/517
f 563/644/515 565/643/517 332/326/278
f 564/645/518 566/650/519 337/330/282
f 565/643/517 337/330/282 334/328/280
f 566/646/519 564/1428/518 567/647/520
f 568/649/521 569/3765/522 340/337/285
f 566/650/519 340/337/285 338/331/283
f 569/651/522 568/648/521 570/652/523
f 571/654/524 572/658/525 343/341/288
f 569/655/522 343/341/288 341/656/286
f 572/658/525 571/654/524 573/659/526
f 574/660/527 575/661/528 346/346/291
f 572/658/525 346/346/291 344/342/289
f 575/661/528 574/660/527 576/662/529
f 577/663/530 578/664/531 349/350/294
f 575/661/528 349/350/294 347/347/292
f 578/664/531 577/663/530 579/665/532
f 580/666/533 581/667/534 352/353/297
f 578/664/531 352/353/297 350/351/295
f 581/667/534 580/666/533 582/668/535
f 583/670/536 584/673/538 355/671/537
f 581/667/534 355/3766/537 353/354/298
f 584/673/538 583/670/536 585/674/539
f 584/673/538 586/675/540 587/676/541
f 358/677/542 356/358/301 355/671/537
f 587/676/541 586/675/540 588/678/543
f 587/676/541 589/679/544 590/680/545
f 361/681/546 359/363/304 358/677/542
f 589/679/544 591/1465/1078 592/682/547
f 590/680/545 592/682/547 593/683/548
f 364/684/549 362/366/307 361/681/546
f 592/682/547 594/1469/1082 595/685/550
f 593/683/548 595/685/550 596/686/551
f 367/687/552 365/369/310 364/684/549
f 595/685/550 597/1474/1087 598/688/553
f 596/686/551 598/688/553 599/689/554
f 370/690/555 368/372/313 367/687/552
f 598/688/553 600/1477/1090 601/691/556
f 599/692/554 601/698/556 602/693/557
f 373/695/558 371/378/316 370/696/555
f 601/698/556 603/1485/1093 604/699/559
f 602/700/557 604/703/559 605/701/560
f 376/702/561 374/381/319 373/695/558
f 604/703/559 606/1491/1096 607/704/562
f 605/701/560 607/704/562 608/705/563
f 379/706/564 377/384/322 376/702/561
f 607/704/562 609/1490/1099 610/707/565
f 608/705/563 610/707/565 611/708/566
f 382/709/567 380/387/325 379/706/564
f 610/707/565 612/1495/1102 613/710/568
f 611/708/566 613/710/568 614/711/569
f 385/712/570 383/390/328 382/709/567
f 613/710/568 615/1498/1105 616/713/571
f 614/711/569 616/713/571 617/714/572
f 388/715/573 386/393/331 385/712/570
f 616/713/571 618/1501/1108 619/716/574
f 617/714/572 619/716/574 620/717/575
f 391/718/576 389/396/334 388/715/573
f 619/716/574 621/1504/1111 622/719/577
f 620/717/575 622/719/577 623/720/578
f 394/721/579 392/399/337 391/718/576
f 622/719/577 624/1507/1114 625/722/580
f 623/723/578 625/729/580 626/724/581
f 397/726/582 395/410/340 394/727/579
f 625/729/580 627/3767/585 628/730/583
f 626/724/581 628/730/583 402/731/584
f 400/733/346 398/411/343 397/726/582
f 627/735/585 629/1519/1116 630/736/586
f 628/737/583 630/736/586 631/738/587
f 630/736/586 632/1518/1122 633/740/588
f 631/741/587 633/745/588 634/742/589
f 405/743/590 403/418/347 402/744/584
f 633/745/588 635/1529/1125 636/746/591
f 634/742/589 636/746/591 637/747/592
f 638/748/593 406/420/349 405/743/590
f 638/748/593 637/747/592 639/749/594
f 640/750/595 407/421/350 406/420/349
f 640/750/595 639/749/594 641/751/596
f 642/752/597 409/423/352 407/421/350
f 642/752/597 641/751/596 643/753/598
f 644/754/599 411/425/354 409/423/352
f 643/753/598 645/1539/1138 646/755/600
f 644/754/599 646/755/600 647/756/601
f 646/755/600 648/1545/1144 649/757/602
f 647/756/601 649/757/602 650/758/603
f 414/759/604 412/426/355 411/425/354
f 649/757/602 651/1551/1147 652/760/605
f 650/758/603 652/760/605 653/761/606
f 654/762/607 415/427/356 414/759/604
f 654/762/607 653/761/606 21/763/2
f 655/764/608 416/429/358 415/427/356
f 655/765/608 21/2/2 20/766/609
f 656/767/610 418/432/360 416/768/358
f 656/769/610 20/3768/609 657/770/611
f 658/771/612 420/437/363 418/772/360
f 658/771/612 657/770/611 659/773/613
f 660/774/614 661/775/615 420/437/363
f 661/775/615 660/774/614 662/776/616
f 663/777/617 664/779/619 423/778/618
f 661/775/615 423/778/618 421/438/364
f 664/779/619 663/777/617 665/780/620
f 666/781/621 667/783/623 426/782/622
f 426/782/622 424/441/366 423/778/618
f 667/783/623 666/781/621 668/784/624
f 667/783/623 669/785/625 670/786/626
f 671/787/627 427/444/369 426/782/622
f 671/787/627 670/786/626 672/788/628
f 673/789/629 428/445/370 427/444/369
f 673/790/629 672/3769/628 674/791/630
f 675/792/631 430/448/372 428/793/370
f 675/794/631 674/1266/630 676/795/632
f 677/796/633 432/454/374 430/797/372
f 677/796/633 676/795/632 678/798/634
f 679/800/635 434/458/376 432/801/374
f 679/803/635 678/3770/634 680/804/636
f 681/805/637 682/808/639 434/806/376
f 681/805/637 683/812/640 684/807/638
f 682/808/639 684/807/638 439/809/381
f 437/462/379 435/459/377 434/458/376
f 683/812/640 685/815/642 686/813/641
f 684/807/638 686/813/641 441/814/384
f 685/815/642 687/3700/2741 688/816/643
f 686/813/641 688/816/643 689/817/644
f 688/816/643 690/3699/2740 691/818/645
f 689/819/644 691/823/645 692/820/646
f 689/817/644 444/3771/387 442/822/385
f 691/823/645 693/3643/2709 694/824/647
f 692/820/646 694/824/647 695/825/648
f 696/826/649 445/472/388 444/821/387
f 696/826/649 695/825/648 697/827/650
f 698/828/651 446/3757/654 445/472/388
f 698/829/651 697/1328/650 699/830/652
f 700/831/653 448/477/390 446/832/654
f 699/830/652 701/938/725 702/833/655
f 702/833/655 703/834/656 448/477/390
f 703/834/656 452/480/393 449/478/391
f 703/834/656 702/833/655 704/835/657
f 705/836/658 706/837/659 452/480/393
f 706/837/659 122/484/397 453/481/394
f 706/837/659 705/836/658 707/838/660
f 708/839/661 123/118/102 122/484/397
f 708/839/661 707/838/660 709/840/662
f 710/842/663 17/121/105 123/123/102
f 710/841/663 709/840/662 711/844/664
f 710/842/663 712/847/665 129/846/666
f 712/847/665 711/3772/664 713/848/667
f 712/847/665 714/849/668 715/850/669
f 715/850/669 109/101/89 108/100/88
f 716/851/670 130/126/108 129/846/666
f 714/849/668 112/105/92 109/101/89
f 716/851/670 108/100/88 717/852/671
f 718/853/672 719/854/673 130/126/108
f 719/854/673 718/853/672 720/855/674
f 721/856/675 722/3773/677 723/857/676
f 719/854/673 723/857/676 127/124/106
f 722/858/677 724/863/680 725/859/678
f 723/860/676 725/859/678 128/861/679
f 724/863/680 726/3774/749 727/864/681
f 725/859/678 727/864/681 728/865/682
f 727/864/681 729/3775/754 730/866/683
f 728/865/682 730/866/683 731/867/684
f 732/868/685 126/3776/107 128/861/679
f 732/869/685 731/874/684 733/870/686
f 125/872/687 124/122/103 126/125/107
f 731/874/684 734/3777/693 735/875/688
f 733/876/686 735/880/688 736/877/689
f 737/878/690 119/120/104 125/879/687
f 98/92/80 120/116/100 119/120/104
f 737/878/690 736/877/689 99/93/81
f 735/880/688 48/3778/29 47/881/691
f 736/877/689 47/881/691 106/882/692
f 734/883/693 49/887/695 48/39/29
f 734/883/693 731/3779/684 730/885/683
f 738/886/694 739/888/696 49/887/695
f 739/888/696 738/886/694 740/889/697
f 739/891/696 741/3780/698 742/892/699
f 743/893/700 38/3781/20 49/894/695
f 743/893/700 742/892/699 36/895/701
f 35/897/17 4/3782/16 38/898/20
f 741/890/698 744/987/756 745/900/702
f 742/892/699 745/3783/702 746/902/703
f 745/900/702 747/992/761 748/903/704
f 746/904/703 748/903/704 749/905/705
f 750/907/706 31/3784/18 36/895/701
f 750/908/706 749/1003/705 751/909/707
f 752/911/708 32/14/14 31/20/18
f 752/911/708 751/1008/707 753/913/709
f 754/914/710 755/3785/711 32/14/14
f 755/915/711 754/1018/710 756/916/712
f 755/915/711 757/917/713 758/918/714
f 755/915/711 759/919/715 33/920/15
f 760/922/716 761/928/721 33/920/15
f 759/919/715 758/918/714 762/923/717
f 763/924/718 764/925/719 760/922/716
f 758/918/714 30/11/11 27/8/8
f 27/8/8 26/7/7 763/924/718
f 764/925/719 711/929/664 709/926/662
f 764/925/719 765/927/720 761/928/721
f 763/924/718 713/3786/667 711/929/664
f 765/930/720 709/840/662 707/838/660
f 765/930/720 766/931/722 767/932/723
f 766/931/722 704/835/657 768/934/724
f 767/932/723 768/934/724 34/24/21
f 3/936/13 33/920/15 761/928/721
f 704/835/657 702/833/655 701/938/725
f 768/934/724 701/938/725 39/939/726
f 766/931/722 707/838/660 705/836/658
f 26/940/7 769/943/727 713/941/667
f 769/943/727 112/3787/92 714/944/668
f 769/945/727 26/7/7 25/10/10
f 770/946/728 110/949/93 112/947/92
f 25/10/10 29/9/9 771/948/729
f 771/948/729 111/951/90 110/949/93
f 29/9/9 772/1028/783 773/950/730
f 773/950/730 774/3788/731 111/951/90
f 774/952/731 773/3789/730 775/953/732
f 776/955/733 777/960/735 778/956/734
f 774/957/731 778/956/734 107/958/91
f 777/960/735 779/965/736 717/852/671
f 778/956/734 717/852/671 108/100/88
f 779/961/736 777/1037/735 780/962/737
f 781/964/738 782/966/739 720/855/674
f 779/965/736 720/855/674 718/853/672
f 782/966/739 781/964/738 783/967/740
f 784/968/741 785/3790/743 786/969/742
f 782/966/739 786/969/742 721/856/675
f 785/970/743 787/3791/745 788/971/744
f 786/972/742 788/971/744 722/858/677
f 787/974/745 789/977/747 790/975/746
f 788/971/744 790/3792/746 724/863/680
f 789/977/747 791/981/750 792/978/748
f 790/975/746 792/978/748 726/979/749
f 791/981/750 793/1067/805 794/982/751
f 792/978/748 794/982/751 795/983/752
f 794/982/751 796/986/755 797/984/753
f 795/983/752 797/984/753 740/889/697
f 729/985/754 727/3793/681 726/979/749
f 796/986/755 798/988/757 744/987/756
f 797/984/753 744/987/756 741/890/698
f 798/988/757 796/986/755 799/989/758
f 798/988/757 800/990/759 801/991/760
f 747/992/761 745/900/702 744/987/756
f 801/991/760 800/990/759 802/993/762
f 801/991/760 803/994/763 804/995/764
f 805/996/765 748/903/704 747/992/761
f 805/996/765 804/995/764 806/997/766
f 807/998/767 749/905/705 748/903/704
f 807/999/767 806/1084/766 808/1000/768
f 809/1002/769 751/909/707 749/1003/705
f 809/1005/769 808/1090/768 810/1006/770
f 811/1007/771 753/913/709 751/1008/707
f 811/1009/771 810/1094/770 812/1010/772
f 813/1011/773 814/3794/774 753/1012/709
f 814/1013/774 813/3795/773 815/1014/775
f 816/1015/776 817/1020/777 756/1016/712
f 814/1017/774 756/916/712 754/1018/710
f 817/1020/777 816/1015/776 818/1021/778
f 819/1023/779 820/1026/781 821/1024/780
f 817/1025/777 821/1024/780 757/917/713
f 821/1024/780 820/1026/781 28/12/12
f 821/1024/780 30/11/11 758/918/714
f 820/1026/781 819/1023/779 822/1027/782
f 772/1028/783 29/9/9 28/12/12
f 819/1022/779 818/1021/778 823/1029/784
f 823/1029/784 824/1032/785 775/953/732
f 775/953/732 773/3789/730 772/1031/783
f 824/1032/785 823/1029/784 825/1033/786
f 826/1034/787 827/1036/789 828/1035/788
f 824/1032/785 828/1035/788 776/954/733
f 827/1036/789 829/1038/790 780/962/737
f 828/1035/788 780/962/737 777/1037/735
f 829/1038/790 827/1036/789 830/1039/791
f 831/1041/792 832/1045/794 783/1042/740
f 829/1038/790 783/3796/740 781/963/738
f 831/1041/792 833/1115/836 834/1044/793
f 834/1044/793 835/3797/796 836/1046/795
f 832/1045/794 836/1046/795 784/1047/741
f 835/1048/796 837/3798/846 838/1049/797
f 836/1050/795 838/1049/797 785/1051/743
f 838/1053/797 837/1129/846 839/1054/798
f 838/1053/797 840/1055/799 787/1056/745
f 839/1054/798 841/1060/801 842/1058/800
f 840/1055/799 842/1058/800 789/1059/747
f 841/1060/801 843/3799/803 844/1061/802
f 842/1062/800 844/1066/802 791/981/750
f 843/1063/803 845/1068/806 846/1064/804
f 844/1066/802 846/1070/804 793/1067/805
f 845/1068/806 847/1071/808 848/1069/807
f 846/1070/804 848/1073/807 799/989/758
f 847/1071/808 849/1074/809 802/1072/762
f 848/1073/807 802/993/762 800/990/759
f 849/1074/809 847/1071/808 850/1075/810
f 851/1076/811 852/1079/813 853/1077/812
f 849/1074/809 853/1077/812 803/1078/763
f 852/1079/813 854/1082/815 855/1080/814
f 853/1077/812 855/1080/814 804/1081/764
f 854/1082/815 856/1085/817 857/1083/816
f 855/1080/814 857/1083/816 806/1084/766
f 856/1085/817 858/1161/819 859/1086/818
f 857/1083/816 859/1086/818 808/1000/768
f 858/1087/819 860/1165/821 861/1088/820
f 859/1089/818 861/1088/820 810/1006/770
f 860/1091/821 862/1095/823 863/1092/822
f 861/1093/820 863/1092/822 812/1010/772
f 862/1095/823 864/3800/871 865/1096/824
f 863/1092/822 865/1096/824 866/1097/825
f 865/1096/824 867/1104/829 868/1098/826
f 868/1099/826 869/1101/827 815/1014/775
f 866/1097/825 815/3801/775 813/1011/773
f 869/1101/827 868/1099/826 870/1102/828
f 825/1033/786 823/1029/784 818/1021/778
f 869/1101/827 818/1021/778 816/1015/776
f 870/1103/828 868/1098/826 867/1104/829
f 871/1106/830 872/1109/832 873/1107/831
f 870/1102/828 873/1111/831 826/1034/787
f 872/1109/832 874/1113/834 830/1110/791
f 873/1111/831 830/1039/791 827/1036/789
f 872/1109/832 875/3802/877 876/1112/833
f 874/1113/834 876/1112/833 877/1114/835
f 874/1113/834 833/1115/836 831/1041/792
f 876/1116/833 878/1187/882 879/1117/837
f 877/1114/835 879/3803/837 880/1119/838
f 881/1120/839 834/1044/793 833/1115/836
f 881/1120/839 880/1119/838 882/1121/840
f 883/1122/841 835/3797/796 834/1044/793
f 883/1123/841 882/1199/840 884/1124/842
f 885/1125/843 837/3798/846 835/1048/796
f 885/1126/843 884/3804/842 886/1127/844
f 887/1128/845 839/1054/798 837/1129/846
f 886/1130/844 888/1135/848 889/1131/847
f 887/1132/845 889/1131/847 841/1133/801
f 888/1135/848 890/1138/850 891/1136/849
f 889/1131/847 891/1136/849 843/1137/803
f 890/1138/850 892/1141/852 893/1139/851
f 891/1136/849 893/1139/851 845/1140/806
f 892/1141/852 894/1144/853 850/1142/810
f 893/1139/851 850/1142/810 847/1143/808
f 894/1144/853 892/1141/852 895/1145/854
f 896/1146/855 897/1149/857 898/1147/856
f 894/1144/853 898/1147/856 851/1148/811
f 897/1149/857 899/1152/859 900/1150/858
f 898/1147/856 900/1150/858 852/1151/813
f 899/1152/859 901/1155/861 902/1153/860
f 900/1150/858 902/1153/860 854/1154/815
f 901/1155/861 903/1222/863 904/1156/862
f 902/1157/860 904/1160/862 856/1085/817
f 903/1158/863 905/3805/865 906/1159/864
f 904/1160/862 906/1159/864 858/1161/819
f 905/1162/865 907/1230/867 908/1163/866
f 906/1164/864 908/1163/866 860/1165/821
f 907/1166/867 909/3806/869 910/1167/868
f 908/1168/866 910/1167/868 862/1095/823
f 909/1169/869 911/1174/872 912/1170/870
f 910/1171/868 912/1170/870 864/1172/871
f 911/1174/872 913/1239/921 914/1175/873
f 912/1170/870 914/1175/873 915/1176/874
f 914/1175/873 916/1180/876 917/1177/875
f 915/1176/874 917/1177/875 871/1178/830
f 867/1179/829 865/3807/824 864/1172/871
f 916/1180/876 918/1183/878 875/1181/877
f 917/1182/875 875/3802/877 872/1109/832
f 918/1183/878 916/1180/876 919/1184/879
f 918/1183/878 920/1185/880 921/1186/881
f 878/1187/882 876/1116/833 875/1181/877
f 921/1186/881 920/1185/880 922/1188/883
f 923/1189/884 924/1191/886 925/1190/885
f 925/1190/885 879/1117/837 878/1187/882
f 924/1191/886 926/1251/888 927/1192/887
f 927/1192/887 880/3808/838 879/1117/837
f 926/1193/888 928/1253/890 929/1194/889
f 929/1194/889 882/1121/840 880/1119/838
f 928/1196/890 930/3726/892 931/1197/891
f 931/1197/891 884/1124/842 882/1199/840
f 930/1200/892 932/1204/894 933/1201/893
f 931/1202/891 933/1201/893 886/1130/844
f 932/1204/894 934/1206/896 935/1205/895
f 933/1201/893 935/1205/895 888/1135/848
f 934/1206/896 936/1208/898 937/1207/897
f 935/1205/895 937/1207/897 890/1138/850
f 936/1208/898 938/1209/899 895/1145/854
f 937/1207/897 895/1145/854 892/1141/852
f 938/1209/899 936/1208/898 939/1210/900
f 940/1211/901 941/1213/903 942/1212/902
f 938/1209/899 942/1212/902 896/1146/855
f 941/1213/903 943/1215/905 944/1214/904
f 942/1212/902 944/1214/904 897/1149/857
f 943/1215/905 945/1217/907 946/1216/906
f 944/1214/904 946/1216/906 899/1152/859
f 945/1217/907 947/3809/909 948/1218/908
f 946/1216/906 948/1218/908 901/1155/861
f 947/1219/909 949/1223/911 950/1220/910
f 948/1218/908 950/3810/910 903/1222/863
f 949/1223/911 951/3674/913 952/1224/912
f 950/1220/910 952/1224/912 905/1225/865
f 951/1227/913 953/3687/915 954/1228/914
f 952/1229/912 954/1228/914 907/1230/867
f 953/1231/915 955/1235/917 956/1232/916
f 954/1233/914 956/1232/916 909/1169/869
f 955/1235/917 957/1237/919 958/1236/918
f 956/1232/916 958/1236/918 911/1174/872
f 957/1237/919 959/1240/922 960/1238/920
f 958/1236/918 960/1238/920 913/1239/921
f 959/1240/922 961/1242/924 962/1241/923
f 960/1238/920 962/1241/923 919/1184/879
f 961/1242/924 963/1243/925 922/1188/883
f 962/1241/923 922/1188/883 920/1185/880
f 963/1243/925 961/1242/924 964/1244/926
f 965/1245/927 966/1247/929 967/1246/928
f 963/1243/925 967/1246/928 923/1189/884
f 966/1247/929 968/1249/931 969/1248/930
f 967/1246/928 969/1248/930 924/1191/886
f 968/1249/931 970/3717/933 971/1250/932
f 969/1248/930 971/1250/932 926/1251/888
f 971/1252/932 972/3811/934 928/1253/890
f 970/1254/933 973/1257/935 972/1255/934
f 973/1257/935 974/1261/939 975/1258/936
f 973/1257/935 970/1254/933 976/1259/937
f 977/1260/938 978/1265/940 974/1261/939
f 978/1262/940 979/1267/942 980/1263/941
f 978/1265/940 977/1260/938 676/795/632
f 674/791/630 672/3769/628 979/1267/942
f 980/1268/941 981/1281/945 982/1269/943
f 983/1271/944 975/3812/936 974/1264/939
f 979/1267/942 984/1277/946 981/1272/945
f 984/1273/946 985/1282/948 986/1274/947
f 979/1267/942 672/3769/628 670/1276/626
f 984/1277/946 670/1276/626 669/1278/625
f 986/1280/947 987/3723/949 940/1211/901
f 939/1210/900 982/1269/943 981/1281/945
f 985/1282/948 988/1284/950 987/1283/949
f 988/1284/950 989/1288/952 990/1285/951
f 988/1284/950 985/1282/948 669/1286/625
f 668/1287/624 991/1289/953 989/1288/952
f 991/1289/953 992/3669/955 993/1290/954
f 991/1291/953 668/784/624 666/781/621
f 665/780/620 994/1293/956 992/1292/955
f 994/1293/956 995/1295/958 996/1294/957
f 994/1293/956 665/780/620 663/777/617
f 662/776/616 997/1296/959 995/1295/958
f 997/1296/959 998/1298/961 999/1297/960
f 997/1296/959 662/776/616 660/774/614
f 659/773/613 1000/3813/962 998/1298/961
f 1000/1299/962 1001/1304/965 1002/1300/963
f 1000/1299/962 659/3814/613 657/1302/611
f 1003/1303/964 1004/1308/966 1001/1304/965
f 1004/1305/966 1005/1312/968 1006/1306/967
f 1004/1308/966 1003/1303/964 19/1309/1
f 24/1311/4 42/1320/974 1005/1312/968
f 1006/1306/967 1007/1315/971 1008/1313/969
f 1009/1314/970 1002/3815/963 1001/1307/965
f 1005/1312/968 1010/1319/972 1007/1315/971
f 1010/1316/972 1011/1322/975 1012/1317/973
f 1010/1319/972 1005/1312/968 42/1320/974
f 45/31/25 1013/1323/976 1011/1322/975
f 1013/1323/976 695/825/648 694/824/647
f 1013/1323/976 45/31/25 44/32/26
f 1014/1324/977 697/827/650 695/825/648
f 44/1325/26 1015/1329/979 1016/1326/978
f 1014/1327/977 1016/1326/978 699/830/652
f 1015/1329/979 40/25/22 39/939/726
f 1016/1326/978 39/939/726 701/938/725
f 1015/1330/979 44/35/26 43/34/27
f 1015/1330/979 1017/1331/980 41/1332/981
f 1017/1331/980 43/34/27 1018/1334/982
f 1017/1331/980 1019/1335/983 1020/1336/984
f 1019/1335/983 1021/1571/1161 1022/1337/985
f 1020/1336/984 1022/1337/985 1023/1338/986
f 1024/1339/987 37/1342/23 41/1332/981
f 1024/1339/987 1023/1338/986 1025/1340/988
f 1026/1341/989 6/22/19 37/1342/23
f 1026/1343/989 1025/3816/988 1027/1344/990
f 1028/1345/991 46/36/28 6/38/19
f 1028/1345/991 1027/1344/990 1029/1346/992
f 1030/1347/993 1031/3817/994 46/36/28
f 1031/1348/994 106/882/692 47/881/691
f 1031/1348/994 1030/3818/993 1032/1350/995
f 1033/1351/996 102/96/84 106/882/692
f 1033/1351/996 1032/1350/995 1034/1352/997
f 1035/1353/998 103/1356/1001 102/96/84
f 1035/1353/998 1034/1352/997 1036/1354/999
f 1037/1355/1000 1038/1358/1003 103/1356/1001
f 1039/1357/1002 104/97/85 103/1356/1001
f 1038/1358/1003 1037/1355/1000 1040/1359/1004
f 1041/1360/1005 1042/1362/1007 1039/1357/1002
f 1043/1361/1006 1044/3635/2706 1039/1357/1002
f 1042/1362/1007 1041/1360/1005 1045/1363/1008
f 1042/1362/1007 1046/1364/1009 1047/1365/1010
f 1048/1366/1011 1049/3636/2704 1043/1361/1006
f 1046/1364/1009 1050/1612/1191 1051/1367/1012
f 1047/1365/1010 1051/1367/1012 1052/1368/1013
f 1053/1369/1014 1054/3628/2701 1048/1370/1011
f 1051/1367/1012 1055/1616/1195 1056/1372/1015
f 1052/1371/1013 1056/1375/1015 1057/1373/1016
f 1058/1374/1017 1059/3624/2698 1053/1369/1014
f 1056/1375/1015 1060/1617/1196 1061/1376/1018
f 1057/1373/1016 1061/1376/1018 1062/1377/1019
f 1063/1378/1020 1064/3619/2695 1058/1374/1017
f 1061/1376/1018 1065/1623/1201 1066/1379/1021
f 1062/1377/1019 1066/1379/1021 1067/1380/1022
f 1068/1381/1023 1069/3603/2685 1063/1378/1020
f 1066/1379/1021 1070/1388/1028 1071/1382/1024
f 1067/1380/1022 1071/1382/1024 1072/1383/1025
f 1073/1384/1026 1074/3602/2684 1068/1381/1023
f 1071/1382/1024 1075/1387/1027 528/1385/482
f 1072/1383/1025 528/1385/482 526/1386/480
f 1075/1387/1027 1071/1382/1024 1070/1388/1028
f 1076/1389/1029 1077/1392/1030 531/1390/485
f 1075/1387/1027 531/1390/485 529/1391/483
f 1077/1392/1030 1076/1389/1029 1078/1393/1031
f 1079/1395/1032 540/1401/494 534/1396/488
f 1077/1397/1030 534/1396/488 532/602/486
f 1079/1394/1032 1078/1393/1031 1080/1398/1033
f 1081/1400/1034 541/1405/495 540/1401/494
f 1080/1402/1033 1082/1406/1036 1083/1403/1035
f 1081/1400/1034 1083/1403/1035 543/1404/498
f 1082/1406/1036 1084/1409/1039 1085/1407/1037
f 1083/1403/1035 1085/1407/1037 545/1408/1038
f 1084/1409/1039 1086/1411/1041 1087/1410/1040
f 1085/1407/1037 1087/1410/1040 552/630/505
f 1086/1411/1041 1088/3819/1042 555/633/508
f 1087/1410/1040 555/633/508 553/631/506
f 1088/1412/1042 1086/3820/1041 1089/1413/1043
f 1090/1414/1044 1091/1418/1046 1092/1415/1045
f 1088/1412/1042 1092/1415/1045 556/1416/509
f 1091/1418/1046 1093/1420/1047 560/638/513
f 1092/1415/1045 560/638/513 557/1419/511
f 1093/1420/1047 1091/1418/1046 1094/1421/1048
f 1095/1422/1049 1096/1424/1051 1097/1423/1050
f 1093/1420/1047 1097/1423/1050 561/639/514
f 1096/1424/1051 1098/1427/1053 1099/1425/1052
f 1097/1423/1050 1099/1425/1052 562/1426/516
f 1098/1427/1053 1100/1429/1054 567/647/520
f 1099/1425/1052 567/647/520 564/1428/518
f 1100/1429/1054 1098/1427/1053 1101/1430/1055
f 1102/1431/1056 1103/3821/1057 570/652/523
f 1100/1429/1054 570/652/523 568/648/521
f 1103/1432/1057 1102/3822/1056 1104/1433/1058
f 1105/1434/1059 1106/1438/1060 573/1435/526
f 1103/1432/1057 573/1435/526 571/1436/524
f 1106/1438/1060 1105/1434/1059 1107/1439/1061
f 1108/1440/1062 1109/1443/1063 576/1441/529
f 1106/1438/1060 576/1441/529 574/1442/527
f 1109/1443/1063 1108/1440/1062 1110/1444/1064
f 1111/1446/1065 1112/1452/1066 579/665/532
f 1109/1447/1063 579/665/532 577/663/530
f 1112/1448/1066 1111/1445/1065 1113/1449/1067
f 1114/1451/1068 1115/1453/1069 582/668/535
f 1112/1452/1066 582/668/535 580/666/533
f 1115/1453/1069 1114/1451/1068 1116/1454/1070
f 1117/1455/1071 1118/1457/1072 585/1456/539
f 1115/1453/1069 585/1456/539 583/669/536
f 1118/1457/1072 1117/1455/1071 1119/1458/1073
f 1120/1460/1074 1121/1462/1075 588/678/543
f 1118/1461/1072 588/678/543 586/675/540
f 1121/1462/1075 1120/1460/1074 1122/1463/1076
f 1123/1464/1077 1124/1466/1079 591/1465/1078
f 1121/1462/1075 591/1465/1078 589/679/544
f 1124/1466/1079 1123/1464/1077 1125/1467/1080
f 1126/1468/1081 1127/1470/1083 594/1469/1082
f 1124/1466/1079 594/1469/1082 592/682/547
f 1127/1470/1083 1126/1468/1081 1128/1471/1084
f 1127/1470/1083 1129/1472/1085 1130/1473/1086
f 597/1474/1087 595/685/550 594/1469/1082
f 1129/1472/1085 1131/1683/1246 1132/1475/1088
f 1130/1473/1086 1132/1475/1088 1133/1476/1089
f 600/1477/1090 598/688/553 597/1474/1087
f 1132/1475/1088 1134/1686/1249 1135/1478/1091
f 1133/1476/1089 1135/1478/1091 1136/1479/1092
f 603/1480/1093 601/691/556 600/1477/1090
f 1135/1478/1091 1137/1690/1253 1138/1481/1094
f 1136/1482/1092 1138/1486/1094 1139/1483/1095
f 606/1484/1096 604/699/559 603/1485/1093
f 1138/1486/1094 1140/1701/1257 1141/1487/1097
f 1139/1488/1095 1141/1492/1097 1142/1489/1098
f 609/1490/1099 607/704/562 606/1491/1096
f 1141/1492/1097 1143/1707/1262 1144/1493/1100
f 1142/1489/1098 1144/1493/1100 1145/1494/1101
f 612/1495/1102 610/707/565 609/1490/1099
f 1144/1493/1100 1146/1706/1265 1147/1496/1103
f 1145/1494/1101 1147/1496/1103 1148/1497/1104
f 615/1498/1105 613/710/568 612/1495/1102
f 1147/1496/1103 1149/1711/1268 1150/1499/1106
f 1148/1497/1104 1150/1499/1106 1151/1500/1107
f 618/1501/1108 616/713/571 615/1498/1105
f 1150/1499/1106 1152/1714/1271 1153/1502/1109
f 1151/1500/1107 1153/1502/1109 1154/1503/1110
f 621/1504/1111 619/716/574 618/1501/1108
f 1153/1502/1109 1155/1717/1274 1156/1505/1112
f 1154/1503/1110 1156/1505/1112 1157/1506/1113
f 624/1507/1114 622/719/577 621/1504/1111
f 1156/1505/1112 1158/1511/1117 1159/1508/1115
f 1157/1506/1113 1159/1508/1115 629/1509/1116
f 627/1510/585 625/722/580 624/1507/1114
f 1158/1511/1117 1160/1719/1276 1161/1512/1118
f 1159/1508/1115 1161/1512/1118 1162/1513/1119
f 1161/1512/1118 1163/1725/1282 1164/1514/1120
f 1162/1515/1119 1164/1521/1120 1165/1516/1121
f 632/1518/1122 630/736/586 629/1519/1116
f 1164/1521/1120 1166/1733/1285 1167/1522/1123
f 1165/1516/1121 1167/1522/1123 1168/1523/1124
f 635/1524/1125 633/3823/588 632/1517/1122
f 1167/1522/1123 1169/1732/1288 1170/1525/1126
f 1168/1526/1124 1170/1743/1126 1171/1527/1127
f 1172/1528/1128 636/746/591 635/1529/1125
f 1172/1528/1128 1171/1527/1127 1173/1530/1129
f 1174/1531/1130 637/747/592 636/746/591
f 1174/1531/1130 1173/1530/1129 1175/1532/1131
f 1176/1533/1132 639/749/594 637/747/592
f 1176/1533/1132 1175/1532/1131 1177/1534/1133
f 1178/1535/1134 641/751/596 639/749/594
f 1178/1535/1134 1177/1534/1133 1179/1536/1135
f 1180/1537/1136 643/753/598 641/751/596
f 1179/1536/1135 1181/1540/1139 1182/1538/1137
f 1180/1537/1136 1182/1538/1137 645/1539/1138
f 1181/1540/1139 1183/1756/1305 1184/1541/1140
f 1182/1538/1137 1184/1541/1140 1185/1542/1141
f 1184/1541/1140 1186/1766/1311 1187/1543/1142
f 1185/1542/1141 1187/1543/1142 1188/1544/1143
f 648/1545/1144 646/755/600 645/1539/1138
f 1187/1546/1142 1189/1770/1314 1190/1547/1145
f 1188/1548/1143 1190/1547/1145 1191/1549/1146
f 651/1551/1147 649/757/602 648/1545/1144
f 1190/1547/1145 1192/1776/1317 1193/1552/1148
f 1191/1549/1146 1193/1552/1148 1194/1553/1149
f 1195/1554/1150 652/3824/605 651/1550/1147
f 1195/1554/1150 1194/1553/1149 1196/1555/1151
f 1197/1557/1152 653/761/606 652/760/605
f 1197/1556/1152 1196/1555/1151 1198/1559/1153
f 22/1560/1154 21/2/2 653/1561/606
f 1196/1555/1151 1199/1787/1324 1200/1562/1155
f 1198/1559/1153 1200/1562/1155 1201/1563/1156
f 1202/1564/1157 23/5/5 22/1560/1154
f 1202/1564/1157 1201/1563/1156 1203/1565/1158
f 1202/1564/1157 1018/1334/982 43/34/27
f 1201/1566/1156 1204/1792/1329 1205/1567/1159
f 1203/1568/1158 1205/1567/1159 1206/1569/1160
f 1021/1571/1161 1019/1335/983 1018/1334/982
f 1205/1567/1159 1207/1796/1332 1208/1572/1162
f 1206/1569/1160 1208/1572/1162 1209/1573/1163
f 1210/1574/1164 1022/1577/985 1021/1570/1161
f 1210/1574/1164 1209/1573/1163 1211/1575/1165
f 1212/1576/1166 1023/1580/986 1022/1577/985
f 1212/1576/1166 1211/1575/1165 1213/1578/1167
f 1214/1579/1168 1025/1583/988 1023/1580/986
f 1214/1579/1168 1213/1578/1167 1215/1581/1169
f 1216/1582/1170 1027/1586/990 1025/1583/988
f 1216/1582/1170 1215/1581/1169 1217/1584/1171
f 1218/1585/1172 1029/3825/992 1027/1586/990
f 1218/1585/1172 1217/1584/1171 1219/1587/1173
f 1220/1589/1174 1221/1591/1175 1029/1346/992
f 1221/1591/1175 1032/1594/995 1030/1347/993
f 1221/1591/1175 1220/1589/1174 1222/1592/1176
f 1223/1593/1177 1034/1597/997 1032/1594/995
f 1223/1593/1177 1222/1592/1176 1224/1595/1178
f 1225/1596/1179 1036/1600/999 1034/1597/997
f 1225/1596/1179 1224/1595/1178 1226/1598/1180
f 1227/1599/1181 1228/1602/1182 1036/1600/999
f 1228/1601/1182 1040/1359/1004 1037/1355/1000
f 1228/1602/1182 1227/1599/1181 1229/1603/1183
f 1230/1605/1184 1231/1606/1185 1040/1359/1004
f 1231/1606/1185 1045/1363/1008 1041/1360/1005
f 1231/1606/1185 1230/1605/1184 1232/1607/1186
f 1233/1608/1187 1234/1609/1188 1045/1363/1008
f 1234/1609/1188 1050/1612/1191 1046/1364/1009
f 1234/1609/1188 1233/1608/1187 1235/1610/1189
f 1236/1611/1190 1237/1613/1192 1050/1612/1191
f 1237/1613/1192 1055/1616/1195 1051/1367/1012
f 1237/1613/1192 1236/1611/1190 1238/1614/1193
f 1239/1615/1194 1240/3826/1197 1055/1616/1195
f 1060/1617/1196 1056/1375/1015 1055/1618/1195
f 1240/1619/1197 1239/3827/1194 1241/1620/1198
f 1240/1619/1197 1242/1621/1199 1243/1622/1200
f 1065/1623/1201 1061/1376/1018 1060/1617/1196
f 1243/1622/1200 1242/1621/1199 1244/1624/1202
f 1243/1622/1200 1245/1625/1203 1246/1626/1204
f 1070/1388/1028 1066/1379/1021 1065/1623/1201
f 1245/1625/1203 1080/1398/1033 1078/1393/1031
f 1246/1626/1204 1078/1393/1031 1076/1389/1029
f 1245/1625/1203 1244/1624/1202 1082/1627/1036
f 1242/1621/1199 1241/1620/1198 1247/1628/1205
f 1244/1624/1202 1247/1628/1205 1084/1629/1039
f 1241/1620/1198 1248/3828/1206 1089/1630/1043
f 1247/1628/1205 1089/1630/1043 1086/1631/1041
f 1248/1632/1206 1241/3829/1198 1239/1615/1194
f 1238/1633/1193 1249/1636/1208 1250/1634/1207
f 1248/1635/1206 1250/1634/1207 1090/1414/1044
f 1249/1636/1208 1251/1637/1209 1094/1421/1048
f 1250/1634/1207 1094/1421/1048 1091/1418/1046
f 1251/1637/1209 1249/1636/1208 1235/1638/1189
f 1252/1639/1210 1253/1641/1212 1254/1640/1211
f 1251/1637/1209 1254/1640/1211 1095/1422/1049
f 1253/1641/1212 1255/1643/1214 1256/1642/1213
f 1254/1640/1211 1256/1642/1213 1096/1424/1051
f 1255/1643/1214 1257/1644/1215 1101/1430/1055
f 1256/1642/1213 1101/1430/1055 1098/1427/1053
f 1257/1644/1215 1255/1643/1214 1258/1645/1216
f 1259/1647/1217 1260/1649/1218 1104/1433/1058
f 1257/1644/1215 1104/3830/1058 1102/1431/1056
f 1260/1649/1218 1259/1647/1217 1261/1650/1219
f 1262/1651/1220 1263/1652/1221 1107/1439/1061
f 1260/1649/1218 1107/1439/1061 1105/1434/1059
f 1263/1652/1221 1262/1651/1220 1264/1653/1222
f 1265/1654/1223 1266/1655/1224 1110/1444/1064
f 1263/1652/1221 1110/1444/1064 1108/1440/1062
f 1266/1655/1224 1265/1654/1223 1267/1656/1225
f 1268/1657/1226 1269/1658/1227 1113/1449/1067
f 1266/1655/1224 1113/1449/1067 1111/1445/1065
f 1269/1658/1227 1268/1657/1226 1270/1659/1228
f 1271/1660/1229 1272/1664/1230 1116/1661/1070
f 1269/1662/1227 1116/1454/1070 1114/1451/1068
f 1272/1664/1230 1271/1660/1229 1273/1665/1231
f 1274/1667/1232 1275/1669/1233 1119/1458/1073
f 1272/1668/1230 1119/1458/1073 1117/1455/1071
f 1275/1669/1233 1274/1667/1232 1276/1670/1234
f 1277/1671/1235 1278/3831/1236 1122/1672/1076
f 1275/1669/1233 1122/1672/1076 1120/1459/1074
f 1278/1673/1236 1277/3832/1235 1279/1674/1237
f 1280/1675/1238 1281/1676/1239 1125/1467/1080
f 1278/1673/1236 1125/1467/1080 1123/1464/1077
f 1281/1676/1239 1280/1675/1238 1282/1677/1240
f 1283/1678/1241 1284/1679/1242 1128/1471/1084
f 1281/1676/1239 1128/1471/1084 1126/1468/1081
f 1284/1679/1242 1283/1678/1241 1285/1680/1243
f 1284/1679/1242 1286/1681/1244 1287/1682/1245
f 1284/1679/1242 1131/1683/1246 1129/1472/1085
f 1287/1682/1245 1286/1681/1244 1288/1684/1247
f 1289/1685/1248 1290/1687/1250 1134/1686/1249
f 1134/1686/1249 1132/1475/1088 1131/1683/1246
f 1290/1687/1250 1289/1685/1248 1291/1688/1251
f 1292/1689/1252 1293/1691/1254 1137/1690/1253
f 1137/1690/1253 1135/1478/1091 1134/1686/1249
f 1293/1691/1254 1292/1689/1252 1294/1692/1255
f 1295/1693/1256 1296/1695/1258 1140/1694/1257
f 1140/1694/1257 1138/1481/1094 1137/1690/1253
f 1296/1695/1258 1295/1693/1256 1297/1696/1259
f 1296/1698/1258 1298/1702/1260 1299/1699/1261
f 1143/1700/1262 1141/1487/1097 1140/1701/1257
f 1298/1702/1260 1300/1867/1385 1301/1703/1263
f 1299/1704/1261 1301/1708/1263 1302/1705/1264
f 1146/1706/1265 1144/1493/1100 1143/1707/1262
f 1301/1708/1263 1303/1874/1389 1304/1709/1266
f 1302/1705/1264 1304/1709/1266 1305/1710/1267
f 1149/1711/1268 1147/1496/1103 1146/1706/1265
f 1304/1709/1266 1306/1873/1394 1307/1712/1269
f 1305/1710/1267 1307/1712/1269 1308/1713/1270
f 1152/1714/1271 1150/1499/1106 1149/1711/1268
f 1307/1712/1269 1309/1878/1397 1310/1715/1272
f 1308/1713/1270 1310/1715/1272 1311/1716/1273
f 1155/1717/1274 1153/1502/1109 1152/1714/1271
f 1310/1715/1272 1312/1720/1277 1313/1718/1275
f 1311/1716/1273 1313/1718/1275 1160/1719/1276
f 1158/1511/1117 1156/1505/1112 1155/1717/1274
f 1312/1720/1277 1314/1880/1399 1315/1721/1278
f 1313/1718/1275 1315/1721/1278 1316/1722/1279
f 1315/1721/1278 1317/1886/1405 1318/1723/1280
f 1316/1722/1279 1318/1723/1280 1319/1724/1281
f 1163/1725/1282 1161/1512/1118 1160/1719/1276
f 1318/1723/1280 1320/1889/1408 1321/1726/1283
f 1319/1724/1281 1321/1726/1283 1322/1727/1284
f 1166/1728/1285 1164/1514/1120 1163/1725/1282
f 1321/1726/1283 1323/1892/1411 1324/1729/1286
f 1322/1730/1284 1324/3833/1286 1325/1731/1287
f 1169/1732/1288 1167/1522/1123 1166/1733/1285
f 1324/1734/1286 1326/1897/1414 1327/1735/1289
f 1325/1736/1287 1327/1735/1289 1328/1737/1290
f 1329/1739/1291 1170/1525/1126 1169/1732/1288
f 1329/1738/1291 1328/1737/1290 1330/1740/1292
f 1331/1742/1293 1171/1527/1127 1170/1743/1126
f 1331/1742/1293 1330/3834/1292 1332/1745/1294
f 1333/1746/1295 1173/1530/1129 1171/1527/1127
f 1333/1746/1295 1332/1745/1294 1334/1747/1296
f 1335/1748/1297 1175/1532/1131 1173/1530/1129
f 1335/1748/1297 1334/1747/1296 1336/1749/1298
f 1337/1750/1299 1177/1534/1133 1175/1532/1131
f 1337/1750/1299 1336/1749/1298 1338/1751/1300
f 1339/1752/1301 1179/1536/1135 1177/1534/1133
f 1338/1751/1300 1340/1754/1303 1341/1753/1302
f 1339/1752/1301 1341/1753/1302 1181/1540/1139
f 1340/1754/1303 1342/3835/1306 1343/1755/1304
f 1341/1753/1302 1343/1755/1304 1183/1756/1305
f 1342/1757/1306 1344/1936/1435 1345/1758/1307
f 1343/1755/1304 1345/3836/1307 1346/1760/1308
f 1345/1761/1307 1347/1950/1441 1348/1762/1309
f 1346/1763/1308 1348/1762/1309 1349/1764/1310
f 1186/1766/1311 1184/1541/1140 1183/1756/1305
f 1348/1762/1309 1350/1949/1444 1351/1767/1312
f 1349/1768/1310 1351/3837/1312 1352/1769/1313
f 1189/1770/1314 1187/1546/1142 1186/1771/1311
f 1351/1772/1312 1353/1955/1447 1354/1773/1315
f 1352/1769/1313 1354/3838/1315 1355/1775/1316
f 1192/1776/1317 1190/1547/1145 1189/1770/1314
f 1354/1773/1315 1356/1958/1450 1357/1777/1318
f 1355/1778/1316 1357/1777/1318 1358/1779/1319
f 1359/1781/1320 1193/1552/1148 1192/1776/1317
f 1359/1780/1320 1358/1779/1319 1360/1782/1321
f 1361/1784/1322 1194/1553/1149 1193/1552/1148
f 1361/1783/1322 1360/1782/1321 1362/1785/1323
f 1199/1787/1324 1196/1555/1151 1194/1553/1149
f 1360/1782/1321 1363/1965/1457 1364/1788/1325
f 1362/1785/1323 1364/1788/1325 1365/1789/1326
f 1366/1790/1327 1200/1793/1155 1199/1786/1324
f 1366/1790/1327 1365/1789/1326 1367/1791/1328
f 1204/1792/1329 1201/1566/1156 1200/1793/1155
f 1365/1789/1326 1368/1970/1462 1369/1794/1330
f 1367/1791/1328 1369/1794/1330 1370/1795/1331
f 1207/1796/1332 1205/1567/1159 1204/1792/1329
f 1369/1794/1330 1371/1973/1465 1372/1797/1333
f 1370/1795/1331 1372/1797/1333 1373/1798/1334
f 1374/1799/1335 1208/1572/1162 1207/1796/1332
f 1374/1799/1335 1373/1798/1334 1375/1800/1336
f 1376/1801/1337 1209/1573/1163 1208/1572/1162
f 1376/1801/1337 1375/1800/1336 1377/1802/1338
f 1378/1803/1339 1211/1575/1165 1209/1573/1163
f 1378/1803/1339 1377/1802/1338 1379/1804/1340
f 1380/1805/1341 1213/1578/1167 1211/1575/1165
f 1380/1805/1341 1379/1804/1340 1381/1806/1342
f 1382/1807/1343 1215/1581/1169 1213/1578/1167
f 1382/1807/1343 1381/1806/1342 1383/1808/1344
f 1384/1809/1345 1217/1584/1171 1215/1581/1169
f 1384/1809/1345 1383/1808/1344 1385/1810/1346
f 1386/1811/1347 1219/1587/1173 1217/1584/1171
f 1386/1811/1347 1385/1810/1346 1387/1812/1348
f 1388/1813/1349 1389/1814/1350 1219/1587/1173
f 1389/1814/1350 1222/1817/1176 1220/1588/1174
f 1389/1814/1350 1388/1813/1349 1390/1815/1351
f 1391/1816/1352 1224/1819/1178 1222/1817/1176
f 1391/1816/1352 1390/1815/1351 1264/1653/1222
f 1392/1818/1353 1226/1820/1180 1224/1819/1178
f 1392/1818/1353 1264/1653/1222 1262/1651/1220
f 1261/1650/1219 1393/3839/1354 1226/1820/1180
f 1393/1821/1354 1229/1603/1183 1227/1599/1181
f 1393/1821/1354 1261/3840/1219 1259/1646/1217
f 1258/1645/1216 1394/1822/1355 1229/1603/1183
f 1394/1822/1355 1232/1823/1186 1230/1604/1184
f 1394/1822/1355 1258/1645/1216 1255/1643/1214
f 1253/1641/1212 1252/1639/1210 1232/1823/1186
f 1388/1813/1349 1387/1812/1348 1267/1656/1225
f 1390/1815/1351 1267/1656/1225 1265/1654/1223
f 1385/1810/1346 1395/1824/1356 1270/1659/1228
f 1387/1812/1348 1270/1659/1228 1268/1657/1226
f 1395/1824/1356 1385/1810/1346 1383/1808/1344
f 1396/1825/1357 1397/1826/1358 1273/1665/1231
f 1395/1824/1356 1273/1665/1231 1271/1660/1229
f 1397/1826/1358 1396/1825/1357 1398/1827/1359
f 1399/1828/1360 1400/3841/1361 1276/1829/1234
f 1397/1826/1358 1276/1829/1234 1274/1666/1232
f 1400/1830/1361 1399/3842/1360 1401/1831/1362
f 1402/1832/1363 1403/1837/1364 1279/1833/1237
f 1400/1834/1361 1279/3843/1237 1277/1835/1235
f 1403/1837/1364 1402/1832/1363 1404/1838/1365
f 1405/1839/1366 1406/3844/1367 1282/1840/1240
f 1403/1837/1364 1282/1840/1240 1280/1841/1238
f 1406/1842/1367 1405/3845/1366 1407/1843/1368
f 1408/1844/1369 1409/1845/1370 1285/1680/1243
f 1406/1842/1367 1285/1680/1243 1283/1678/1241
f 1409/1845/1370 1408/1844/1369 1410/1846/1371
f 1411/1847/1372 1412/1848/1373 1288/1684/1247
f 1409/1845/1370 1288/1684/1247 1286/1681/1244
f 1412/1848/1373 1411/1847/1372 1413/1849/1374
f 1414/1850/1375 1415/1851/1376 1291/1688/1251
f 1412/1848/1373 1291/1688/1251 1289/1685/1248
f 1415/1851/1376 1414/1850/1375 1416/1852/1377
f 1417/1853/1378 1418/1854/1379 1294/1692/1255
f 1415/1851/1376 1294/1692/1255 1292/1689/1252
f 1418/1854/1379 1417/1853/1378 1419/1855/1380
f 1420/1856/1381 1421/1857/1382 1297/1696/1259
f 1418/1854/1379 1297/1696/1259 1295/1693/1256
f 1421/1857/1382 1420/1856/1381 1422/1858/1383
f 1423/1859/1384 1424/1861/1386 1300/1860/1385
f 1421/1857/1382 1300/1860/1385 1298/1697/1260
f 1424/1861/1386 1423/1859/1384 1425/1862/1387
f 1426/1864/1388 1427/1868/1390 1303/1865/1389
f 1424/1866/1386 1303/1865/1389 1301/1703/1263
f 1427/1868/1390 1426/1864/1388 1428/1869/1391
f 1427/1871/1390 1429/1875/1392 1430/1872/1393
f 1306/1873/1394 1304/1709/1266 1303/1874/1389
f 1429/1875/1392 1431/2029/1502 1432/1876/1395
f 1430/1872/1393 1432/1876/1395 1433/1877/1396
f 1309/1878/1397 1307/1712/1269 1306/1873/1394
f 1432/1876/1395 1434/1881/1400 1435/1879/1398
f 1433/1877/1396 1435/1879/1398 1314/1880/1399
f 1312/1720/1277 1310/1715/1272 1309/1878/1397
f 1434/1881/1400 1436/2028/1506 1437/1882/1401
f 1435/1879/1398 1437/1882/1401 1438/1883/1402
f 1437/1882/1401 1439/2038/1513 1440/1884/1403
f 1438/1883/1402 1440/1884/1403 1441/1885/1404
f 1317/1886/1405 1315/1721/1278 1314/1880/1399
f 1440/1884/1403 1442/2043/1516 1443/1887/1406
f 1441/1885/1404 1443/1887/1406 1444/1888/1407
f 1320/1889/1408 1318/1723/1280 1317/1886/1405
f 1443/1887/1406 1445/2048/1519 1446/1890/1409
f 1444/1888/1407 1446/1890/1409 1447/1891/1410
f 1323/1892/1411 1321/1726/1283 1320/1889/1408
f 1446/1893/1409 1448/2054/1522 1449/1894/1412
f 1447/1895/1410 1449/1894/1412 1450/1896/1413
f 1326/1897/1414 1324/1734/1286 1323/1898/1411
f 1449/1899/1412 1451/2062/1525 1452/1900/1415
f 1450/1901/1413 1452/1900/1415 1453/1902/1416
f 1454/1904/1417 1327/1735/1289 1326/1897/1414
f 1454/1903/1417 1453/1902/1416 1455/1905/1418
f 1456/1907/1419 1328/1737/1290 1327/1735/1289
f 1456/1906/1419 1455/1905/1418 1457/1908/1420
f 1458/1910/1421 1330/1740/1292 1328/1737/1290
f 1458/1909/1421 1457/1908/1420 1459/1911/1422
f 1460/1913/1423 1332/1917/1294 1330/1740/1292
f 1460/1912/1423 1459/1911/1422 1461/1914/1424
f 1462/1916/1425 1334/1921/1296 1332/1917/1294
f 1462/1915/1425 1461/1914/1424 1463/1918/1426
f 1464/1920/1427 1336/3846/1298 1334/1921/1296
f 1464/1919/1427 1463/1918/1426 1465/1922/1428
f 1466/1924/1429 1338/1929/1300 1336/1925/1298
f 1465/1922/1428 1467/1930/1431 1468/1927/1430
f 1466/1924/1429 1468/1932/1430 1340/1928/1303
f 1467/1930/1431 1469/1933/1433 1470/1931/1432
f 1468/1932/1430 1470/1935/1432 1342/1757/1306
f 1469/1933/1433 1471/1937/1436 1472/1934/1434
f 1470/1935/1432 1472/1939/1434 1344/1936/1435
f 1471/1937/1436 1473/2115/1550 1474/1938/1437
f 1472/1939/1434 1474/1941/1437 1475/1940/1438
f 1474/1941/1437 1476/2121/1556 1477/1942/1439
f 1475/1940/1438 1477/1942/1439 1478/1943/1440
f 1347/1944/1441 1345/1758/1307 1344/1936/1435
f 1477/1942/1439 1479/2120/1559 1480/1945/1442
f 1478/1946/1440 1480/1952/1442 1481/1947/1443
f 1350/1949/1444 1348/1762/1309 1347/1950/1441
f 1480/1952/1442 1482/2126/1562 1483/1953/1445
f 1481/1947/1443 1483/1953/1445 1484/1954/1446
f 1353/1955/1447 1351/1772/1312 1350/1948/1444
f 1483/1953/1445 1485/2131/1565 1486/1956/1448
f 1484/1954/1446 1486/1956/1448 1487/1957/1449
f 1356/1958/1450 1354/1773/1315 1353/1955/1447
f 1486/1956/1448 1488/2134/1568 1489/1959/1451
f 1487/1957/1449 1489/1959/1451 1490/1960/1452
f 1491/1961/1453 1357/1777/1318 1356/1958/1450
f 1491/1961/1453 1490/1960/1452 1492/1962/1454
f 1493/1963/1455 1358/1779/1319 1357/1777/1318
f 1493/1963/1455 1492/1962/1454 1494/1964/1456
f 1363/1965/1457 1360/1782/1321 1358/1779/1319
f 1492/1962/1454 1495/2141/1575 1496/1966/1458
f 1494/1964/1456 1496/1966/1458 1497/1967/1459
f 1498/1968/1460 1364/1788/1325 1363/1965/1457
f 1498/1968/1460 1497/1967/1459 1499/1969/1461
f 1368/1970/1462 1365/1789/1326 1364/1788/1325
f 1497/1967/1459 1500/2146/1580 1501/1971/1463
f 1499/1969/1461 1501/1971/1463 1502/1972/1464
f 1371/1973/1465 1369/1794/1330 1368/1970/1462
f 1501/1971/1463 1503/2152/1583 1504/1974/1466
f 1502/1972/1464 1504/1974/1466 1505/1975/1467
f 1506/1976/1468 1372/1797/1333 1371/1973/1465
f 1506/1976/1468 1505/1975/1467 1507/1977/1469
f 1508/1978/1470 1373/1798/1334 1372/1797/1333
f 1508/1978/1470 1507/1977/1469 1509/1979/1471
f 1510/1980/1472 1375/1800/1336 1373/1798/1334
f 1510/1980/1472 1509/1979/1471 1511/1981/1473
f 1512/1982/1474 1377/1802/1338 1375/1800/1336
f 1512/1982/1474 1511/1981/1473 1401/1983/1362
f 1513/1984/1475 1379/1804/1340 1377/1802/1338
f 1513/1984/1475 1401/1983/1362 1399/1828/1360
f 1398/1827/1359 1381/1806/1342 1379/1804/1340
f 1509/1985/1471 1514/1989/1476 1404/1986/1365
f 1511/1988/1473 1404/1838/1365 1402/1832/1363
f 1514/1989/1476 1509/1985/1471 1507/1990/1469
f 1515/1991/1477 1516/3847/1478 1407/1992/1368
f 1514/1989/1476 1407/1992/1368 1405/1993/1366
f 1516/1994/1478 1515/3596/1477 1517/1995/1479
f 1518/1997/1480 1519/1999/1481 1410/1846/1371
f 1516/1998/1478 1410/1846/1371 1408/1844/1369
f 1519/1999/1481 1518/1997/1480 1520/2000/1482
f 1521/2001/1483 1522/2002/1484 1413/1849/1374
f 1519/1999/1481 1413/1849/1374 1411/1847/1372
f 1522/2002/1484 1521/2001/1483 1523/2003/1485
f 1524/2004/1486 1525/2005/1487 1416/1852/1377
f 1522/2002/1484 1416/1852/1377 1414/1850/1375
f 1525/2005/1487 1524/2004/1486 1526/2006/1488
f 1527/2007/1489 1528/2008/1490 1419/1855/1380
f 1525/2005/1487 1419/1855/1380 1417/1853/1378
f 1528/2008/1490 1527/2007/1489 1529/2009/1491
f 1530/2010/1492 1531/2011/1493 1422/1858/1383
f 1528/2008/1490 1422/1858/1383 1420/1856/1381
f 1531/2011/1493 1530/2010/1492 1532/2012/1494
f 1533/2013/1495 1534/2014/1496 1425/1862/1387
f 1531/2011/1493 1425/1862/1387 1423/1859/1384
f 1534/2014/1496 1533/2013/1495 1535/2015/1497
f 1536/2016/1498 1537/2018/1499 1428/2017/1391
f 1534/2014/1496 1428/2017/1391 1426/1863/1388
f 1537/2018/1499 1536/2016/1498 1538/2019/1500
f 1539/2021/1501 1540/2024/1503 1431/2022/1502
f 1537/2023/1499 1431/2022/1502 1429/1870/1392
f 1540/2024/1503 1539/2021/1501 1541/2025/1504
f 1540/2027/1503 1542/2033/1505 1436/2028/1506
f 1434/1881/1400 1432/1876/1395 1431/2029/1502
f 1542/2026/1505 1541/2025/1504 1543/2030/1507
f 1544/2032/1508 1545/2034/1509 1436/2028/1506
f 1545/2034/1509 1544/2032/1508 1546/2035/1510
f 1545/2034/1509 1547/2036/1511 1548/2037/1512
f 1439/2038/1513 1437/1882/1401 1436/2028/1506
f 1547/2039/1511 1549/2190/1613 1550/2040/1514
f 1548/2037/1512 1550/3848/1514 1551/2042/1515
f 1442/2043/1516 1440/1884/1403 1439/2038/1513
f 1550/2040/1514 1552/2196/1618 1553/2044/1517
f 1551/2045/1515 1553/2044/1517 1554/2046/1518
f 1445/2048/1519 1443/1887/1406 1442/2043/1516
f 1553/2049/1517 1555/2203/1621 1556/2050/1520
f 1554/2051/1518 1556/2050/1520 1557/2052/1521
f 1448/2054/1522 1446/1893/1409 1445/2055/1519
f 1556/2057/1520 1558/3849/1624 1559/2058/1523
f 1557/2059/1521 1559/2058/1523 1560/2060/1524
f 1451/2062/1525 1449/1899/1412 1448/2053/1522
f 1559/2063/1523 1561/2212/1627 1562/2064/1526
f 1560/2060/1524 1562/2219/1526 1563/2066/1527
f 1564/2067/1528 1452/2070/1415 1451/2061/1525
f 1564/2067/1528 1563/2066/1527 1565/2068/1529
f 1566/2069/1530 1453/2073/1416 1452/2070/1415
f 1566/2069/1530 1565/2068/1529 1567/2071/1531
f 1568/2072/1532 1455/2076/1418 1453/2073/1416
f 1568/2072/1532 1567/2071/1531 1569/2074/1533
f 1570/2075/1534 1457/2079/1420 1455/2076/1418
f 1570/2075/1534 1569/2074/1533 1571/2077/1535
f 1572/2078/1536 1459/2084/1422 1457/2079/1420
f 1572/2080/1536 1571/2233/1535 1573/2081/1537
f 1574/2083/1538 1461/2088/1424 1459/2084/1422
f 1574/2082/1538 1573/2081/1537 1575/2085/1539
f 1576/2087/1540 1463/3850/1426 1461/2088/1424
f 1576/2086/1540 1575/2085/1539 1577/2089/1541
f 1578/2091/1542 1465/2096/1428 1463/2092/1426
f 1577/2089/1541 1579/2097/1544 1580/2094/1543
f 1578/2091/1542 1580/2099/1543 1467/2095/1431
f 1579/2097/1544 1581/2241/1546 1582/2098/1545
f 1580/2099/1543 1582/2103/1545 1469/2100/1433
f 1581/2101/1546 1583/2105/1548 1584/2102/1547
f 1582/2103/1545 1584/2102/1547 1471/2104/1436
f 1583/2105/1548 1585/2108/1551 1586/2106/1549
f 1584/2102/1547 1586/2106/1549 1473/2107/1550
f 1585/2108/1551 1587/2250/1656 1588/2109/1552
f 1586/2106/1549 1588/2109/1552 1589/2110/1553
f 1588/2109/1552 1590/2258/1662 1591/2111/1554
f 1589/2112/1553 1591/2116/1554 1592/2113/1555
f 1476/2114/1556 1474/1938/1437 1473/2115/1550
f 1591/2116/1554 1593/2268/1665 1594/2117/1557
f 1592/2118/1555 1594/2122/1557 1595/2119/1558
f 1479/2120/1559 1477/1942/1439 1476/2121/1556
f 1594/2122/1557 1596/3851/1668 1597/2123/1560
f 1595/2124/1558 1597/2128/1560 1598/2125/1561
f 1482/2127/1562 1480/1945/1442 1479/2120/1559
f 1597/2128/1560 1599/2280/1671 1600/2129/1563
f 1598/2125/1561 1600/2129/1563 1601/2130/1564
f 1485/2131/1565 1483/1953/1445 1482/2126/1562
f 1600/2129/1563 1602/2279/1674 1603/2132/1566
f 1601/2130/1564 1603/2132/1566 1604/2133/1567
f 1488/2134/1568 1486/1956/1448 1485/2131/1565
f 1603/2132/1566 1605/2285/1677 1606/2135/1569
f 1604/2133/1567 1606/2135/1569 1607/2136/1570
f 1608/2137/1571 1489/1959/1451 1488/2134/1568
f 1608/2137/1571 1607/2136/1570 1609/2138/1572
f 1610/2139/1573 1490/1960/1452 1489/1959/1451
f 1610/2139/1573 1609/2138/1572 1611/2140/1574
f 1495/2141/1575 1492/1962/1454 1490/1960/1452
f 1609/2138/1572 1612/2298/1684 1613/2142/1576
f 1611/2140/1574 1613/2142/1576 1614/2143/1577
f 1615/2144/1578 1496/1966/1458 1495/2141/1575
f 1615/2144/1578 1614/2143/1577 1616/2145/1579
f 1500/2146/1580 1497/1967/1459 1496/1966/1458
f 1614/2147/1577 1617/2303/1688 1618/2148/1581
f 1616/2149/1579 1618/2148/1581 1619/2150/1582
f 1503/2152/1583 1501/1971/1463 1500/2146/1580
f 1618/2148/1581 1620/3595/1586 1621/2153/1584
f 1619/2150/1582 1621/2153/1584 1520/2154/1482
f 1622/2155/1585 1504/2158/1466 1503/2151/1583
f 1622/2155/1585 1520/2154/1482 1518/2156/1480
f 1517/2157/1479 1505/3852/1467 1504/2158/1466
f 1620/2159/1586 1623/2161/1587 1523/2003/1485
f 1621/2160/1584 1523/2003/1485 1521/2001/1483
f 1623/2161/1587 1620/2159/1586 1624/2162/1588
f 1625/2163/1589 1626/2164/1590 1526/2006/1488
f 1623/2161/1587 1526/2006/1488 1524/2004/1486
f 1626/2164/1590 1625/2163/1589 1627/2165/1591
f 1628/2166/1592 1629/2167/1593 1529/2009/1491
f 1626/2164/1590 1529/2009/1491 1527/2007/1489
f 1629/2167/1593 1628/2166/1592 1630/2168/1594
f 1631/2169/1595 1632/2170/1596 1532/2012/1494
f 1629/2167/1593 1532/2012/1494 1530/2010/1492
f 1632/2170/1596 1631/2169/1595 1633/2171/1597
f 1634/2172/1598 1635/2173/1599 1535/2015/1497
f 1632/2170/1596 1535/2015/1497 1533/2013/1495
f 1635/2173/1599 1634/2172/1598 1636/2174/1600
f 1637/2175/1601 1638/2176/1602 1538/2019/1500
f 1635/2173/1599 1538/2019/1500 1536/2016/1498
f 1638/2176/1602 1637/2175/1601 1639/2177/1603
f 1640/2178/1604 1543/2182/1507 1541/2179/1504
f 1638/2176/1602 1541/2179/1504 1539/2020/1501
f 1640/2178/1604 1639/2177/1603 1641/2180/1605
f 1642/2181/1606 1643/3853/1607 1543/2182/1507
f 1643/2183/1607 1642/2324/1606 1644/2184/1608
f 1645/2185/1609 1646/2187/1610 1546/2186/1510
f 1643/2183/1607 1546/2186/1510 1544/2031/1508
f 1646/2187/1610 1645/2185/1609 1647/2188/1611
f 1648/2189/1612 1649/2197/1614 1549/2190/1613
f 1549/2190/1613 1547/2039/1511 1546/2186/1510
f 1649/2191/1614 1648/2336/1612 1650/2192/1615
f 1649/2191/1614 1651/2193/1616 1652/2194/1617
f 1552/2196/1618 1550/2040/1514 1549/2190/1613
f 1651/2198/1616 1653/2341/1716 1654/2199/1619
f 1652/2200/1617 1654/2199/1619 1655/2201/1620
f 1555/2203/1621 1553/2049/1517 1552/2195/1618
f 1654/2204/1619 1656/2345/1719 1657/2205/1622
f 1655/2206/1620 1657/2205/1622 1658/2207/1623
f 1558/2208/1624 1556/3854/1520 1555/2209/1621
f 1657/2205/1622 1659/2350/1722 1660/2210/1625
f 1658/2207/1623 1660/2210/1625 1661/2211/1626
f 1561/2212/1627 1559/2063/1523 1558/2208/1624
f 1660/2210/1625 1662/2353/1725 1663/2213/1628
f 1661/2211/1626 1663/2213/1628 1664/2214/1629
f 1665/2215/1630 1562/2064/1526 1561/2212/1627
f 1665/2215/1630 1664/2214/1629 1666/2216/1631
f 1667/2218/1632 1563/2066/1527 1562/2219/1526
f 1667/2218/1632 1666/2364/1631 1668/2221/1633
f 1669/2222/1634 1565/2068/1529 1563/2066/1527
f 1669/2222/1634 1668/2221/1633 1670/2223/1635
f 1671/2224/1636 1567/2071/1531 1565/2068/1529
f 1671/2224/1636 1670/2223/1635 1672/2225/1637
f 1673/2226/1638 1569/2074/1533 1567/2071/1531
f 1673/2227/1638 1672/2372/1637 1674/2228/1639
f 1675/2229/1640 1571/2233/1535 1569/2230/1533
f 1675/2229/1640 1674/2228/1639 1676/2231/1641
f 1677/2232/1642 1573/2081/1537 1571/2233/1535
f 1677/2232/1642 1676/2231/1641 1678/2234/1643
f 1679/2235/1644 1575/2085/1539 1573/2081/1537
f 1679/2235/1644 1678/2234/1643 1680/2236/1645
f 1681/2237/1646 1577/2089/1541 1575/2085/1539
f 1681/2237/1646 1680/2236/1645 1682/2238/1647
f 1681/2237/1646 1683/2239/1648 1579/2097/1544
f 1682/2238/1647 1684/2242/1650 1685/2240/1649
f 1683/2239/1648 1685/2240/1649 1581/2241/1546
f 1684/2242/1650 1686/2384/1652 1687/2243/1651
f 1685/2240/1649 1687/2243/1651 1583/2244/1548
f 1686/2245/1652 1688/2248/1654 1689/2246/1653
f 1687/2247/1651 1689/2246/1653 1585/2108/1551
f 1688/2248/1654 1690/2251/1657 1691/2249/1655
f 1689/2246/1653 1691/2249/1655 1587/2250/1656
f 1690/2251/1657 1692/2393/1758 1693/2252/1658
f 1691/2249/1655 1693/2252/1658 1694/2253/1659
f 1693/2254/1658 1695/2400/1764 1696/2255/1660
f 1694/2253/1659 1696/3855/1660 1697/2257/1661
f 1590/2258/1662 1588/2109/1552 1587/2250/1656
f 1696/2255/1660 1698/2403/1767 1699/2259/1663
f 1697/2257/1661 1699/2263/1663 1700/2261/1664
f 1593/2262/1665 1591/2111/1554 1590/2258/1662
f 1699/2263/1663 1701/3856/1770 1702/2264/1666
f 1700/2265/1664 1702/2269/1666 1703/2266/1667
f 1596/2267/1668 1594/2117/1557 1593/2268/1665
f 1702/2269/1666 1704/2417/1773 1705/2270/1669
f 1703/2271/1667 1705/2275/1669 1706/2272/1670
f 1599/2273/1671 1597/3857/1560 1596/2274/1668
f 1705/2275/1669 1707/2423/1776 1708/2276/1672
f 1706/2272/1670 1708/2276/1672 1709/2277/1673
f 1602/2279/1674 1600/2129/1563 1599/2280/1671
f 1708/2276/1672 1710/2422/1779 1711/2282/1675
f 1709/2283/1673 1711/3858/1675 1712/2284/1676
f 1605/2285/1677 1603/2132/1566 1602/2279/1674
f 1711/2282/1675 1713/2427/1782 1714/2286/1678
f 1712/2288/1676 1714/2435/1678 1715/2289/1679
f 1716/2291/1680 1606/2135/1569 1605/2285/1677
f 1716/2292/1680 1715/2438/1679 1717/2293/1681
f 1718/2295/1682 1607/2136/1570 1606/2135/1569
f 1718/2294/1682 1717/2293/1681 1719/2296/1683
f 1612/2298/1684 1609/2138/1572 1607/2136/1570
f 1717/2293/1681 1720/2437/1690 1721/2299/1685
f 1719/2296/1683 1721/2299/1685 1722/2300/1686
f 1723/2301/1687 1613/2304/1576 1612/2297/1684
f 1723/2301/1687 1722/2300/1686 1624/2302/1588
f 1617/2303/1688 1614/2147/1577 1613/2304/1576
f 1721/2305/1685 1724/2307/1689 1627/2165/1591
f 1722/2306/1686 1627/2165/1591 1625/2163/1589
f 1724/2307/1689 1721/2305/1685 1720/2308/1690
f 1725/2309/1691 1726/2310/1692 1630/2168/1594
f 1724/2307/1689 1630/2168/1594 1628/2166/1592
f 1726/2310/1692 1725/2309/1691 1727/2311/1693
f 1728/2312/1694 1729/2313/1695 1633/2171/1597
f 1726/2310/1692 1633/2171/1597 1631/2169/1595
f 1729/2313/1695 1728/2312/1694 1730/2314/1696
f 1731/2315/1697 1732/2316/1698 1636/2174/1600
f 1729/2313/1695 1636/2174/1600 1634/2172/1598
f 1732/2316/1698 1731/2315/1697 1733/2317/1699
f 1734/2318/1700 1641/2180/1605 1639/2177/1603
f 1732/2316/1698 1639/2177/1603 1637/2175/1601
f 1734/2318/1700 1733/2317/1699 1735/2319/1701
f 1736/2320/1702 1737/3859/1703 1641/2180/1605
f 1737/2321/1703 1736/3860/1702 1738/2322/1704
f 1739/2323/1705 1740/2330/1706 1644/2184/1608
f 1737/2321/1703 1644/2184/1608 1642/2324/1606
f 1740/2326/1706 1739/2461/1705 1741/2327/1707
f 1742/2328/1708 1743/2335/1709 1647/2329/1611
f 1740/2330/1706 1647/2188/1611 1645/2185/1609
f 1743/2331/1709 1742/2467/1708 1744/2332/1710
f 1745/2333/1711 1746/2337/1712 1650/2334/1615
f 1743/2335/1709 1650/2192/1615 1648/2336/1612
f 1746/2337/1712 1745/2333/1711 1747/2338/1713
f 1746/2337/1712 1748/2339/1714 1749/2340/1715
f 1653/2341/1716 1651/2198/1616 1650/2334/1615
f 1748/2339/1714 1750/2475/1808 1751/2342/1717
f 1749/2343/1715 1751/2347/1717 1752/2344/1718
f 1656/2346/1719 1654/2199/1619 1653/2341/1716
f 1751/2347/1717 1753/2485/1811 1754/2348/1720
f 1752/2344/1718 1754/2348/1720 1755/2349/1721
f 1659/2350/1722 1657/2205/1622 1656/2345/1719
f 1754/2348/1720 1756/2483/1815 1757/2351/1723
f 1755/2349/1721 1757/2351/1723 1758/2352/1724
f 1662/2353/1725 1660/2210/1625 1659/2350/1722
f 1757/2351/1723 1759/2489/1819 1760/2354/1726
f 1758/2352/1724 1760/2354/1726 1761/2355/1727
f 1762/2356/1728 1663/2213/1628 1662/2353/1725
f 1762/2356/1728 1761/2355/1727 1763/2357/1729
f 1764/2358/1730 1664/2214/1629 1663/2213/1628
f 1764/2358/1730 1763/2357/1729 1765/2359/1731
f 1766/2360/1732 1666/2216/1631 1664/2214/1629
f 1766/2361/1732 1765/2502/1731 1767/2362/1733
f 1768/2363/1734 1668/2221/1633 1666/2364/1631
f 1768/2363/1734 1767/2362/1733 1769/2365/1735
f 1770/2366/1736 1670/2223/1635 1668/2221/1633
f 1770/2366/1736 1769/2365/1735 1771/2367/1737
f 1772/2368/1738 1672/2225/1637 1670/2223/1635
f 1772/2369/1738 1771/2510/1737 1773/2370/1739
f 1774/2371/1740 1674/2228/1639 1672/2372/1637
f 1774/2371/1740 1773/2370/1739 1775/2373/1741
f 1776/2374/1742 1676/2231/1641 1674/2228/1639
f 1776/2374/1742 1775/2373/1741 1777/2375/1743
f 1778/2376/1744 1678/2234/1643 1676/2231/1641
f 1778/2376/1744 1777/2375/1743 1779/2377/1745
f 1780/2378/1746 1680/2236/1645 1678/2234/1643
f 1780/2378/1746 1779/2377/1745 1781/2379/1747
f 1782/2380/1748 1682/2238/1647 1680/2236/1645
f 1781/2379/1747 1783/2382/1750 1784/2381/1749
f 1782/2380/1748 1784/2381/1749 1684/2242/1650
f 1783/2382/1750 1785/2522/1752 1786/2383/1751
f 1784/2381/1749 1786/2383/1751 1686/2384/1652
f 1785/2385/1752 1787/2388/1754 1788/2386/1753
f 1786/2387/1751 1788/2386/1753 1688/2248/1654
f 1787/2388/1754 1789/2528/1756 1790/2389/1755
f 1788/2386/1753 1790/2389/1755 1690/2251/1657
f 1789/2390/1756 1791/2394/1759 1792/2391/1757
f 1790/2389/1755 1792/3861/1757 1692/2393/1758
f 1791/2394/1759 1793/2534/1856 1794/2395/1760
f 1792/2391/1757 1794/2395/1760 1795/2396/1761
f 1794/2395/1760 1796/2540/1862 1797/2398/1762
f 1795/2396/1761 1797/2398/1762 1798/2399/1763
f 1695/2400/1764 1693/2254/1658 1692/2397/1758
f 1797/2398/1762 1799/2543/1865 1800/2401/1765
f 1798/2399/1763 1800/2401/1765 1801/2402/1766
f 1698/2403/1767 1696/2255/1660 1695/2400/1764
f 1800/2401/1765 1802/2546/1868 1803/2404/1768
f 1801/2402/1766 1803/2404/1768 1804/2405/1769
f 1701/2406/1770 1699/2259/1663 1698/2403/1767
f 1803/2404/1768 1805/2551/1871 1806/2407/1771
f 1804/2408/1769 1806/2412/1771 1807/2409/1772
f 1704/2410/1773 1702/3862/1666 1701/2411/1770
f 1806/2412/1771 1808/2555/1874 1809/2413/1774
f 1807/2414/1772 1809/2418/1774 1810/2415/1775
f 1707/2416/1776 1705/2270/1669 1704/2417/1773
f 1809/2418/1774 1811/2563/1877 1812/2419/1777
f 1810/2420/1775 1812/2424/1777 1813/2421/1778
f 1710/2422/1779 1708/2276/1672 1707/2423/1776
f 1812/2424/1777 1814/3594/1879 1815/2425/1780
f 1813/2421/1778 1815/2425/1780 1816/2426/1781
f 1713/2427/1782 1711/2282/1675 1710/2422/1779
f 1815/2425/1780 1817/3593/1788 1818/2428/1783
f 1816/2429/1781 1818/2440/1783 1819/2430/1784
f 1820/2432/1785 1714/2286/1678 1713/2427/1782
f 1820/2431/1785 1819/2430/1784 1727/2311/1693
f 1821/2434/1786 1715/2289/1679 1714/2435/1678
f 1821/2433/1786 1727/2311/1693 1725/2309/1691
f 1720/2437/1690 1717/2293/1681 1715/2438/1679
f 1818/2440/1783 1822/2441/1787 1730/2314/1696
f 1819/2430/1784 1730/2314/1696 1728/2312/1694
f 1822/2441/1787 1818/2440/1783 1817/2442/1788
f 1823/2443/1789 1735/2319/1701 1733/2317/1699
f 1822/2441/1787 1733/2317/1699 1731/2315/1697
f 1823/2444/1789 1817/3593/1788 1824/2445/1790
f 1825/2446/1791 1826/3863/1792 1735/2447/1701
f 1826/2448/1792 1825/2567/1791 1827/2449/1793
f 1828/2450/1794 1829/2460/1795 1738/2451/1704
f 1826/2448/1792 1738/2451/1704 1736/2452/1702
f 1829/2454/1795 1828/2571/1794 1830/2455/1796
f 1831/2457/1797 1832/2466/1798 1741/2458/1707
f 1829/2460/1795 1741/2327/1707 1739/2461/1705
f 1832/2462/1798 1831/2456/1797 1833/2463/1799
f 1834/2465/1800 1835/2468/1801 1744/2332/1710
f 1832/2466/1798 1744/2332/1710 1742/2467/1708
f 1835/2468/1801 1834/2465/1800 1836/2469/1802
f 1837/2470/1803 1838/2471/1804 1747/2338/1713
f 1835/2468/1801 1747/2338/1713 1745/2333/1711
f 1838/2471/1804 1837/2470/1803 1839/2472/1805
f 1838/2471/1804 1840/2473/1806 1841/2474/1807
f 1838/2471/1804 1750/2475/1808 1748/2339/1714
f 1841/2474/1807 1840/2473/1806 1842/2476/1809
f 1843/2477/1810 1844/2479/1812 1753/2478/1811
f 1753/2478/1811 1751/2342/1717 1750/2475/1808
f 1844/2479/1812 1843/2477/1810 1845/2480/1813
f 1846/2482/1814 1847/2487/1817 1756/2483/1815
f 1756/2483/1815 1754/2348/1720 1753/2485/1811
f 1846/2482/1814 1848/2600/1902 1849/2486/1816
f 1847/2487/1817 1849/2486/1816 1850/2488/1818
f 1759/2489/1819 1757/2351/1723 1756/2483/1815
f 1849/2486/1816 1851/2599/1906 1852/2490/1820
f 1850/2488/1818 1852/2490/1820 1853/2491/1821
f 1854/2492/1822 1760/2354/1726 1759/2489/1819
f 1854/2492/1822 1853/2491/1821 1855/2493/1823
f 1856/2494/1824 1761/2355/1727 1760/2354/1726
f 1856/2494/1824 1855/2493/1823 1857/2495/1825
f 1858/2496/1826 1763/2357/1729 1761/2355/1727
f 1858/2496/1826 1857/2495/1825 1859/2497/1827
f 1860/2498/1828 1765/2359/1731 1763/2357/1729
f 1860/2499/1828 1859/2616/1827 1861/2500/1829
f 1862/2501/1830 1767/2362/1733 1765/2502/1731
f 1862/2501/1830 1861/2500/1829 1863/2503/1831
f 1864/2504/1832 1769/2365/1735 1767/2362/1733
f 1864/2504/1832 1863/2503/1831 1865/2505/1833
f 1866/2506/1834 1771/2367/1737 1769/2365/1735
f 1866/2507/1834 1865/2625/1833 1867/2508/1835
f 1868/2509/1836 1773/2370/1739 1771/2510/1737
f 1868/2509/1836 1867/2508/1835 1869/2511/1837
f 1870/2512/1838 1775/2373/1741 1773/2370/1739
f 1870/2512/1838 1869/2511/1837 1871/2513/1839
f 1872/2514/1840 1777/2375/1743 1775/2373/1741
f 1872/2514/1840 1871/2513/1839 1873/2515/1841
f 1874/2516/1842 1779/2377/1745 1777/2375/1743
f 1874/2516/1842 1873/2515/1841 1875/2517/1843
f 1876/2518/1844 1781/2379/1747 1779/2377/1745
f 1875/2517/1843 1877/2520/1846 1878/2519/1845
f 1876/2518/1844 1878/2519/1845 1783/2382/1750
f 1877/2520/1846 1879/2637/1848 1880/2521/1847
f 1878/2519/1845 1880/2521/1847 1785/2522/1752
f 1879/2523/1848 1881/2526/1850 1882/2524/1849
f 1880/2525/1847 1882/2524/1849 1787/2388/1754
f 1881/2526/1850 1883/2643/1852 1884/2527/1851
f 1882/2524/1849 1884/2527/1851 1789/2528/1756
f 1883/2529/1852 1885/2532/1854 1886/2530/1853
f 1884/2531/1851 1886/2530/1853 1791/2394/1759
f 1885/2532/1854 1887/2535/1857 1888/2533/1855
f 1886/2530/1853 1888/2533/1855 1793/2534/1856
f 1887/2535/1857 1889/2651/1948 1890/2536/1858
f 1888/2533/1855 1890/2536/1858 1891/2537/1859
f 1890/2536/1858 1892/2657/1954 1893/2538/1860
f 1891/2537/1859 1893/2538/1860 1894/2539/1861
f 1796/2540/1862 1794/2395/1760 1793/2534/1856
f 1893/2538/1860 1895/2660/1957 1896/2541/1863
f 1894/2539/1861 1896/2541/1863 1897/2542/1864
f 1799/2543/1865 1797/2398/1762 1796/2540/1862
f 1896/2541/1863 1898/2663/1960 1899/2544/1866
f 1897/2542/1864 1899/2544/1866 1900/2545/1867
f 1802/2546/1868 1800/2401/1765 1799/2543/1865
f 1899/2544/1866 1901/2669/1963 1902/2547/1869
f 1900/2548/1867 1902/2552/1869 1903/2549/1870
f 1805/2551/1871 1803/2404/1768 1802/2546/1868
f 1902/2552/1869 1904/2672/1966 1905/2553/1872
f 1903/2549/1870 1905/2553/1872 1906/2554/1873
f 1808/2555/1874 1806/2412/1771 1805/2550/1871
f 1905/2553/1872 1907/2677/1968 1908/2556/1875
f 1906/2554/1873 1908/2556/1875 1909/2557/1876
f 1811/2558/1877 1809/2413/1774 1808/2555/1874
f 1908/2556/1875 1910/2564/1880 1911/2559/1878
f 1909/2560/1876 1911/2566/1878 1824/2561/1790
f 1814/2562/1879 1812/2419/1777 1811/2563/1877
f 1910/2564/1880 1912/3864/1881 1827/2565/1793
f 1911/2566/1878 1827/2449/1793 1825/2567/1791
f 1912/2568/1881 1910/3865/1880 1913/2569/1882
f 1914/2570/1883 1915/2573/1884 1830/2455/1796
f 1912/2568/1881 1830/2455/1796 1828/2571/1794
f 1915/2573/1884 1914/2570/1883 1916/2574/1885
f 1917/2575/1886 1918/2576/1887 1833/2463/1799
f 1915/2573/1884 1833/2463/1799 1831/2456/1797
f 1918/2576/1887 1917/2575/1886 1919/2577/1888
f 1920/2578/1889 1921/2580/1890 1836/2579/1802
f 1918/2576/1887 1836/2579/1802 1834/2464/1800
f 1921/2580/1890 1920/2578/1889 1922/2581/1891
f 1923/2582/1892 1924/2585/1893 1839/2583/1805
f 1921/2580/1890 1839/2583/1805 1837/2584/1803
f 1924/2585/1893 1923/2582/1892 1925/2586/1894
f 1924/2588/1893 1926/3866/1895 1927/2589/1896
f 1924/2588/1893 1842/2476/1809 1840/2473/1806
f 1927/2589/1896 1926/3866/1895 1928/2590/1897
f 1929/2591/1898 1930/2592/1899 1845/2480/1813
f 1845/2480/1813 1843/2477/1810 1842/2476/1809
f 1930/2592/1899 1929/2591/1898 1931/2593/1900
f 1932/2594/1901 1933/3867/1903 1848/2595/1902
f 1848/2595/1902 1846/2481/1814 1845/2480/1813
f 1933/2596/1903 1932/3868/1901 1934/2597/1904
f 1935/2598/1905 1936/2601/1907 1851/2599/1906
f 1851/2599/1906 1849/2486/1816 1848/2600/1902
f 1936/2601/1907 1935/2598/1905 1937/2602/1908
f 1938/2603/1909 1939/2714/1997 1940/2604/1910
f 1940/2604/1910 1852/2490/1820 1851/2599/1906
f 1940/2604/1910 1939/2714/1997 1941/2605/1911
f 1942/2606/1912 1853/2491/1821 1852/2490/1820
f 1942/2606/1912 1941/2605/1911 1943/2607/1913
f 1944/2608/1914 1855/2493/1823 1853/2491/1821
f 1944/2608/1914 1943/2607/1913 1945/2609/1915
f 1946/2610/1916 1857/2495/1825 1855/2493/1823
f 1946/2610/1916 1945/2609/1915 1947/2611/1917
f 1948/2612/1918 1859/2497/1827 1857/2495/1825
f 1948/2613/1918 1947/2726/1917 1949/2614/1919
f 1950/2615/1920 1861/2500/1829 1859/2616/1827
f 1950/2615/1920 1949/2614/1919 1951/2617/1921
f 1952/2618/1922 1863/2503/1831 1861/2500/1829
f 1952/2619/1922 1951/3869/1921 1953/2620/1923
f 1954/2621/1924 1865/2625/1833 1863/2622/1831
f 1954/2621/1924 1953/2620/1923 1955/2623/1925
f 1956/2624/1926 1867/2508/1835 1865/2625/1833
f 1956/2624/1926 1955/2623/1925 1957/2626/1927
f 1958/2627/1928 1869/2511/1837 1867/2508/1835
f 1958/2627/1928 1957/2626/1927 1959/2628/1929
f 1960/2629/1930 1871/2513/1839 1869/2511/1837
f 1960/2629/1930 1959/2628/1929 1961/2630/1931
f 1962/2631/1932 1873/2515/1841 1871/2513/1839
f 1962/2631/1932 1961/2630/1931 1963/2632/1933
f 1964/2633/1934 1875/2517/1843 1873/2515/1841
f 1963/2632/1933 1965/2635/1936 1966/2634/1935
f 1964/2633/1934 1966/2634/1935 1877/2520/1846
f 1965/2635/1936 1967/2745/1938 1968/2636/1937
f 1966/2634/1935 1968/2636/1937 1879/2637/1848
f 1967/2638/1938 1969/2641/1940 1970/2639/1939
f 1968/2640/1937 1970/2639/1939 1881/2526/1850
f 1969/2641/1940 1971/2751/1942 1972/2642/1941
f 1970/2639/1939 1972/2642/1941 1883/2643/1852
f 1971/2644/1942 1973/2647/1944 1974/2645/1943
f 1972/2646/1941 1974/2645/1943 1885/2532/1854
f 1973/2647/1944 1975/2649/1946 1976/2648/1945
f 1974/2645/1943 1976/2648/1945 1887/2535/1857
f 1975/2649/1946 1977/2652/1949 1978/2650/1947
f 1976/2648/1945 1978/2650/1947 1889/2651/1948
f 1977/2652/1949 1979/2761/2037 1980/2653/1950
f 1978/2650/1947 1980/2653/1950 1981/2654/1951
f 1980/2653/1950 1982/2767/2043 1983/2655/1952
f 1981/2654/1951 1983/2655/1952 1984/2656/1953
f 1892/2657/1954 1890/2536/1858 1889/2651/1948
f 1983/2655/1952 1985/2770/2046 1986/2658/1955
f 1984/2656/1953 1986/2658/1955 1987/2659/1956
f 1895/2660/1957 1893/2538/1860 1892/2657/1954
f 1986/2658/1955 1988/2777/2049 1989/2661/1958
f 1987/2659/1956 1989/2661/1958 1990/2662/1959
f 1898/2663/1960 1896/2541/1863 1895/2660/1957
f 1989/2664/1958 1991/2781/2052 1992/2665/1961
f 1990/2666/1959 1992/2665/1961 1993/2667/1962
f 1901/2669/1963 1899/2544/1866 1898/2663/1960
f 1992/2665/1961 1994/2786/2054 1995/2670/1964
f 1993/2667/1962 1995/2670/1964 1996/2671/1965
f 1904/2672/1966 1902/2552/1869 1901/2668/1963
f 1995/2673/1964 1997/2678/1969 1998/2674/1967
f 1996/2675/1965 1998/2674/1967 1913/2569/1882
f 1907/2677/1968 1905/2553/1872 1904/2672/1966
f 1997/2678/1969 1999/2679/1970 1916/2574/1885
f 1998/2674/1967 1916/2574/1885 1914/2570/1883
f 1999/2679/1970 1997/2678/1969 2000/2680/1971
f 2001/2681/1972 2002/2682/1973 1919/2577/1888
f 1999/2679/1970 1919/2577/1888 1917/2575/1886
f 2002/2682/1973 2001/2681/1972 2003/2683/1974
f 2004/2684/1975 2005/2685/1976 1922/2581/1891
f 2002/2682/1973 1922/2581/1891 1920/2578/1889
f 2005/2685/1976 2004/2684/1975 2006/2686/1977
f 2007/2687/1978 2008/2688/1979 1925/2586/1894
f 2005/2685/1976 1925/2586/1894 1923/2582/1892
f 2008/2688/1979 2007/2687/1978 2009/2689/1980
f 2010/2690/1981 2011/2692/1982 1928/2691/1897
f 2008/2688/1979 1928/2691/1897 1926/2587/1895
f 2011/2692/1982 2010/2690/1981 2012/2693/1983
f 2013/2695/1984 2014/2697/1985 1931/2593/1900
f 2011/2696/1982 1931/2593/1900 1929/2591/1898
f 2014/2697/1985 2013/2695/1984 2015/2698/1986
f 2016/2699/1987 2017/2701/1988 1934/2700/1904
f 2014/2697/1985 1934/2700/1904 1932/2594/1901
f 2017/2701/1988 2016/2699/1987 2018/2702/1989
f 2019/2703/1990 2020/2706/1991 1937/2704/1908
f 2017/2705/1988 1937/2602/1908 1935/2598/1905
f 2020/2706/1991 2019/2703/1990 2021/2707/1992
f 2022/2709/1993 2023/2712/1995 2024/2710/1994
f 2020/2711/1991 2024/2710/1994 1938/2603/1909
f 2023/2712/1995 2025/2715/1998 2026/2713/1996
f 2024/2710/1994 2026/2713/1996 1939/2714/1997
f 2025/2715/1998 2027/2717/2000 2028/2716/1999
f 2026/2713/1996 2028/2716/1999 1941/2605/1911
f 2027/2717/2000 2029/2823/2086 2030/2718/2001
f 2030/2718/2001 1943/2607/1913 1941/2605/1911
f 2030/2718/2001 2029/2823/2086 2031/2719/2002
f 2032/2720/2003 1945/2609/1915 1943/2607/1913
f 2032/2720/2003 2031/2719/2002 2033/2721/2004
f 2034/2722/2005 1947/2611/1917 1945/2609/1915
f 2034/2723/2005 2033/2831/2004 2035/2724/2006
f 2036/2725/2007 1949/2614/1919 1947/2726/1917
f 2036/2725/2007 2035/2724/2006 2037/2727/2008
f 2038/2728/2009 1951/2617/1921 1949/2614/1919
f 2038/2728/2009 2037/2727/2008 2039/2729/2010
f 2040/2730/2011 1953/3870/1923 1951/2617/1921
f 2040/2731/2011 2039/2839/2010 2041/2732/2012
f 2042/2733/2013 1955/2623/1925 1953/2620/1923
f 2042/2733/2013 2041/2732/2012 2043/2734/2014
f 2044/2735/2015 1957/2626/1927 1955/2623/1925
f 2044/2735/2015 2043/2734/2014 2045/2736/2016
f 2046/2737/2017 1959/2628/1929 1957/2626/1927
f 2046/2737/2017 2045/2736/2016 2047/2738/2018
f 2048/2739/2019 1961/2630/1931 1959/2628/1929
f 2048/2739/2019 2047/2738/2018 2049/2740/2020
f 2050/2741/2021 1963/2632/1933 1961/2630/1931
f 2049/2740/2020 2051/2743/2023 2052/2742/2022
f 2050/2741/2021 2052/2742/2022 1965/2635/1936
f 2051/2743/2023 2053/2851/2025 2054/2744/2024
f 2052/2742/2022 2054/2744/2024 1967/2745/1938
f 2053/2746/2025 2055/2749/2027 2056/2747/2026
f 2054/2748/2024 2056/2747/2026 1969/2641/1940
f 2055/2749/2027 2057/2857/2029 2058/2750/2028
f 2056/2747/2026 2058/2750/2028 1971/2751/1942
f 2057/2752/2029 2059/2755/2031 2060/2753/2030
f 2058/2754/2028 2060/2753/2030 1973/2647/1944
f 2059/2755/2031 2061/2757/2033 2062/2756/2032
f 2060/2753/2030 2062/2756/2032 1975/2649/1946
f 2061/2757/2033 2063/2759/2035 2064/2758/2034
f 2062/2756/2032 2064/2758/2034 1977/2652/1949
f 2063/2759/2035 2065/2762/2038 2066/2760/2036
f 2064/2758/2034 2066/2760/2036 1979/2761/2037
f 2065/2762/2038 2067/2869/2124 2068/2763/2039
f 2066/2760/2036 2068/2763/2039 2069/2764/2040
f 2068/2763/2039 2070/2875/2130 2071/2765/2041
f 2069/2764/2040 2071/2765/2041 2072/2766/2042
f 1982/2767/2043 1980/2653/1950 1979/2761/2037
f 2071/2765/2041 2073/2881/2133 2074/2768/2044
f 2072/2766/2042 2074/2768/2044 2075/2769/2045
f 1985/2770/2046 1983/2655/1952 1982/2767/2043
f 2074/2771/2044 2076/2886/2136 2077/2772/2047
f 2075/2774/2045 2077/2778/2047 2078/2775/2048
f 1988/2777/2049 1986/2658/1955 1985/2770/2046
f 2077/2778/2047 2079/3871/2138 2080/2779/2050
f 2078/2775/2048 2080/2779/2050 2081/2780/2051
f 1991/2781/2052 1989/2664/1958 1988/2776/2049
f 2080/2782/2050 2082/2787/2055 2083/2783/2053
f 2081/2784/2051 2083/2783/2053 2000/2680/1971
f 1994/2786/2054 1992/2665/1961 1991/2781/2052
f 2082/2787/2055 2084/2788/2056 2003/2683/1974
f 2083/2783/2053 2003/2683/1974 2001/2681/1972
f 2084/2788/2056 2082/2787/2055 2085/2789/2057
f 2086/2790/2058 2087/2791/2059 2006/2686/1977
f 2084/2788/2056 2006/2686/1977 2004/2684/1975
f 2087/2791/2059 2086/2790/2058 2088/2792/2060
f 2089/2793/2061 2090/2794/2062 2009/2689/1980
f 2087/2791/2059 2009/2689/1980 2007/2687/1978
f 2090/2794/2062 2089/2793/2061 2091/2795/2063
f 2092/2796/2064 2093/2797/2065 2012/2693/1983
f 2090/2794/2062 2012/2693/1983 2010/2690/1981
f 2093/2797/2065 2092/2796/2064 2094/2798/2066
f 2095/2799/2067 2096/2801/2068 2015/2800/1986
f 2093/2797/2065 2015/2800/1986 2013/2694/1984
f 2096/2801/2068 2095/2799/2067 2097/2802/2069
f 2098/2804/2070 2099/2806/2071 2018/2702/1989
f 2096/2805/2068 2018/2702/1989 2016/2699/1987
f 2099/2806/2071 2098/2804/2070 2100/2807/2072
f 2101/2808/2073 2102/2809/2074 2021/2707/1992
f 2099/2806/2071 2021/2707/1992 2019/2703/1990
f 2102/2809/2074 2101/2808/2073 2103/2810/2075
f 2104/2812/2076 2105/2815/2078 2106/2813/2077
f 2102/2809/2074 2106/3872/2077 2022/2708/1993
f 2105/2815/2078 2107/2817/2080 2108/2816/2079
f 2106/2813/2077 2108/2816/2079 2023/2712/1995
f 2107/2817/2080 2109/2819/2082 2110/2818/2081
f 2108/2816/2079 2110/2818/2081 2025/2715/1998
f 2109/2819/2082 2111/2821/2084 2112/2820/2083
f 2110/2818/2081 2112/2820/2083 2027/2717/2000
f 2111/2821/2084 2113/2824/2087 2114/2822/2085
f 2112/2820/2083 2114/2822/2085 2029/2823/2086
f 2113/2824/2087 2115/2929/2171 2116/2825/2088
f 2114/2822/2085 2116/2825/2088 2031/2719/2002
f 2116/2825/2088 2115/2929/2171 2117/2826/2089
f 2118/2827/2090 2033/2721/2004 2031/2719/2002
f 2118/2828/2090 2117/2936/2089 2119/2829/2091
f 2120/2830/2092 2035/2724/2006 2033/2831/2004
f 2120/2830/2092 2119/2829/2091 2121/2832/2093
f 2122/2833/2094 2037/2727/2008 2035/2724/2006
f 2122/2833/2094 2121/2832/2093 2123/2834/2095
f 2124/2835/2096 2039/2729/2010 2037/2727/2008
f 2124/2836/2096 2123/2944/2095 2125/2837/2097
f 2126/2838/2098 2041/2732/2012 2039/2839/2010
f 2126/2838/2098 2125/2837/2097 2127/2840/2099
f 2128/2841/2100 2043/2734/2014 2041/2732/2012
f 2128/2841/2100 2127/2840/2099 2129/2842/2101
f 2130/2843/2102 2045/2736/2016 2043/2734/2014
f 2130/2843/2102 2129/2842/2101 2131/2844/2103
f 2132/2845/2104 2047/2738/2018 2045/2736/2016
f 2132/2845/2104 2131/2844/2103 2133/2846/2105
f 2134/2847/2106 2049/2740/2020 2047/2738/2018
f 2134/2847/2106 2133/2846/2105 2135/2848/2107
f 2136/2849/2108 2051/2743/2023 2049/2740/2020
f 2135/2848/2107 2137/3873/2110 2138/2850/2109
f 2136/2849/2108 2138/2850/2109 2053/2851/2025
f 2137/2852/2110 2139/2855/2112 2140/2853/2111
f 2138/2854/2109 2140/2853/2111 2055/2749/2027
f 2139/2855/2112 2141/2962/2114 2142/2856/2113
f 2140/2853/2111 2142/2856/2113 2057/2857/2029
f 2141/2858/2114 2143/2861/2116 2144/2859/2115
f 2142/2860/2113 2144/2859/2115 2059/2755/2031
f 2143/2861/2116 2145/2863/2118 2146/2862/2117
f 2144/2859/2115 2146/2862/2117 2061/2757/2033
f 2145/2863/2118 2147/2865/2120 2148/2864/2119
f 2146/2862/2117 2148/2864/2119 2063/2759/2035
f 2147/2865/2120 2149/2867/2122 2150/2866/2121
f 2148/2864/2119 2150/2866/2121 2065/2762/2038
f 2149/2867/2122 2151/2870/2125 2152/2868/2123
f 2150/2866/2121 2152/2868/2123 2067/2869/2124
f 2151/2870/2125 2153/2977/2209 2154/2871/2126
f 2152/2868/2123 2154/2871/2126 2155/2872/2127
f 2154/2871/2126 2156/2986/2215 2157/2873/2128
f 2155/2872/2127 2157/2873/2128 2158/2874/2129
f 2070/2875/2130 2068/2763/2039 2067/2869/2124
f 2157/2876/2128 2159/2992/2218 2160/2877/2131
f 2158/2878/2129 2160/2877/2131 2161/2879/2132
f 2073/2881/2133 2071/2765/2041 2070/2875/2130
f 2160/2877/2131 2162/2996/2220 2163/2882/2134
f 2161/2883/2132 2163/2889/2134 2164/2884/2135
f 2076/2886/2136 2074/2771/2044 2073/2887/2133
f 2163/2889/2134 2165/2894/2139 2166/2890/2137
f 2164/2884/2135 2166/2890/2137 2085/2789/2057
f 2079/2892/2138 2077/2772/2047 2076/2886/2136
f 2165/2894/2139 2167/2895/2140 2088/2792/2060
f 2166/2890/2137 2088/2792/2060 2086/2790/2058
f 2167/2895/2140 2165/2894/2139 2168/2896/2141
f 2169/2897/2142 2170/2898/2143 2091/2795/2063
f 2167/2895/2140 2091/2795/2063 2089/2793/2061
f 2170/2898/2143 2169/2897/2142 2171/2899/2144
f 2172/2900/2145 2173/2901/2146 2094/2798/2066
f 2170/2898/2143 2094/2798/2066 2092/2796/2064
f 2173/2901/2146 2172/2900/2145 2174/2902/2147
f 2175/2903/2148 2176/2904/2149 2097/2802/2069
f 2173/2901/2146 2097/2802/2069 2095/2799/2067
f 2176/2904/2149 2175/2903/2148 2177/2905/2150
f 2178/2906/2151 2179/3874/2152 2100/2907/2072
f 2176/2904/2149 2100/2907/2072 2098/2803/2070
f 2179/2908/2152 2178/3875/2151 2180/2909/2153
f 2181/2910/2154 2182/2911/2155 2103/2810/2075
f 2179/2908/2152 2103/2810/2075 2101/2808/2073
f 2182/2911/2155 2181/2910/2154 2183/2912/2156
f 2184/2913/2157 2185/2915/2159 2186/2914/2158
f 2182/2911/2155 2186/2914/2158 2104/2811/2076
f 2185/2915/2159 2187/3021/2161 2188/2916/2160
f 2186/2917/2158 2188/2920/2160 2105/2815/2078
f 2187/2918/2161 2189/2921/2163 2190/2919/2162
f 2188/2920/2160 2190/2919/2162 2107/2817/2080
f 2189/2921/2163 2191/2923/2165 2192/2922/2164
f 2190/2919/2162 2192/2922/2164 2109/2819/2082
f 2191/2923/2165 2193/2925/2167 2194/2924/2166
f 2192/2922/2164 2194/2924/2166 2111/2821/2084
f 2193/2925/2167 2195/2927/2169 2196/2926/2168
f 2194/2924/2166 2196/2926/2168 2113/2824/2087
f 2195/2927/2169 2197/3034/2172 2198/2928/2170
f 2196/2926/2168 2198/2928/2170 2115/2929/2171
f 2197/2930/2172 2199/3041/2254 2200/2931/2173
f 2200/2933/2173 2117/2826/2089 2115/2929/2171
f 2200/2931/2173 2199/3041/2254 2201/2934/2174
f 2202/2935/2175 2119/2829/2091 2117/2936/2089
f 2202/2935/2175 2201/2934/2174 2203/2937/2176
f 2204/2938/2177 2121/2832/2093 2119/2829/2091
f 2204/2938/2177 2203/2937/2176 2205/2939/2178
f 2206/2940/2179 2123/2834/2095 2121/2832/2093
f 2206/2941/2179 2205/3876/2178 2207/2942/2180
f 2208/2943/2181 2125/2837/2097 2123/2944/2095
f 2208/2943/2181 2207/2942/2180 2209/2945/2182
f 2210/2946/2183 2127/2840/2099 2125/2837/2097
f 2210/2946/2183 2209/2945/2182 2211/2947/2184
f 2212/2948/2185 2129/2842/2101 2127/2840/2099
f 2212/2948/2185 2211/2947/2184 2213/2949/2186
f 2214/2950/2187 2131/2844/2103 2129/2842/2101
f 2214/2950/2187 2213/2949/2186 2215/2951/2188
f 2216/2952/2189 2133/2846/2105 2131/2844/2103
f 2216/2952/2189 2215/2951/2188 2217/2953/2190
f 2218/2954/2191 2135/2848/2107 2133/2846/2105
f 2218/2954/2191 2217/2953/2190 2219/2955/2192
f 2220/2956/2193 2137/3873/2110 2135/2848/2107
f 2219/2957/2192 2221/2960/2195 2222/2958/2194
f 2220/2959/2193 2222/2958/2194 2139/2855/2112
f 2221/2960/2195 2223/2963/2197 2224/2961/2196
f 2222/2958/2194 2224/2961/2196 2141/2962/2114
f 2223/2963/2197 2225/3069/2199 2226/2964/2198
f 2224/2965/2196 2226/2968/2198 2143/2861/2116
f 2225/2966/2199 2227/2969/2201 2228/2967/2200
f 2226/2968/2198 2228/2967/2200 2145/2863/2118
f 2227/2969/2201 2229/2971/2203 2230/2970/2202
f 2228/2967/2200 2230/2970/2202 2147/2865/2120
f 2229/2971/2203 2231/2973/2205 2232/2972/2204
f 2230/2970/2202 2232/2972/2204 2149/2867/2122
f 2231/2973/2205 2233/2975/2207 2234/2974/2206
f 2232/2972/2204 2234/2974/2206 2151/2870/2125
f 2233/2975/2207 2235/3083/2210 2236/2976/2208
f 2234/2974/2206 2236/2976/2208 2153/2977/2209
f 2235/2978/2210 2237/3086/2292 2238/2979/2211
f 2236/2980/2208 2238/2979/2211 2239/2981/2212
f 2238/2979/2211 2240/3092/2298 2241/2983/2213
f 2239/2981/2212 2241/2983/2213 2242/2984/2214
f 2156/2986/2215 2154/2871/2126 2153/2977/2209
f 2241/2988/2213 2243/3096/2300 2244/2989/2216
f 2242/2984/2214 2244/3877/2216 2245/2991/2217
f 2159/2992/2218 2157/2876/2128 2156/2985/2215
f 2244/2989/2216 2246/2997/2221 2247/2993/2219
f 2245/2994/2217 2247/2993/2219 2168/2896/2141
f 2162/2996/2220 2160/2877/2131 2159/2992/2218
f 2246/2997/2221 2248/2998/2222 2171/2899/2144
f 2247/2993/2219 2171/2899/2144 2169/2897/2142
f 2248/2998/2222 2246/2997/2221 2249/2999/2223
f 2250/3000/2224 2251/3001/2225 2174/2902/2147
f 2248/2998/2222 2174/2902/2147 2172/2900/2145
f 2251/3001/2225 2250/3000/2224 2252/3002/2226
f 2253/3003/2227 2254/3004/2228 2177/2905/2150
f 2251/3001/2225 2177/2905/2150 2175/2903/2148
f 2254/3004/2228 2253/3003/2227 2255/3005/2229
f 2256/3006/2230 2257/3008/2231 2180/3007/2153
f 2254/3004/2228 2180/3007/2153 2178/2906/2151
f 2257/3008/2231 2256/3006/2230 2258/3009/2232
f 2259/3011/2233 2260/3013/2234 2183/2912/2156
f 2257/3012/2231 2183/2912/2156 2181/2910/2154
f 2260/3013/2234 2259/3011/2233 2261/3014/2235
f 2262/3015/2236 2263/3017/2238 2264/3016/2237
f 2260/3013/2234 2264/3016/2237 2184/2913/2157
f 2263/3017/2238 2265/3019/2240 2266/3018/2239
f 2264/3016/2237 2266/3018/2239 2185/2915/2159
f 2265/3019/2240 2267/3123/2242 2268/3020/2241
f 2266/3018/2239 2268/3020/2241 2187/3021/2161
f 2267/3022/2242 2269/3025/2244 2270/3023/2243
f 2268/3024/2241 2270/3023/2243 2189/2921/2163
f 2269/3025/2244 2271/3027/2246 2272/3026/2245
f 2270/3023/2243 2272/3026/2245 2191/2923/2165
f 2271/3027/2246 2273/3029/2248 2274/3028/2247
f 2272/3026/2245 2274/3028/2247 2193/2925/2167
f 2273/3029/2248 2275/3133/2250 2276/3030/2249
f 2274/3028/2247 2276/3030/2249 2195/2927/2169
f 2275/3031/2250 2277/3035/2252 2278/3032/2251
f 2276/3030/2249 2278/3037/2251 2197/3034/2172
f 2277/3035/2252 2279/3139/2333 2280/3036/2253
f 2278/3037/2251 2280/3878/2253 2199/3038/2254
f 2280/3036/2253 2279/3139/2333 2281/3039/2255
f 2282/3040/2256 2201/2934/2174 2199/3041/2254
f 2282/3040/2256 2281/3039/2255 2283/3042/2257
f 2284/3043/2258 2203/2937/2176 2201/2934/2174
f 2284/3043/2258 2283/3042/2257 2285/3044/2259
f 2286/3045/2260 2205/2939/2178 2203/2937/2176
f 2286/3045/2260 2285/3044/2259 2287/3046/2261
f 2288/3047/2262 2207/3879/2180 2205/2939/2178
f 2288/3047/2262 2287/3046/2261 2289/3048/2263
f 2290/3050/2264 2209/2945/2182 2207/2942/2180
f 2290/3050/2264 2289/3153/2263 2291/3052/2265
f 2292/3053/2266 2211/2947/2184 2209/2945/2182
f 2292/3053/2266 2291/3052/2265 2293/3054/2267
f 2294/3055/2268 2213/2949/2186 2211/2947/2184
f 2294/3055/2268 2293/3054/2267 2295/3056/2269
f 2296/3057/2270 2215/2951/2188 2213/2949/2186
f 2296/3057/2270 2295/3056/2269 2297/3058/2271
f 2298/3059/2272 2217/2953/2190 2215/2951/2188
f 2298/3060/2272 2297/3163/2271 2299/3061/2273
f 2300/3063/2274 2219/2955/2192 2217/2953/2190
f 2299/3061/2273 2301/3065/2276 2302/3064/2275
f 2300/3062/2274 2302/3064/2275 2221/2960/2195
f 2301/3065/2276 2303/3067/2278 2304/3066/2277
f 2302/3064/2275 2304/3066/2277 2223/2963/2197
f 2303/3067/2278 2305/3070/2280 2306/3068/2279
f 2304/3066/2277 2306/3068/2279 2225/3069/2199
f 2305/3070/2280 2307/3880/2282 2308/3071/2281
f 2306/3072/2279 2308/3075/2281 2227/2969/2201
f 2307/3073/2282 2309/3076/2284 2310/3074/2283
f 2308/3075/2281 2310/3074/2283 2229/2971/2203
f 2309/3076/2284 2311/3078/2286 2312/3077/2285
f 2310/3074/2283 2312/3077/2285 2231/2973/2205
f 2311/3078/2286 2313/3180/2288 2314/3079/2287
f 2312/3077/2285 2314/3079/2287 2233/2975/2207
f 2313/3080/2288 2315/3084/2290 2316/3081/2289
f 2314/3079/2287 2316/3881/2289 2235/3083/2210
f 2315/3084/2290 2317/3087/2293 2318/3085/2291
f 2316/3081/2289 2318/3085/2291 2237/3086/2292
f 2317/3087/2293 2319/3189/2372 2320/3088/2294
f 2318/3085/2291 2320/3088/2294 2321/3089/2295
f 2320/3088/2294 2322/3195/2377 2323/3090/2296
f 2321/3089/2295 2323/3090/2296 2324/3091/2297
f 2240/3092/2298 2238/2979/2211 2237/3086/2292
f 2323/3093/2296 2325/3098/2301 2326/3094/2299
f 2324/3095/2297 2326/3094/2299 2249/2999/2223
f 2243/3097/2300 2241/2983/2213 2240/3092/2298
f 2325/3098/2301 2327/3099/2302 2252/3002/2226
f 2326/3094/2299 2252/3002/2226 2250/3000/2224
f 2327/3099/2302 2325/3098/2301 2328/3100/2303
f 2329/3101/2304 2330/3102/2305 2255/3005/2229
f 2327/3099/2302 2255/3005/2229 2253/3003/2227
f 2330/3102/2305 2329/3101/2304 2331/3103/2306
f 2332/3105/2307 2333/3112/2308 2258/3106/2232
f 2330/3102/2305 2258/3009/2232 2256/3006/2230
f 2333/3108/2308 2332/3104/2307 2334/3109/2309
f 2335/3111/2310 2336/3113/2311 2261/3014/2235
f 2333/3112/2308 2261/3014/2235 2259/3011/2233
f 2336/3113/2311 2335/3111/2310 2337/3114/2312
f 2338/3115/2313 2339/3117/2315 2340/3116/2314
f 2336/3113/2311 2340/3116/2314 2262/3015/2236
f 2339/3117/2315 2341/3119/2317 2342/3118/2316
f 2340/3116/2314 2342/3118/2316 2263/3017/2238
f 2341/3119/2317 2343/3121/2319 2344/3120/2318
f 2342/3118/2316 2344/3120/2318 2265/3019/2240
f 2343/3121/2319 2345/3223/2321 2346/3122/2320
f 2344/3120/2318 2346/3122/2320 2267/3123/2242
f 2345/3124/2321 2347/3127/2323 2348/3125/2322
f 2346/3126/2320 2348/3125/2322 2269/3025/2244
f 2347/3127/2323 2349/3129/2325 2350/3128/2324
f 2348/3125/2322 2350/3128/2324 2271/3027/2246
f 2349/3129/2325 2351/3131/2327 2352/3130/2326
f 2350/3128/2324 2352/3130/2326 2273/3029/2248
f 2351/3131/2327 2353/3232/2329 2354/3132/2328
f 2352/3130/2326 2354/3132/2328 2275/3133/2250
f 2353/3134/2329 2355/3236/2407 2356/3135/2330
f 2354/3136/2328 2356/3135/2330 2277/3035/2252
f 2356/3135/2330 2355/3236/2407 2357/3137/2331
f 2356/3135/2330 2358/3138/2332 2279/3139/2333
f 2358/3138/2332 2357/3137/2331 2359/3140/2334
f 2360/3141/2335 2281/3039/2255 2279/3139/2333
f 2360/3141/2335 2359/3140/2334 2361/3142/2336
f 2362/3143/2337 2283/3042/2257 2281/3039/2255
f 2362/3143/2337 2361/3142/2336 2363/3144/2338
f 2364/3145/2339 2285/3044/2259 2283/3042/2257
f 2364/3145/2339 2363/3144/2338 2365/3146/2340
f 2366/3147/2341 2287/3046/2261 2285/3044/2259
f 2366/3147/2341 2365/3146/2340 2367/3148/2342
f 2368/3149/2343 2289/3048/2263 2287/3046/2261
f 2368/3150/2343 2367/3254/2342 2369/3151/2344
f 2370/3152/2345 2291/3052/2265 2289/3153/2263
f 2370/3152/2345 2369/3151/2344 2371/3154/2346
f 2372/3155/2347 2293/3054/2267 2291/3052/2265
f 2372/3155/2347 2371/3154/2346 2373/3156/2348
f 2374/3157/2349 2295/3056/2269 2293/3054/2267
f 2374/3157/2349 2373/3156/2348 2375/3158/2350
f 2376/3159/2351 2297/3058/2271 2295/3056/2269
f 2375/3160/2350 2377/3164/2353 2378/3161/2352
f 2378/3161/2352 2299/3061/2273 2297/3163/2271
f 2377/3164/2353 2379/3166/2355 2380/3165/2354
f 2378/3161/2352 2380/3165/2354 2301/3065/2276
f 2379/3166/2355 2381/3168/2357 2382/3167/2356
f 2380/3165/2354 2382/3167/2356 2303/3067/2278
f 2381/3168/2357 2383/3170/2359 2384/3169/2358
f 2382/3167/2356 2384/3169/2358 2305/3070/2280
f 2383/3170/2359 2385/3274/2361 2386/3171/2360
f 2384/3172/2358 2386/3176/2360 2307/3073/2282
f 2385/3174/2361 2387/3277/2439 2388/3175/2362
f 2386/3176/2360 2388/3175/2362 2309/3076/2284
f 2388/3175/2362 2387/3277/2439 2389/3177/2363
f 2388/3175/2362 2390/3178/2364 2311/3078/2286
f 2389/3177/2363 2391/3882/2366 2392/3179/2365
f 2390/3178/2364 2392/3179/2365 2313/3180/2288
f 2391/3181/2366 2393/3185/2368 2394/3182/2367
f 2392/3179/2365 2394/3883/2367 2315/3184/2290
f 2393/3185/2368 2395/3187/2370 2396/3186/2369
f 2394/3182/2367 2396/3186/2369 2317/3087/2293
f 2395/3187/2370 2397/3291/2451 2398/3188/2371
f 2396/3186/2369 2398/3188/2371 2319/3189/2372
f 2398/3188/2371 2397/3291/2451 2399/3190/2373
f 2398/3188/2371 2400/3191/2374 2401/3192/2375
f 2400/3191/2374 2402/3884/2378 2403/3193/2376
f 2401/3192/2375 2403/3193/2376 2328/3194/2303
f 2322/3195/2377 2320/3088/2294 2319/3189/2372
f 2402/3196/2378 2404/3199/2379 2331/3103/2306
f 2403/3193/2376 2331/3885/2306 2329/3198/2304
f 2404/3199/2379 2402/3196/2378 2405/3200/2380
f 2406/3201/2381 2407/3202/2382 2334/3109/2309
f 2404/3199/2379 2334/3109/2309 2332/3104/2307
f 2407/3202/2382 2406/3201/2381 2408/3203/2383
f 2409/3204/2384 2410/3208/2385 2337/3205/2312
f 2407/3206/2382 2337/3114/2312 2335/3111/2310
f 2410/3208/2385 2409/3204/2384 2411/3209/2386
f 2412/3211/2387 2413/3214/2389 2414/3212/2388
f 2410/3213/2385 2414/3212/2388 2338/3115/2313
f 2413/3214/2389 2415/3216/2391 2416/3215/2390
f 2414/3212/2388 2416/3215/2390 2339/3117/2315
f 2415/3216/2391 2417/3218/2393 2418/3217/2392
f 2416/3215/2390 2418/3217/2392 2341/3119/2317
f 2417/3218/2393 2419/3316/2395 2420/3219/2394
f 2418/3217/2392 2420/3219/2394 2343/3121/2319
f 2419/3220/2395 2421/3224/2397 2422/3221/2396
f 2420/3219/2394 2422/3886/2396 2345/3223/2321
f 2421/3224/2397 2423/3226/2399 2424/3225/2398
f 2422/3221/2396 2424/3225/2398 2347/3127/2323
f 2423/3226/2399 2425/3228/2401 2426/3227/2400
f 2424/3225/2398 2426/3227/2400 2349/3129/2325
f 2425/3228/2401 2427/3230/2403 2428/3229/2402
f 2426/3227/2400 2428/3229/2402 2351/3131/2327
f 2427/3230/2403 2429/3233/2405 2430/3231/2404
f 2428/3229/2402 2430/3231/2404 2353/3232/2329
f 2429/3233/2405 2431/3887/2481 2432/3234/2406
f 2430/3235/2404 2432/3240/2406 2355/3236/2407
f 2432/3234/2406 2431/3887/2481 2433/3237/2408
f 2434/3239/2409 2357/3137/2331 2355/3236/2407
f 2434/3239/2409 2433/3590/2408 2435/3241/2410
f 2436/3242/2411 2359/3140/2334 2357/3137/2331
f 2436/3242/2411 2435/3241/2410 2437/3243/2412
f 2438/3244/2413 2361/3142/2336 2359/3140/2334
f 2438/3244/2413 2437/3243/2412 2439/3245/2414
f 2440/3246/2415 2363/3144/2338 2361/3142/2336
f 2440/3246/2415 2439/3245/2414 2441/3247/2416
f 2442/3248/2417 2365/3146/2340 2363/3144/2338
f 2442/3248/2417 2441/3247/2416 2443/3249/2418
f 2444/3250/2419 2367/3148/2342 2365/3146/2340
f 2444/3251/2419 2443/3888/2418 2445/3252/2420
f 2446/3253/2421 2369/3151/2344 2367/3254/2342
f 2446/3253/2421 2445/3252/2420 2447/3255/2422
f 2448/3256/2423 2371/3154/2346 2369/3151/2344
f 2448/3256/2423 2447/3255/2422 2449/3257/2424
f 2450/3258/2425 2373/3156/2348 2371/3154/2346
f 2450/3258/2425 2449/3257/2424 2451/3259/2426
f 2452/3260/2427 2375/3158/2350 2373/3156/2348
f 2452/3260/2427 2451/3259/2426 2453/3261/2428
f 2452/3263/2427 2454/3266/2429 2377/3164/2353
f 2453/3264/2428 2455/3267/2431 2456/3265/2430
f 2454/3266/2429 2456/3265/2430 2379/3166/2355
f 2455/3267/2431 2457/3269/2433 2458/3268/2432
f 2456/3265/2430 2458/3268/2432 2381/3168/2357
f 2457/3269/2433 2459/3370/2435 2460/3270/2434
f 2458/3268/2432 2460/3270/2434 2383/3170/2359
f 2459/3271/2435 2461/3275/2437 2462/3272/2436
f 2460/3270/2434 2462/3889/2436 2385/3274/2361
f 2461/3275/2437 2463/3278/2440 2464/3276/2438
f 2462/3272/2436 2464/3276/2438 2387/3277/2439
f 2463/3278/2440 2465/3890/2515 2466/3279/2441
f 2466/3279/2441 2389/3177/2363 2387/3277/2439
f 2466/3279/2441 2465/3890/2515 2467/3280/2442
f 2468/3281/2443 2391/3882/2366 2389/3177/2363
f 2468/3281/2443 2467/3280/2442 2469/3282/2444
f 2470/3284/2445 2393/3185/2368 2391/3181/2366
f 2470/3284/2445 2469/3388/2444 2471/3286/2446
f 2472/3287/2447 2395/3187/2370 2393/3185/2368
f 2472/3287/2447 2471/3286/2446 2473/3288/2448
f 2474/3289/2449 2397/3291/2451 2395/3187/2370
f 2473/3288/2448 2475/3292/2452 2476/3290/2450
f 2474/3289/2449 2476/3290/2450 2399/3190/2373
f 2475/3292/2452 2477/3393/2454 2478/3293/2453
f 2476/3290/2450 2478/3293/2453 2405/3294/2380
f 2477/3295/2454 2479/3303/2455 2408/3203/2383
f 2478/3296/2453 2408/3203/2383 2406/3201/2381
f 2479/3297/2455 2477/3393/2454 2480/3298/2456
f 2481/3300/2457 2482/3304/2458 2411/3301/2386
f 2479/3303/2455 2411/3209/2386 2409/3204/2384
f 2482/3304/2458 2481/3300/2457 2483/3305/2459
f 2484/3306/2460 2485/3308/2462 2486/3307/2461
f 2482/3304/2458 2486/3307/2461 2412/3211/2387
f 2485/3308/2462 2487/3310/2464 2488/3309/2463
f 2486/3307/2461 2488/3309/2463 2413/3214/2389
f 2487/3310/2464 2489/3312/2466 2490/3311/2465
f 2488/3309/2463 2490/3311/2465 2415/3216/2391
f 2489/3312/2466 2491/3314/2468 2492/3313/2467
f 2490/3311/2465 2492/3313/2467 2417/3218/2393
f 2491/3314/2468 2493/3317/2470 2494/3315/2469
f 2492/3313/2467 2494/3315/2469 2419/3316/2395
f 2493/3317/2470 2495/3891/2472 2496/3318/2471
f 2494/3315/2469 2496/3318/2471 2421/3319/2397
f 2495/3320/2472 2497/3324/2474 2498/3321/2473
f 2496/3323/2471 2498/3892/2473 2423/3226/2399
f 2497/3324/2474 2499/3328/2476 2500/3325/2475
f 2498/3321/2473 2500/3325/2475 2425/3326/2401
f 2499/3328/2476 2501/3331/2478 2502/3329/2477
f 2500/3325/2475 2502/3329/2477 2427/3330/2403
f 2501/3331/2478 2503/3334/2480 2504/3332/2479
f 2502/3329/2477 2504/3332/2479 2429/3333/2405
f 2503/3334/2480 83/3338/2484 82/74/62
f 2504/3332/2479 82/74/62 2431/3335/2481
f 2503/3334/2480 2501/3331/2478 2505/3336/2482
f 2506/3337/2483 2507/3339/2485 83/3338/2484
f 2507/3339/2485 2506/3337/2483 2508/3340/2486
f 2509/3341/2487 2510/3343/2489 2511/3342/2488
f 2507/3339/2485 2511/3342/2488 84/75/63
f 2510/3343/2489 2439/3245/2414 2437/3243/2412
f 2511/3342/2488 2437/3243/2412 2435/3241/2410
f 2510/3343/2489 2509/3341/2487 2512/3344/2490
f 2513/3345/2491 2441/3247/2416 2439/3245/2414
f 2513/3345/2491 2512/3344/2490 2514/3346/2492
f 2515/3347/2493 2443/3249/2418 2441/3247/2416
f 2515/3347/2493 2514/3346/2492 2516/3348/2494
f 2517/3349/2495 2445/3893/2420 2443/3249/2418
f 2517/3349/2495 2516/3348/2494 2518/3350/2496
f 2519/3352/2497 2447/3255/2422 2445/3252/2420
f 2519/3354/2497 2518/3439/2496 2520/3355/2498
f 2521/3357/2499 2449/3257/2424 2447/3255/2422
f 2521/3356/2499 2520/3355/2498 2522/3358/2500
f 2523/3359/2501 2451/3363/2426 2449/3360/2424
f 2523/3359/2501 2522/3358/2500 2524/3361/2502
f 2525/3362/2503 2453/3264/2428 2451/3363/2426
f 2525/3362/2503 2524/3361/2502 2526/3364/2504
f 2525/3362/2503 2527/3365/2505 2455/3267/2431
f 2527/3365/2505 2526/3364/2504 2528/3366/2506
f 2527/3365/2505 2529/3367/2507 2457/3269/2433
f 2529/3367/2507 2528/3366/2506 2530/3368/2508
f 2529/3367/2507 2531/3369/2509 2459/3370/2435
f 2531/3369/2509 2530/3368/2508 2532/3371/2510
f 2533/3372/2511 2461/3376/2437 2459/3370/2435
f 2533/3372/2511 2532/3371/2510 2534/3373/2512
f 2533/3372/2511 2535/3374/2513 2463/3375/2440
f 2534/3373/2512 2536/3894/2516 2537/3377/2514
f 2535/3374/2513 2537/3377/2514 2465/3378/2515
f 2536/3379/2516 2538/3383/2518 2539/3380/2517
f 2539/3380/2517 2467/3385/2442 2465/3382/2515
f 2538/3383/2518 2540/3466/2579 2541/3384/2519
f 2541/3384/2519 2469/3388/2444 2467/3385/2442
f 2541/3384/2519 2540/3466/2579 2542/3386/2520
f 2543/3387/2521 2471/3286/2446 2469/3388/2444
f 2542/3386/2520 2544/3390/2523 2545/3389/2522
f 2545/3389/2522 2473/3288/2448 2471/3286/2446
f 2544/3390/2523 2546/3392/2525 2547/3391/2524
f 2545/3389/2522 2547/3391/2524 2475/3292/2452
f 2546/3392/2525 2548/3394/2526 2480/3298/2456
f 2547/3391/2524 2480/3298/2456 2477/3393/2454
f 2548/3394/2526 2546/3392/2525 2549/3395/2527
f 2550/3396/2528 2551/3895/2529 2483/3397/2459
f 2548/3394/2526 2483/3397/2459 2481/3299/2457
f 2551/3398/2529 2550/3896/2528 2552/3399/2530
f 2553/3401/2531 2554/3404/2533 2555/3402/2532
f 2551/3403/2529 2555/3402/2532 2484/3306/2460
f 2554/3404/2533 2556/3406/2535 2557/3405/2534
f 2555/3402/2532 2557/3405/2534 2485/3308/2462
f 2556/3406/2535 2558/3408/2537 2559/3407/2536
f 2557/3405/2534 2559/3407/2536 2487/3310/2464
f 2558/3408/2537 2560/3897/2539 2561/3409/2538
f 2559/3407/2536 2561/3409/2538 2489/3312/2466
f 2560/3410/2539 2562/3492/2601 2563/3411/2540
f 2561/3409/2538 2563/3413/2540 2491/3314/2468
f 2563/3413/2540 2564/3898/2541 2493/3317/2470
f 2564/3414/2541 2565/3420/2542 2495/3320/2472
f 2565/3416/2542 2564/3589/2541 2566/3417/2543
f 2567/3418/2544 2568/3732/2546 2569/3419/2545
f 2565/3420/2542 2569/3423/2545 2497/3324/2474
f 2568/3421/2546 2570/3424/2548 2571/3422/2547
f 2569/3423/2545 2571/3422/2547 2499/3328/2476
f 2570/3424/2548 2572/3425/2549 2505/3336/2482
f 2571/3422/2547 2505/3336/2482 2501/3331/2478
f 2572/3425/2549 2570/3424/2548 2573/3426/2550
f 2574/3427/2551 2575/3428/2552 2508/3340/2486
f 2572/3425/2549 2508/3340/2486 2506/3337/2483
f 2575/3428/2552 2574/3427/2551 2576/3429/2553
f 2577/3430/2554 2514/3346/2492 2512/3344/2490
f 2575/3428/2552 2512/3344/2490 2509/3341/2487
f 2577/3430/2554 2576/3429/2553 2578/3431/2555
f 2579/3432/2556 2516/3348/2494 2514/3346/2492
f 2579/3432/2556 2578/3431/2555 2580/3433/2557
f 2581/3434/2558 2518/3350/2496 2516/3348/2494
f 2581/3435/2558 2580/3899/2557 2582/3436/2559
f 2583/3438/2560 2520/3355/2498 2518/3439/2496
f 2583/3438/2560 2582/3900/2559 2584/3441/2561
f 2585/3443/2562 2522/3901/2500 2520/3444/2498
f 2585/3442/2562 2584/3441/2561 2586/3446/2563
f 2587/3447/2564 2524/3361/2502 2522/3358/2500
f 2586/3446/2563 2588/3902/2618 2589/3448/2565
f 2589/3448/2565 2526/3364/2504 2524/3361/2502
f 2589/3448/2565 2588/3902/2618 2590/3449/2566
f 2591/3450/2567 2528/3366/2506 2526/3364/2504
f 2591/3450/2567 2590/3449/2566 2592/3451/2568
f 2593/3452/2569 2530/3368/2508 2528/3366/2506
f 2593/3452/2569 2592/3451/2568 2594/3453/2570
f 2595/3454/2571 2532/3371/2510 2530/3368/2508
f 2595/3454/2571 2594/3453/2570 2596/3455/2572
f 2597/3456/2573 2534/3373/2512 2532/3371/2510
f 2596/3457/2572 2598/3532/2575 2599/3458/2574
f 2599/3460/2574 2536/3894/2516 2534/3373/2512
f 2598/3461/2575 2600/3464/2577 2601/3462/2576
f 2599/3463/2574 2601/3462/2576 2538/3383/2518
f 2600/3464/2577 2602/3467/2580 2603/3465/2578
f 2601/3462/2576 2603/3465/2578 2540/3466/2579
f 2602/3467/2580 2604/3469/2582 2605/3468/2581
f 2603/3465/2578 2605/3468/2581 2542/3386/2520
f 2604/3469/2582 2606/3471/2584 2607/3470/2583
f 2605/3468/2581 2607/3470/2583 2544/3390/2523
f 2606/3471/2584 2608/3475/2585 2549/3395/2527
f 2607/3470/2583 2549/3395/2527 2546/3392/2525
f 2608/3472/2585 2606/3540/2584 2609/3473/2586
f 2610/3474/2587 2611/3476/2588 2552/3399/2530
f 2608/3475/2585 2552/3903/2530 2550/3396/2528
f 2611/3476/2588 2610/3474/2587 2612/3477/2589
f 2613/3478/2590 2614/3480/2592 2615/3479/2591
f 2611/3476/2588 2615/3479/2591 2553/3400/2531
f 2614/3480/2592 2616/3483/2594 2617/3481/2593
f 2615/3479/2591 2617/3481/2593 2554/3482/2533
f 2616/3483/2594 2618/3486/2596 2619/3484/2595
f 2617/3481/2593 2619/3484/2595 2556/3485/2535
f 2618/3486/2596 78/3489/2598 2620/3487/2597
f 2619/3484/2595 2620/3487/2597 2558/3488/2537
f 78/3489/2598 77/71/59 2621/3490/2599
f 2620/3487/2597 2621/3490/2599 2560/3410/2539
f 77/71/59 80/73/61 2622/3491/2600
f 2621/3490/2599 2622/3491/2600 2562/3492/2601
f 2622/3491/2600 80/73/61 2623/3493/2602
f 2622/3491/2600 2624/3494/2603 2566/3417/2543
f 2624/3494/2603 2623/3493/2602 2625/3495/2604
f 2626/3496/2605 2627/3498/2606 2573/3497/2550
f 2624/3494/2603 2573/3497/2550 2567/3418/2544
f 2627/3498/2606 2626/3496/2605 2628/3499/2607
f 2629/3500/2608 2578/3505/2555 2576/3501/2553
f 2627/3502/2606 2576/3429/2553 2574/3427/2551
f 2629/3500/2608 2628/3499/2607 2630/3503/2609
f 2631/3504/2610 2580/3508/2557 2578/3505/2555
f 2631/3504/2610 2630/3503/2609 2632/3506/2611
f 2633/3507/2612 2582/3511/2559 2580/3508/2557
f 2633/3507/2612 2632/3506/2611 2634/3509/2613
f 2635/3510/2614 2584/3514/2561 2582/3511/2559
f 2635/3510/2614 2634/3509/2613 2636/3512/2615
f 2637/3513/2616 2586/3517/2563 2584/3514/2561
f 2636/3512/2615 2638/3518/2619 2639/3515/2617
f 2637/3513/2616 2639/3515/2617 2588/3516/2618
f 2638/3518/2619 2640/3521/2621 2641/3519/2620
f 2639/3515/2617 2641/3519/2620 2590/3520/2566
f 2640/3521/2621 2642/3524/2623 2643/3522/2622
f 2641/3519/2620 2643/3522/2622 2592/3523/2568
f 2642/3524/2623 2644/3527/2625 2645/3525/2624
f 2643/3522/2622 2645/3525/2624 2594/3526/2570
f 2644/3527/2625 60/53/41 2646/3528/2626
f 2645/3525/2624 2646/3528/2626 2596/3457/2572
f 2646/3528/2626 60/53/41 59/52/40
f 2647/3529/2627 2598/3532/2575 2596/3457/2572
f 2647/3529/2627 59/52/40 2648/3530/2628
f 2649/3531/2629 2600/3535/2577 2598/3532/2575
f 2649/3531/2629 2648/3530/2628 2650/3533/2630
f 2651/3534/2631 2602/3539/2580 2600/3535/2577
f 2651/3534/2631 2650/3533/2630 2652/3536/2632
f 2651/3534/2631 2653/3537/2633 2604/3538/2582
f 2652/3536/2632 2654/3541/2634 2609/3473/2586
f 2653/3537/2633 2609/3473/2586 2606/3540/2584
f 2654/3541/2634 2652/3536/2632 2655/3542/2635
f 2656/3543/2636 2657/3544/2637 2612/3477/2589
f 2654/3541/2634 2612/3477/2589 2610/3474/2587
f 2657/3544/2637 2656/3543/2636 52/44/32
f 51/43/31 2658/3546/2639 2659/3545/2638
f 2657/3544/2637 2659/3545/2638 2613/3478/2590
f 2658/3546/2639 2660/3548/2641 2661/3547/2640
f 2659/3545/2638 2661/3547/2640 2614/3480/2592
f 2660/3548/2641 2662/3550/2643 2663/3549/2642
f 2661/3547/2640 2663/3549/2642 2616/3483/2594
f 2662/3550/2643 2664/3552/2645 2665/3551/2644
f 2663/3549/2642 2665/3551/2644 2618/3486/2596
f 2664/3552/2645 2666/3553/2646 79/72/60
f 2665/3551/2644 79/72/60 78/3489/2598
f 2666/3553/2646 2664/3552/2645 2667/3554/2647
f 2668/3555/2648 2625/3495/2604 2623/3493/2602
f 2666/3553/2646 2623/3493/2602 80/73/61
f 2668/3555/2648 2667/3554/2647 2669/3556/2649
f 2670/3557/2650 2671/3558/2651 2625/3495/2604
f 2671/3558/2651 2670/3557/2650 90/82/70
f 2672/3559/2652 2630/3503/2609 2628/3499/2607
f 2671/3558/2651 2628/3499/2607 2626/3496/2605
f 2672/3559/2652 90/82/70 89/81/69
f 2673/3560/2653 2632/3506/2611 2630/3503/2609
f 89/81/69 88/80/68 2674/3561/2654
f 2674/3561/2654 2634/3509/2613 2632/3506/2611
f 88/80/68 2675/3563/2656 2676/3562/2655
f 2674/3561/2654 2676/3562/2655 2636/3512/2615
f 2675/3563/2656 2677/3565/2658 2678/3564/2657
f 2676/3562/2655 2678/3564/2657 2638/3518/2619
f 2677/3565/2658 2679/3567/2660 2680/3566/2659
f 2678/3564/2657 2680/3566/2659 2640/3521/2621
f 2679/3567/2660 2681/3569/2662 2682/3568/2661
f 2680/3566/2659 2682/3568/2661 2642/3524/2623
f 2681/3569/2662 57/50/38 56/3570/2663
f 2682/3568/2661 56/3570/2663 2644/3527/2625
f 2681/3569/2662 2679/3567/2660 2683/3571/2664
f 2684/3572/2665 2685/3573/2666 57/50/38
f 2685/3573/2666 2684/3572/2665 2686/3574/2667
f 2687/3575/2668 2688/3577/2670 2689/3576/2669
f 2685/3573/2666 2689/3576/2669 58/51/39
f 2688/3577/2670 2650/3533/2630 2648/3530/2628
f 2689/3576/2669 2648/3530/2628 59/52/40
f 2688/3577/2670 2687/3575/2668 53/45/33
f 2655/3542/2635 2652/3536/2632 2650/3533/2630
f 2687/3575/2668 2686/3574/2667 54/46/34
f 2686/3574/2667 2690/3578/2671 55/47/35
f 2684/3572/2665 2683/3571/2664 2690/3578/2671
f 2690/3578/2671 2691/3580/2673 2692/3579/2672
f 2683/3571/2664 2693/3581/2674 2691/3580/2673
f 2693/3581/2674 2694/3583/2676 2695/3582/2675
f 2693/3581/2674 2683/3571/2664 2679/3567/2660
f 2677/3565/2658 2675/3563/2656 2694/3583/2676
f 2696/3584/2677 2692/3579/2672 2691/3580/2673
f 2695/3582/2675 2694/3583/2676 87/79/67
f 2695/3582/2675 86/78/66 2697/3585/2678
f 2698/3586/2679 2699/3588/2681 2696/3584/2677
f 86/78/66 85/83/71 2669/3556/2649
f 2697/3585/2678 2669/3556/2649 2667/3554/2647
f 2660/3548/2641 2658/3546/2639 2700/3587/2680
f 2699/3588/2681 2700/3587/2680 2692/3579/2672
f 2699/3588/2681 2698/3586/2679 2662/3550/2643
f 2658/3546/2639 51/43/31 50/48/36
f 2700/3587/2680 50/48/36 55/47/35
f 2698/3586/2679 2667/3554/2647 2664/3552/2645
f 2675/3563/2656 88/80/68 87/79/67
f 2670/3557/2650 2669/3556/2649 85/83/71
f 2655/3542/2635 53/45/33 52/44/32
f 56/3570/2663 8/49/37 60/53/41
f 2564/3589/2541 2563/3411/2540 2562/3492/2601
f 2435/3241/2410 2433/3590/2408 81/76/64
f 2431/3335/2481 82/74/62 81/76/64
f 2405/3294/2380 2402/3884/2378 2400/3191/2374
f 2325/3098/2301 2323/3093/2296 2322/3591/2377
f 2246/2997/2221 2244/2989/2216 2243/3096/2300
f 2165/2894/2139 2163/2889/2134 2162/2995/2220
f 2082/2787/2055 2080/2782/2050 2079/2891/2138
f 1997/2678/1969 1995/2673/1964 1994/2785/2054
f 1910/2564/1880 1908/2556/1875 1907/2677/1968
f 1817/3593/1788 1815/2425/1780 1814/3594/1879
f 1620/3595/1586 1618/2148/1581 1617/2303/1688
f 1515/3596/1477 1507/3904/1469 1505/3597/1467
f 1396/1825/1357 1383/1808/1344 1381/1806/1342
f 1252/3598/1210 1235/1610/1189 1233/1608/1187
f 1249/3599/1208 1238/1614/1193 1236/1611/1190
f 2701/3600/2682 480/3905/2690 2702/3601/2683
f 1074/3602/2684 2702/3601/2683 1069/3603/2685
f 1074/3602/2684 1073/1384/1026 2703/3604/2686
f 2704/3605/2687 483/3610/2689 2701/3606/2682
f 1073/1384/1026 526/1386/480 524/3608/478
f 2703/3607/2686 524/591/478 522/588/476
f 486/3609/2688 484/530/432 483/3610/2689
f 2704/3605/2687 522/588/476 520/586/474
f 480/3611/2690 478/519/426 477/3612/2691
f 2702/3613/2683 477/3612/2691 2705/3614/2692
f 477/3612/2691 475/516/423 474/3616/2693
f 2705/3614/2692 474/3616/2693 2706/3617/2694
f 1064/3619/2695 1063/1378/1020 1069/3603/2685
f 474/3616/2693 472/513/420 471/3621/2696
f 2706/3622/2694 471/3906/2696 2707/3623/2697
f 1059/3624/2698 1058/1374/1017 1064/3619/2695
f 471/3621/2696 469/510/417 468/3625/2699
f 2707/3623/2697 468/3629/2699 2708/3627/2700
f 1054/3628/2701 1053/1369/1014 1059/3624/2698
f 468/3629/2699 466/506/414 465/3630/2702
f 2708/3627/2700 465/3630/2702 2709/3631/2703
f 1049/3632/2704 1048/1370/1011 1054/3628/2701
f 465/3630/2702 463/501/411 462/3633/2705
f 2709/3634/2703 462/3731/2705 105/98/86
f 1044/3635/2706 1043/1361/1006 1049/3636/2704
f 483/3637/2689 481/522/429 480/3611/2690
f 1044/3635/2706 105/98/86 104/97/85
f 1012/3639/973 693/3721/2709 2710/3640/2707
f 2711/3641/2708 1008/3646/969 1007/3642/971
f 1011/1322/975 694/824/647 693/3643/2709
f 2711/3641/2708 2710/3640/2707 2712/3644/2710
f 2713/3645/2711 2714/3907/2712 1008/3646/969
f 2714/3647/2712 2713/3908/2711 2715/3648/2713
f 2716/3650/2714 2717/3682/2716 2718/3651/2715
f 2714/3652/2712 2718/3651/2715 1009/1314/970
f 2717/3653/2716 2719/3909/2718 2720/3654/2717
f 2718/3655/2715 2720/3654/2717 1002/3656/963
f 2719/3658/2718 2721/3665/2719 999/1297/960
f 2720/3659/2717 999/1297/960 998/1298/961
f 2721/3661/2719 2719/3680/2718 2722/3662/2720
f 2723/3663/2721 2724/3666/2722 996/3664/957
f 2721/3665/2719 996/1294/957 995/1295/958
f 2724/3666/2722 2723/3663/2721 2725/3667/2723
f 2726/3668/2724 2727/3670/2725 993/1290/954
f 2724/3666/2722 993/1290/954 992/3669/955
f 2727/3670/2725 2726/3668/2724 945/3671/907
f 943/3672/905 941/3910/903 990/1285/951
f 2727/3670/2725 990/1285/951 989/1288/952
f 2726/3668/2724 2725/3667/2723 947/1219/909
f 2725/3667/2723 2728/3673/2726 949/1223/911
f 2723/3663/2721 2722/3662/2720 2728/3673/2726
f 2728/3673/2726 2729/3675/2727 951/3674/913
f 2722/3662/2720 2730/3679/2728 2729/3675/2727
f 2730/3676/2728 2731/3683/2730 2732/3677/2729
f 2730/3679/2728 2722/3662/2720 2719/3680/2718
f 2717/3682/2716 2716/3650/2714 2731/3683/2730
f 2732/3684/2729 2733/3689/2731 955/3685/917
f 953/3687/915 951/1227/913 2729/3678/2727
f 2731/3688/2730 2734/3690/2732 2733/3689/2731
f 2734/3690/2732 2735/3692/2734 2736/3691/2733
f 2734/3690/2732 2731/3688/2730 2716/3649/2714
f 2715/3648/2713 2737/3693/2735 2735/3692/2734
f 2737/3693/2735 2738/3704/2737 2739/3694/2736
f 2737/3695/2735 2715/3911/2713 2713/3645/2711
f 2712/3644/2710 2740/3697/2738 2738/3696/2737
f 2740/3697/2738 687/3700/2741 2741/3698/2739
f 2740/3697/2738 2712/3644/2710 2710/3640/2707
f 690/3699/2740 688/816/643 687/3700/2741
f 2741/3701/2739 2742/3912/2744 2743/3702/2742
f 2744/3703/2743 2739/3694/2736 2738/3704/2737
f 687/3700/2741 685/815/642 2742/3705/2744
f 2744/3703/2743 2743/3702/2742 965/3706/927
f 964/3707/926 2745/3710/2745 2739/3694/2736
f 2745/3708/2745 964/1244/926 961/1242/924
f 959/1240/922 957/1237/919 2736/3709/2733
f 2745/3710/2745 2736/3691/2733 2735/3692/2734
f 2743/3702/2742 2746/3913/2746 966/3711/929
f 2742/3705/2744 2747/3714/2747 2746/3712/2746
f 2747/3714/2747 680/804/636 2748/3715/2748
f 2747/3714/2747 2742/3705/2744 685/815/642
f 2747/3714/2747 683/812/640 681/805/637
f 2748/3716/2748 976/3914/937 970/3717/933
f 968/1249/931 966/1247/929 2746/3718/2746
f 680/804/636 678/3770/634 976/3719/937
f 957/1237/919 955/1235/917 2733/3720/2731
f 693/3721/2709 691/818/645 690/3699/2740
f 1003/1303/964 657/1302/611 20/3722/609
f 941/1213/903 940/1211/901 987/3723/949
f 983/1270/944 982/1269/943 934/1206/896
f 932/1204/894 930/1200/892 975/3725/936
f 982/1269/943 939/1210/900 936/1208/898
f 977/1260/938 976/1259/937 678/798/634
f 930/3726/892 928/1196/890 972/1255/934
f 916/1180/876 914/1175/873 913/1239/921
f 796/986/755 794/982/751 793/1067/805
f 738/886/694 730/885/683 729/985/754
f 548/3727/503 546/622/499 545/3728/1038
f 489/585/473 487/531/435 486/3609/2688
f 501/550/447 499/3764/445 498/3730/467
f 513/566/460 512/565/459 501/550/447
f 512/565/459 504/555/450 502/551/448
f 510/563/457 62/54/42 504/555/450
f 504/555/450 62/54/42 61/56/44
f 462/3731/2705 460/3915/408 100/94/82
f 120/116/100 98/92/80 97/95/83
f 451/482/395 157/159/134 153/155/130
f 314/305/257 313/304/256 96/89/77
